Iteration	Posterior	Likelihood	Prior	rate_log_sd	rate_loss	rate_neo	tree_length
0	-247.1365	-317.0593	69.92277	1.521121	0.08479012	0.01653125	0.8266129
6	-238.8319	-308.4791	69.64723	1.104489	0.06846972	0.01653125	1.513072
12	-243.7248	-313.3287	69.60389	1.165119	0.06846972	0.03645498	1.456379
18	-239.5916	-308.4947	68.90314	1.025021	0.18945	0.03415711	1.738058
24	-237.0429	-307.0244	69.98142	0.9757061	0.02984861	0.0119871	1.483787
30	-229.4921	-299.1088	69.61671	1.496084	0.1105831	0.03105273	1.030197
36	-243.5612	-311.0601	67.4989	1.809698	0.8273102	0.02963021	1.373738
42	-239.0946	-308.1354	69.04074	1.885179	0.2606792	0.02963021	0.680738
48	-235.5764	-304.815	69.23862	1.705394	0.2606792	0.03513099	0.5767786
54	-232.7303	-301.7951	69.06478	1.784579	0.2606792	0.04993564	0.382876
60	-253.3129	-322.0181	68.70519	2.181951	0.2606792	0.04356641	0.3930854
66	-250.4727	-319.2732	68.80056	2.112049	0.2112139	0.04356641	0.2828139
72	-241.3343	-311.0989	69.76452	1.884011	0.03205765	0.005256277	0.560361
78	-243.5636	-313.7581	70.19445	1.552376	0.02785105	0.007057023	0.560361
84	-242.7774	-312.9927	70.21523	1.530132	0.02785105	0.007057023	0.5668507
90	-245.8044	-315.3635	69.5591	1.543755	0.04640607	0.005023157	1.151808
96	-249.6766	-319.5849	69.90824	1.178822	0.01678989	0.007358034	1.342462
102	-238.8591	-309.0726	70.21353	1.397172	0.01678989	0.011896	0.9459391
108	-238.3674	-308.7726	70.40518	1.382144	0.01080597	0.00967051	0.4155039
114	-245.6593	-316.0358	70.37651	1.409545	0.02525229	0.0126874	0.7168509
120	-237.5449	-307.3293	69.78442	1.581326	0.1072314	0.05040177	0.5517582
126	-235.7683	-304.8772	69.1089	1.412153	0.3364946	0.05040177	0.863936
132	-239.5599	-309.577	70.01708	0.9871455	0.1559228	0.05040177	0.8670592
138	-240.3588	-308.1894	67.83061	1.262277	1.203108	0.03590351	1.222145
144	-247.3511	-316.5823	69.23119	0.993248	0.3450354	0.07492376	1.031955
150	-245.0088	-313.9032	68.89435	1.357856	0.3321425	0.07492376	1.031955
156	-248.7882	-317.6147	68.82642	1.654722	0.2939269	0.07492376	0.8827424
162	-252.4505	-321.4775	69.027	1.880349	0.2939269	0.02292351	0.5836674
168	-248.168	-317.4375	69.26952	2.127524	0.1196053	0.01032093	0.5776329
174	-248.7422	-318.0293	69.28705	1.767912	0.1873133	0.0318752	0.7867321
180	-255.6219	-325.1287	69.50684	1.354663	0.1873133	0.03593374	0.988327
186	-244.5337	-314.4535	69.91981	1.325549	0.1008726	0.03402696	0.9220166
192	-238.6584	-308.5505	69.89205	1.207007	0.1329642	0.03107712	0.9561941
198	-252.5227	-320.8018	68.2791	1.092736	0.2271042	0.05158322	1.984882
204	-250.7077	-318.4862	67.77854	1.637248	1.168831	0.03185542	0.9687658
210	-258.9359	-326.0893	67.15339	1.036393	0.9108347	0.08611475	1.91846
216	-248.278	-316.3824	68.10439	0.7778216	0.2082852	0.2212471	1.91846
222	-243.4011	-310.8799	67.47876	1.275914	0.9615379	0.05003887	1.607616
228	-245.2844	-313.3339	68.04945	1.288549	0.9615379	0.02804706	1.236501
234	-250.148	-318.2614	68.11343	1.490189	0.9615379	0.04884114	0.8911531
240	-247.9456	-315.747	67.8014	1.750704	1.195493	0.04884114	0.6427116
246	-257.796	-325.9662	68.17022	1.485208	0.902935	0.04168741	0.94142
252	-255.6272	-323.8264	68.19923	1.12195	0.902935	0.09298131	1.031582
258	-251.0374	-320.3918	69.35439	1.051926	0.1515164	0.09298131	1.259321
264	-246.9872	-316.4933	69.5061	0.8632527	0.1515164	0.04665516	1.463129
270	-256.3407	-325.5997	69.25902	1.213076	0.2555003	0.03463458	1.17727
276	-242.287	-312.1881	69.90116	1.153364	0.09448168	0.01867759	1.17727
282	-235.5306	-305.481	69.9504	1.295964	0.09071851	0.01551753	1.012507
288	-240.6432	-309.2343	68.59103	1.066048	0.5321671	0.04156608	1.36781
294	-239.4894	-307.4774	67.98801	1.366657	0.5321671	0.05578819	1.54406
300	-237.2845	-305.8324	68.54794	1.155391	0.5321671	0.08818663	1.142102
306	-242.3193	-311.7741	69.45479	1.331262	0.1164871	0.0647967	1.157689
312	-247.0488	-316.3094	69.26069	1.399288	0.2688375	0.01832087	1.020144
318	-234.125	-303.1813	69.05625	1.603734	0.2688375	0.01832087	1.020144
324	-234.5812	-304.2964	69.71513	1.450783	0.1305904	0.03536766	0.8708981
330	-235.4395	-305.0871	69.64757	1.647259	0.1305904	0.03103749	0.7231958
336	-235.2476	-303.7897	68.5421	1.482806	0.4139966	0.05468709	1.17835
342	-238.1024	-307.7601	69.65768	1.642902	0.1177729	0.05359992	0.580099
348	-242.7632	-311.5043	68.74116	1.578683	0.3246641	0.06230649	1.041122
354	-241.0753	-310.8511	69.77581	1.074469	0.09461619	0.04779816	1.252651
360	-235.9235	-306.2518	70.32832	1.182533	0.03496924	0.01279743	1.003177
366	-242.2593	-312.1	69.84067	1.438356	0.04703764	0.007968245	1.100808
372	-237.5127	-307.1344	69.62172	1.580781	0.05795797	0.009113235	1.143673
378	-237.7801	-307.2464	69.46627	1.652584	0.05795797	0.005783985	1.124425
384	-241.4289	-311.8012	70.37231	1.34198	0.02640843	0.008265736	0.7260303
390	-248.0969	-318.1758	70.07885	1.694523	0.01435761	0.01127938	0.7260303
396	-243.1627	-313.3294	70.16675	1.235831	0.01435761	0.004329153	0.9078046
402	-232.551	-302.8085	70.25751	1.276689	0.03640093	0.01271891	0.9721979
408	-241.3105	-311.3445	70.03393	1.446374	0.07068526	0.01144869	0.8302244
414	-239.7566	-309.8663	70.10967	1.360558	0.07068526	0.03171325	0.8302244
420	-253.0709	-321.7837	68.71272	1.895105	0.3514249	0.0515496	0.6876394
426	-249.0252	-317.7486	68.72344	1.936314	0.3514249	0.0515496	0.4531156
432	-252.64	-322.8285	70.18855	1.17965	0.07927415	0.03771662	0.8716013
438	-242.7637	-312.5676	69.80388	1.263388	0.1543795	0.02728056	0.9242511
444	-236.9394	-306.0311	69.09169	1.115138	0.2511407	0.05768378	1.313357
450	-238.2118	-307.8108	69.59892	1.524261	0.1502865	0.05768378	0.6708668
456	-252.3912	-320.6814	68.29018	1.38832	0.9181266	0.07479834	0.6708668
462	-247.3156	-315.4569	68.14129	1.701051	0.7433952	0.09353209	0.493045
468	-250.699	-318.9526	68.25363	1.81083	0.5409764	0.09353209	0.6931034
474	-249.6161	-318.4707	68.85457	2.47544	0.1040884	0.01503664	0.2583446
480	-245.6569	-311.9972	66.34038	2.348171	1.919551	0.07475354	0.225135
486	-252.4661	-319.037	66.57096	2.39187	2.198801	0.02656779	0.3665075
492	-244.2736	-310.8915	66.61784	1.901924	2.923924	0.04832952	0.3791602
498	-239.8976	-308.0323	68.13462	1.943081	0.6696417	0.04766327	0.7244731
504	-236.0124	-305.2445	69.23217	1.596824	0.2769788	0.04766327	0.6168888
510	-233.6788	-302.8881	69.20924	1.606864	0.2769788	0.05023157	0.6168888
516	-242.8611	-312.3786	69.51758	1.492543	0.1967832	0.04028047	0.7533617
522	-234.7338	-304.0523	69.31843	1.596175	0.1967832	0.05892918	0.7570016
528	-241.6175	-310.923	69.30543	1.447735	0.260522	0.05892918	0.7343008
534	-246.7059	-314.2085	67.50264	1.728745	1.28124	0.06427445	0.8922214
540	-254.2942	-322.1986	67.90449	1.207151	0.6538458	0.06169191	1.56985
546	-244.832	-312.4242	67.59223	1.320747	0.6538458	0.05962351	1.719937
552	-246.0326	-314.1573	68.1247	1.99582	0.7028391	0.04594322	0.4936846
558	-253.4867	-321.2604	67.77373	1.936586	0.7028391	0.04594322	1.098848
564	-239.6268	-308.5506	68.92381	2.119724	0.221597	0.02836225	0.3648056
570	-241.301	-309.5603	68.25932	1.720086	0.7756085	0.04309408	0.7014402
576	-237.9111	-306.7311	68.81996	1.64603	0.1914229	0.07509733	1.166613
582	-256.803	-325.5046	68.7016	1.804268	0.4097872	0.059115	0.5482753
588	-249.03	-317.6817	68.65176	1.802043	0.4097872	0.07068322	0.4929545
594	-241.2057	-310.6406	69.43491	1.802043	0.1380548	0.04704674	0.3855522
600	-246.0939	-315.8307	69.73677	1.770201	0.09097294	0.03638807	0.4672966
606	-251.2946	-320.9071	69.61244	1.821554	0.09097294	0.01705332	0.8046243
612	-253.9761	-323.889	69.91295	1.696301	0.04849909	0.0482352	0.6638318
618	-238.8961	-309.0643	70.16824	1.187893	0.09076842	0.03789235	0.8219374
624	-250.3354	-319.1341	68.79868	2.147226	0.1554542	0.09540538	0.3853304
630	-243.1995	-312.8419	69.64243	1.393166	0.1390503	0.09078253	0.606001
636	-252.0504	-321.0153	68.96487	1.347305	0.196861	0.09078253	1.223257
642	-247.7252	-317.0514	69.32613	1.682317	0.1857524	0.03440748	0.8387983
648	-251.5057	-321.4485	69.9428	1.682317	0.05466579	0.03672055	0.6831229
654	-237.0888	-306.3295	69.2407	1.761522	0.2144298	0.05081817	0.4890092
660	-252.6895	-320.5928	67.90338	1.966191	0.8292561	0.06515232	0.4756543
666	-245.4879	-314.6658	69.1779	1.53846	0.252789	0.08773551	0.4520614
672	-251.6461	-320.8388	69.19273	1.876385	0.1819874	0.0540019	0.591427
678	-244.9521	-314.4701	69.51792	1.552164	0.1852474	0.0540019	0.5444258
684	-243.5966	-312.3891	68.7925	1.596621	0.4650088	0.0540019	0.668131
690	-261.8097	-328.8853	67.07561	1.230782	2.590165	0.06730741	0.9993059
696	-257.7113	-325.2043	67.49301	1.225667	2.055533	0.04055301	0.9993059
702	-245.6806	-314.7069	69.02623	0.9180017	0.2112675	0.09253708	1.476013
708	-246.4355	-315.4914	69.05595	0.8788136	0.2112675	0.09253708	1.483166
714	-241.5272	-311.0568	69.52959	1.274315	0.2112675	0.03538654	0.9765043
720	-245.576	-314.2834	68.70745	1.16142	0.3939969	0.08187997	1.232682
726	-253.0305	-322.3958	69.36532	1.556104	0.1320214	0.1089224	0.7319556
732	-250.1829	-318.2974	68.11451	1.103048	0.6769696	0.1089224	1.30078
738	-249.5279	-318.6862	69.15832	1.46768	0.3295425	0.03266468	0.8597004
744	-249.3622	-318.2354	68.87325	1.320163	0.4730417	0.04573355	0.9620899
750	-239.507	-308.98	69.47302	1.360237	0.1883942	0.04624545	0.9620899
756	-245.967	-314.4859	68.51887	1.950587	0.4378682	0.04153432	0.7219729
762	-241.5326	-309.8441	68.31145	1.730255	0.5814184	0.06383906	0.8362542
768	-237.7085	-306.1892	68.48072	1.746767	0.4112816	0.06383906	0.9484457
774	-239.5643	-308.1719	68.60761	1.789653	0.4556661	0.06499171	0.4890861
780	-230.6713	-298.9376	68.26624	1.789653	0.5627178	0.09933378	0.4336486
786	-233.1226	-301.2467	68.1241	2.257786	0.5217627	0.04385992	0.4336486
792	-231.7256	-301.285	69.5594	1.653939	0.1602174	0.02548626	0.7182809
798	-235.7532	-305.1503	69.39703	1.796258	0.1602174	0.02548626	0.7497333
804	-240.3629	-309.9681	69.60516	1.475105	0.1602174	0.05011911	0.7497333
810	-245.5883	-315.2482	69.65992	1.442074	0.1602174	0.04039741	0.7879621
816	-245.2804	-314.2165	68.93608	1.58493	0.2871357	0.05062681	0.9852213
822	-254.2661	-323.154	68.88794	1.955157	0.2528452	0.05062681	0.6857194
828	-251.6352	-320.7531	69.11789	1.698235	0.2528452	0.06730908	0.5033755
834	-249.9843	-319.2898	69.30551	1.81472	0.1490731	0.06888348	0.509054
840	-265.0314	-332.6581	67.62664	1.774175	1.373891	0.05250564	0.6054021
846	-253.3688	-322.1663	68.79752	1.472158	0.466038	0.05305622	0.8492781
852	-239.2228	-308.7487	69.52582	1.644705	0.1684783	0.04439379	0.5527667
858	-239.3823	-309.5983	70.21599	1.326831	0.06310166	0.03586409	0.7561975
864	-245.5718	-315.8094	70.2376	0.8387876	0.1013985	0.02319725	1.12566
870	-245.4724	-314.7408	69.2684	0.905546	0.1013985	0.06767767	1.671183
876	-247.4824	-316.8046	69.32219	1.496182	0.1405677	0.05900199	1.071375
882	-252.2804	-321.152	68.87161	1.471771	0.319059	0.09245482	0.8832181
888	-242.3757	-311.4737	69.09794	1.619623	0.319059	0.04020898	0.717161
894	-244.2832	-312.8901	68.60692	2.166352	0.319059	0.03911595	0.3997842
900	-244.0383	-313.0227	68.98435	1.792872	0.319059	0.03302318	0.6709971
906	-243.3747	-311.9098	68.53513	2.088354	0.319059	0.073673	0.4632465
912	-239.9746	-309.0089	69.03427	1.559709	0.3507401	0.0410711	0.7922545
918	-247.8706	-316.2574	68.38681	1.330373	0.836274	0.0410711	0.9575631
924	-255.906	-324.653	68.74694	1.269825	0.4524083	0.02254661	1.248241
930	-241.1049	-310.7178	69.61296	1.146074	0.2051555	0.02254661	1.084903
936	-237.1371	-306.5428	69.40565	2.015178	0.1255353	0.01662001	0.5467105
942	-232.4228	-302.4108	69.98798	1.796988	0.04468074	0.01662001	0.4583519
948	-241.179	-310.985	69.806	1.639483	0.09990849	0.03899426	0.583676
954	-248.5423	-317.6031	69.06082	2.288853	0.0711086	0.0148734	0.204115
960	-255.8851	-325.1316	69.24652	2.103206	0.1307884	0.0148734	0.3567986
966	-250.6247	-319.7286	69.10386	2.103206	0.1520748	0.02369862	0.2977394
972	-238.1273	-307.3158	69.18843	1.957771	0.2052638	0.02465373	0.4687754
978	-232.8305	-302.2095	69.37901	1.884206	0.1650459	0.02727794	0.4687754
984	-236.8282	-307.0017	70.17349	1.598645	0.02955344	0.01156126	0.3439337
990	-245.6995	-315.7884	70.08884	1.652837	0.03225177	0.04192875	0.4027285
996	-249.8158	-318.9636	69.14782	1.872809	0.215823	0.02408926	0.7561175
1002	-246.1185	-314.5868	68.46827	2.216668	0.2758026	0.02408926	0.2143901
1008	-240.13	-309.4523	69.32231	2.02747	0.1085116	0.006540365	0.5788161
1014	-246.0591	-315.6595	69.60038	1.730465	0.0705398	0.06251701	0.2781723
1020	-254.9986	-325.2934	70.29481	1.397499	0.02186152	0.01364982	0.8653914
1026	-247.5287	-317.3518	69.82308	1.540454	0.09134281	0.02752685	0.8653914
1032	-247.1043	-316.8785	69.77419	1.2802	0.09105921	0.02259534	1.185623
1038	-247.0788	-315.5105	68.43171	1.604796	0.09883395	0.009959368	1.890586
1044	-253.4149	-323.0141	69.59926	1.692373	0.09883395	0.07263001	0.5526505
1050	-248.7032	-317.9014	69.19815	1.189166	0.3093507	0.1049163	0.7896555
1056	-246.1949	-315.2247	69.02984	1.679452	0.2901163	0.06578909	0.4031177
1062	-245.9898	-314.1043	68.11443	1.847271	0.7565326	0.05927333	0.3975021
1068	-248.9554	-317.5014	68.54601	1.990542	0.4753375	0.02890936	0.5252381
1074	-248.2784	-316.9963	68.71788	1.926264	0.3159322	0.03919484	0.8372848
1080	-247.6066	-316.3924	68.7858	1.677064	0.3159322	0.07915534	0.8194344
1086	-243.9301	-313.1184	69.18827	1.52933	0.326401	0.04241318	0.6682231
1092	-247.1821	-315.9289	68.74676	1.761276	0.326401	0.04241318	0.9477265
1098	-244.0926	-312.0549	67.96231	1.301416	0.5369917	0.1401267	1.329786
1104	-234.6099	-304.4048	69.79491	1.35259	0.09034143	0.05903477	0.9436759
1110	-241.6956	-311.8066	70.11103	1.153714	0.09034143	0.05903477	0.8065364
1116	-232.0974	-302.0718	69.97439	1.525542	0.05966716	0.02665459	0.883089
1122	-242.5108	-311.6291	69.11837	2.036457	0.1913095	0.02665459	0.3894656
1128	-238.2467	-307.866	69.61928	1.453884	0.2169644	0.02665459	0.6434038
1134	-239.6631	-307.6469	67.98381	1.385246	0.8028559	0.02349462	1.365222
1140	-245.7243	-313.9208	68.19643	1.854946	0.8028559	0.02349462	0.6626483
1146	-244.3553	-312.7203	68.36494	1.047032	0.8028559	0.1290822	0.90222
1152	-241.769	-311.2857	69.51667	1.340774	0.17686	0.02561557	1.066033
1158	-245.0413	-314.6947	69.65342	1.379135	0.1496598	0.02561557	0.984066
1164	-238.2635	-307.7246	69.46117	1.313398	0.2026019	0.01783168	1.082415
1170	-239.3571	-308.1786	68.82158	1.744202	0.2995367	0.01783168	1.039609
1176	-245.1099	-314.0381	68.92822	1.861189	0.3453196	0.01904733	0.6112381
1182	-234.1152	-303.4893	69.37412	1.642824	0.1808827	0.04737639	0.763689
1188	-235.54	-305.0281	69.48804	1.637846	0.1808827	0.02188218	0.763689
1194	-237.4452	-306.1737	68.72844	1.972746	0.3180527	0.04437912	0.7138815
1200	-235.9394	-305.2713	69.3319	1.918333	0.1457544	0.04437912	0.4603089
1206	-238.7796	-307.8473	69.06779	2.162683	0.160153	0.02113437	0.3370577
1212	-251.3752	-320.5389	69.16377	2.051684	0.160153	0.008909591	0.4041049
1218	-251.6232	-321.4689	69.84565	1.93202	0.02789187	0.009657302	0.3741474
1224	-245.306	-314.231	68.92495	2.12301	0.1531293	0.06252861	0.3174801
1230	-258.0241	-328.1255	70.10137	1.348685	0.06340606	0.01569942	0.9343436
1236	-252.0374	-321.2925	69.25517	2.180218	0.09432296	0.02200252	0.2977432
1242	-244.7377	-314.1635	69.42577	2.097162	0.0764062	0.008649651	0.3702296
1248	-249.183	-318.7849	69.60196	1.921394	0.08626693	0.02857885	0.3702296
1254	-235.4134	-305.201	69.78767	1.902927	0.06272706	0.02377225	0.4814294
1260	-242.8214	-312.519	69.69762	1.770874	0.08622053	0.04880146	0.4814294
1266	-240.7725	-310.4483	69.67589	1.601165	0.1513179	0.03445599	0.4521256
1272	-252.7616	-321.2852	68.52355	2.565252	0.1090312	0.02010321	0.1745282
1278	-240.9548	-310.8131	69.8583	1.820039	0.06686599	0.02010321	0.5103071
1284	-251.6418	-320.6416	68.9998	1.929773	0.2373272	0.01723593	0.2805706
1290	-240.7801	-309.7746	68.99447	2.453606	0.05206378	0.009626236	0.2231707
1296	-241.4162	-310.9197	69.50346	1.990958	0.05206378	0.009626236	0.2434183
1302	-243.6298	-312.7436	69.11378	2.072968	0.1424141	0.02855225	0.2724642
1308	-242.1297	-311.8604	69.73069	1.93206	0.04605476	0.01152743	0.3138339
1314	-245.6509	-315.1531	69.50217	2.126638	0.03409608	0.005309544	0.6081906
1320	-245.7839	-315.3954	69.61151	1.99526	0.04697317	0.02200814	0.2635996
1326	-244.4297	-314.0797	69.64992	2.026528	0.04697317	0.00829364	0.3993924
1332	-238.0492	-307.7647	69.71553	1.933219	0.04697317	0.007001001	0.4209415
1338	-246.1729	-315.7893	69.61635	1.699068	0.01143498	0.003037276	0.8164218
1344	-241.4467	-311.4228	69.97603	1.407035	0.01143498	0.003555379	0.8164218
1350	-249.5691	-319.8944	70.32529	1.487148	0.01978604	0.01842527	0.7211303
1356	-243.4598	-313.4117	69.9519	1.238805	0.05886512	0.01459369	1.197577
1362	-245.8326	-315.4425	69.60988	1.255811	0.05886512	0.01030485	1.432026
1368	-254.3262	-323.0229	68.69666	0.9964352	0.3043468	0.09786603	1.467115
1374	-249.6405	-318.0208	68.38027	2.210068	0.3178926	0.07518485	0.3848026
1380	-251.83	-319.4378	67.60773	2.237323	0.5629459	0.09007233	0.2202509
1386	-249.9048	-317.4745	67.56971	2.246843	0.5629459	0.1424081	0.3255449
1392	-248.4933	-316.333	67.83965	2.10864	0.7699947	0.0561472	0.3761474
1398	-244.9007	-312.6195	67.71883	2.25925	0.7744571	0.0561472	0.4712411
1404	-241.7457	-310.4498	68.70412	2.226547	0.234676	0.04929231	0.4003774
1410	-261.4094	-331.5292	70.11977	1.096846	0.08667698	0.0394397	0.9901483
1416	-256.053	-325.1702	69.1172	1.988679	0.1496975	0.02027708	0.9201346
1422	-250.6085	-320.5671	69.95864	1.45219	0.1179854	0.02027708	0.6620354
1428	-253.9122	-323.129	69.21684	1.601589	0.3267982	0.01340092	0.6086429
1434	-251.7561	-320.9791	69.22301	1.885728	0.1876304	0.01811412	0.7636291
1440	-245.2951	-315.0966	69.80148	1.499542	0.113548	0.02483892	0.8391553
1446	-254.3747	-324.2455	69.8708	1.595259	0.09442224	0.009148593	0.6247072
1452	-248.6855	-316.183	67.49749	1.633468	1.285647	0.09690917	0.8287332
1458	-244.3369	-313.3655	69.02859	1.530175	0.3445832	0.0325078	0.9007261
1464	-244.9368	-312.5122	67.5754	1.72265	1.31425	0.08618416	0.5691514
1470	-245.6776	-314.3976	68.72005	1.376742	0.6440899	0.03750035	0.8183075
1476	-239.7263	-309.6564	69.9301	1.650561	0.08504366	0.01568152	0.5773996
1482	-239.168	-309.1581	69.99006	1.602223	0.08504366	0.0180174	0.5341607
1488	-246.3348	-315.4443	69.10949	2.397159	0.07313603	0.008028896	0.3485353
1494	-238.6772	-307.6051	68.92786	2.463106	0.04324461	0.02036177	0.1737189
1500	-238.5623	-307.5093	68.94701	2.225844	0.08022321	0.01840103	0.1637744
1506	-243.732	-313.2644	69.53242	2.078077	0.08022321	0.01840103	0.4470977
1512	-255.1747	-324.0225	68.84781	2.018525	0.3197875	0.0190656	0.487467
1518	-255.016	-323.7341	68.71809	1.848183	0.4649067	0.0190656	0.5928096
1524	-248.2999	-317.4167	69.11678	1.52389	0.3095215	0.07520541	0.5004747
1530	-240.9673	-310.2004	69.23309	0.8765688	0.3095215	0.06943477	1.228792
1536	-240.6087	-310.1754	69.56669	1.097497	0.07205097	0.05637053	1.447945
1542	-239.5414	-308.7977	69.25634	1.483778	0.3416192	0.03561689	0.6168602
1548	-244.9082	-313.5699	68.66161	1.810412	0.3167013	0.1100048	0.5021578
1554	-244.1507	-312.0826	67.93191	1.812782	0.7812804	0.09704151	0.3772004
1560	-238.3587	-308.3697	70.01102	1.344391	0.1175454	0.0289405	0.7204701
1566	-234.9488	-304.8834	69.9346	1.486024	0.06739309	0.01133247	0.9171648
1572	-238.5707	-308.5179	69.94712	1.195587	0.06739309	0.01133247	1.183666
1578	-238.85	-309.0227	70.1727	1.221817	0.06739309	0.01801984	0.9753696
1584	-242.3964	-311.0499	68.65345	1.204154	0.3641108	0.05451351	1.39631
1590	-235.9515	-304.8167	68.86524	1.49023	0.3641108	0.05872258	0.9379362
1596	-241.8905	-310.4218	68.53136	1.307066	0.5518058	0.0734388	1.051962
1602	-252.4803	-321.7885	69.30824	1.989508	0.0387659	0.07584102	0.2169458
1608	-252.0761	-321.2363	69.16019	2.345575	0.0387659	0.02078454	0.2017101
1614	-249.6018	-316.8696	67.26784	1.745952	1.16057	0.2007474	0.5623486
1620	-243.6303	-311.0828	67.45242	1.780528	0.9342123	0.2007474	0.5623486
1626	-250.0492	-318.0246	67.97541	1.717311	0.6288597	0.1637576	0.6410725
1632	-248.4033	-317.4708	69.06754	1.647932	0.1742324	0.1457402	0.470991
1638	-243.4231	-312.4459	69.02286	1.705088	0.2581979	0.07581529	0.641738
1644	-237.8658	-307.7468	69.88104	1.656006	0.08675547	0.03315604	0.448153
1650	-242.3403	-312.2369	69.89662	1.699438	0.08350205	0.02242896	0.4869977
1656	-243.0296	-312.2151	69.1855	1.840458	0.2534566	0.0184151	0.4869977
1662	-246.2548	-315.6525	69.39765	1.466053	0.2534566	0.05541096	0.5718177
1668	-250.9403	-320.0533	69.11301	1.466053	0.2986824	0.05070443	0.8934597
1674	-244.6481	-313.6589	69.01083	1.935413	0.2645708	0.01872126	0.6782441
1680	-244.2107	-313.7997	69.58898	1.474187	0.1467649	0.05566302	0.8003613
1686	-255.0931	-323.6804	68.58732	1.895718	0.2637515	0.1063258	0.8003613
1692	-251.3283	-320.7547	69.42646	1.784127	0.1492821	0.0332502	0.7337768
1698	-245.7732	-314.235	68.4618	1.160593	0.4702236	0.06117446	1.398478
1704	-250.1376	-318.4813	68.34372	1.869718	0.4702236	0.07112081	0.2869991
1710	-253.5325	-322.6144	69.08198	1.148726	0.3185996	0.0289391	1.273973
1716	-249.8917	-317.4099	67.51823	1.711459	0.9618164	0.0289391	1.322344
1722	-245.6475	-314.9518	69.30427	1.179975	0.197452	0.0289391	1.322344
1728	-238.2074	-307.9789	69.7715	1.477333	0.07158098	0.0289391	1.072634
1734	-243.6958	-312.5769	68.88111	1.418237	0.2006426	0.0289391	1.459276
1740	-246.4552	-315.5989	69.14369	1.473527	0.2006426	0.0289391	1.204338
1746	-249.8569	-319.3277	69.47084	1.145456	0.2006426	0.0291711	1.204338
1752	-250.9805	-320.5979	69.61745	1.551544	0.1081346	0.08596309	0.6261367
1758	-245.0832	-314.7741	69.6909	1.381398	0.1496067	0.06340971	0.7157521
1764	-254.1164	-322.2125	68.09613	1.484772	0.6252248	0.1019364	1.072695
1770	-247.3164	-316.0238	68.70736	1.182942	0.3395446	0.02309183	1.518799
1776	-253.3027	-321.2823	67.97961	1.047949	0.6983156	0.08140054	1.518799
1782	-251.9675	-320.9963	69.02879	1.428358	0.2733663	0.06552234	1.008793
1788	-246.382	-316.1514	69.76939	1.725831	0.08667732	0.03903546	0.6079077
1794	-255.9567	-324.9312	68.97449	1.695187	0.283709	0.07837402	0.4138361
1800	-251.4337	-320.4688	69.03512	1.829517	0.2626648	0.05162545	0.5451082
1806	-248.5184	-317.2227	68.70431	1.436733	0.410064	0.04284114	1.134845
1812	-247.7793	-317.2575	69.47821	1.820093	0.154936	0.01236868	0.5301897
1818	-240.6144	-309.7736	69.15926	2.072342	0.154936	0.02933097	0.6937605
1824	-236.1529	-305.3619	69.20903	2.072342	0.154936	0.02933097	0.431851
1830	-241.9165	-311.177	69.26048	2.107391	0.1273685	0.01076179	0.4160645
1836	-243.4449	-313.333	69.88811	1.921367	0.02767552	0.01021881	0.4160645
1842	-244.8669	-313.8892	69.02228	2.352539	0.07896671	0.008224603	0.2635985
1848	-244.4425	-313.3699	68.92734	2.483724	0.07896671	0.01012722	0.2635985
1854	-244.4237	-313.4083	68.98458	2.428814	0.05743301	0.006233898	0.2635985
1860	-252.3752	-321.6565	69.28123	2.29304	0.05743301	0.0244298	0.2790402
1866	-241.1327	-311.1425	70.00974	1.529431	0.09301062	0.02335615	0.5836722
1872	-255.5889	-323.6951	68.10623	2.198432	0.5673693	0.03359407	0.702863
1878	-246.9438	-316.0289	69.08507	2.085875	0.1789212	0.0169488	0.337338
1884	-254.9292	-323.9985	69.06936	2.147664	0.1789212	0.02774262	0.4747397
1890	-246.7872	-316.982	70.19479	1.540076	0.05531315	0.01962968	0.5235664
1896	-250.5571	-320.6408	70.08372	1.593459	0.04971691	0.04204927	0.5235664
1902	-245.374	-314.4223	69.04828	2.027377	0.1782352	0.04565146	0.3437733
1908	-250.8618	-320.4209	69.55906	1.941793	0.08207571	0.04565146	0.4627999
1914	-248.451	-316.6174	68.1664	2.268726	0.5449178	0.02504804	0.4627999
1920	-253.6855	-321.6662	67.98068	1.654864	1.189609	0.02231779	0.7134914
1926	-233.9275	-304.031	70.10349	1.544333	0.06122967	0.01858753	0.6925424
1932	-235.2524	-303.8369	68.58444	2.001423	0.3499717	0.05758819	0.3562841
1938	-241.306	-310.3343	69.02826	1.949123	0.2116518	0.04669315	0.3534231
1944	-240.0252	-308.8695	68.84437	1.949123	0.3351882	0.03003881	0.4363576
1950	-241.1889	-309.4535	68.26461	2.252175	0.4839045	0.02986892	0.4650494
1956	-239.7553	-308.6703	68.91503	1.948638	0.300978	0.02292156	0.6545978
1962	-239.6351	-309.1307	69.49558	2.123589	0.0784296	0.02135506	0.5376199
1968	-244.2456	-313.4619	69.21635	1.575273	0.2834924	0.03685414	0.7558147
1974	-234.7014	-303.5961	68.89469	2.149803	0.1928447	0.01862504	0.2725027
1980	-234.3	-303.6559	69.3559	2.041848	0.129472	0.01885568	0.4228671
1986	-235.3759	-305.3041	69.9282	1.684823	0.06794555	0.01885568	0.6960561
1992	-235.6232	-304.9301	69.30685	1.561622	0.1886824	0.02199734	1.029337
1998	-233.4856	-302.9328	69.44719	1.655402	0.1681231	0.04924552	0.6752292
2004	-237.9326	-306.3677	68.43506	1.533476	0.4878721	0.05187843	1.124505
2010	-240.9813	-310.06	69.07875	1.413226	0.1523003	0.03054891	1.42583
2016	-241.6297	-310.7731	69.14331	1.691634	0.3184528	0.03054891	0.5338233
2022	-247.719	-315.617	67.89807	1.457076	1.194421	0.09819707	0.5024894
2028	-243.2966	-310.5162	67.21957	1.862831	1.194421	0.06825173	1.097601
2034	-238.8684	-307.5342	68.66579	1.945514	0.3329533	0.06825173	0.5748868
2040	-236.5884	-306.4615	69.87307	1.518688	0.115668	0.01898652	0.7157121
2046	-232.62	-302.1197	69.49971	1.908817	0.115668	0.01142582	0.628599
2052	-242.6639	-310.9683	68.30442	2.051115	0.5679115	0.01157436	0.6400253
2058	-234.1905	-302.3724	68.18183	1.77007	0.6752615	0.06695759	0.7590894
2064	-234.1166	-303.1479	69.03127	1.529076	0.3582275	0.04471008	0.7921901
2070	-240.9808	-309.8567	68.87583	1.186393	0.438938	0.06101577	1.075106
2076	-242.3052	-311.1415	68.83625	1.679696	0.438938	0.04494793	0.5785832
2082	-250.2659	-318.5156	68.24966	1.577972	0.6371384	0.0593755	1.007189
2088	-250.9933	-320.2405	69.24723	1.860412	0.2087264	0.02748418	0.609336
2094	-250.9295	-320.3428	69.4133	1.638925	0.2087264	0.04026746	0.6048858
2100	-256.599	-326.1373	69.53832	0.9417981	0.1909646	0.06836084	1.18344
2106	-247.5351	-317.9934	70.4583	0.9438478	0.05715298	0.05928655	0.8294504
2112	-238.4682	-308.2831	69.81487	0.8769551	0.1780801	0.03925119	1.159733
2118	-246.3698	-316.0947	69.7249	1.219719	0.1336311	0.02481389	1.125309
2124	-271.4984	-339.9719	68.4735	1.425623	0.3310919	0.041304	1.468856
2130	-251.5954	-320.4372	68.84183	1.339288	0.2401719	0.041304	1.421032
2136	-252.3442	-321.2585	68.91432	1.085509	0.4127922	0.08978762	1.052297
2142	-250.3914	-319.6836	69.29213	1.146244	0.1878312	0.02401102	1.395327
2148	-247.9912	-316.5196	68.52833	1.659936	0.1878312	0.01940885	1.590081
2154	-237.5268	-305.6244	68.09764	1.65627	0.3569884	0.02413607	1.590081
2160	-234.5359	-303.4398	68.90387	1.621377	0.376371	0.02413607	0.9000852
2166	-236.6797	-304.9704	68.29073	1.373655	0.3565998	0.06055482	1.532049
2172	-237.3381	-307.4124	70.07428	1.437125	0.09553386	0.02225667	0.6375179
2178	-244.4207	-314	69.57927	1.65949	0.1405607	0.0366281	0.7133068
2184	-245.8785	-315.8113	69.93281	1.5592	0.05318932	0.07594398	0.4667564
2190	-246.8802	-315.8007	68.9205	1.671471	0.3163423	0.08238353	0.5003688
2196	-245.7181	-314.901	69.18293	1.651974	0.2745014	0.03968916	0.6998882
2202	-248.7501	-316.8549	68.10481	1.407137	0.4574188	0.02948031	1.612928
2208	-252.2973	-321.0879	68.79056	1.614732	0.3087081	0.03745562	1.110141
2214	-252.2336	-319.5397	67.30608	1.406883	0.3876076	0.03745562	2.218987
2220	-248.6916	-317.7975	69.10594	1.272829	0.1740044	0.03748111	1.43279
2226	-242.9098	-311.6994	68.78961	1.411414	0.2401238	0.009881365	1.43279
2232	-242.8545	-311.8314	68.97697	1.646526	0.2401238	0.01218816	1.105183
2238	-245.7734	-314.9051	69.13169	1.141693	0.2340278	0.03114848	1.399135
2244	-248.2384	-318.2343	69.99582	1.577747	0.033864	0.01117538	0.9284008
2250	-243.648	-313.541	69.89299	1.865169	0.033864	0.01117538	0.3539435
2256	-240.8333	-310.5803	69.74696	1.871048	0.068531	0.01754944	0.3539435
2262	-250.8305	-319.7221	68.89167	2.104642	0.2429081	0.02921165	0.3865418
2268	-247.7241	-316.8166	69.09252	2.003174	0.1516119	0.03508962	0.2555407
2274	-246.7669	-315.249	68.48214	2.063085	0.3491609	0.03984931	0.2555407
2280	-243.7912	-311.9922	68.20095	2.701362	0.1792986	0.01863802	0.193495
2286	-248.8573	-317.674	68.81675	2.317751	0.1192935	0.003991716	0.3950589
2292	-244.4365	-314.0387	69.60213	1.792892	0.03155654	0.003991716	0.8472063
2298	-249.1148	-318.7289	69.61405	1.987925	0.07123964	0.01289628	0.6576885
2304	-250.121	-319.4689	69.34786	1.67428	0.2249887	0.03211102	0.6576885
2310	-247.6819	-315.5369	67.85498	2.184383	0.5498076	0.07369862	0.267179
2316	-246.0143	-314.214	68.19971	2.175002	0.4620949	0.06316607	0.4056226
2322	-241.6232	-310.346	68.72286	1.110681	0.295912	0.02779432	1.621354
2328	-244.7658	-313.4458	68.68	1.949221	0.3376564	0.0645356	0.4923885
2334	-246.1081	-314.608	68.49982	2.036035	0.3376564	0.08436975	0.4923885
2340	-245.6857	-314.3121	68.62645	1.742052	0.3003723	0.0725663	0.9988648
2346	-240.6576	-309.8969	69.23927	1.482111	0.1866927	0.0725663	0.948936
2352	-238.3614	-307.8532	69.49185	1.820681	0.1511154	0.01737245	0.6059113
2358	-246.3107	-316.0074	69.69664	1.542466	0.1511154	0.03948741	0.6059113
2364	-236.3649	-306.0229	69.65797	2.071695	0.05463254	0.01374951	0.5001851
2370	-248.8541	-318.326	69.47184	1.029744	0.1693612	0.103651	1.083534
2376	-250.7107	-320.2985	69.58776	1.434929	0.08782161	0.05296873	1.106299
2382	-239.9728	-309.5716	69.59878	1.734761	0.1408743	0.02609962	0.6060928
2388	-239.6042	-309.2396	69.63536	1.666987	0.1408743	0.02067513	0.7022056
2394	-243.5554	-312.5759	69.02048	1.50197	0.3678568	0.04822278	0.7928606
2400	-241.6909	-310.3779	68.68703	1.61085	0.5037995	0.0434941	0.7928606
2406	-255.841	-324.3371	68.49607	1.285961	0.5037995	0.08572064	1.122496
2412	-244.8441	-313.4807	68.63661	1.329256	0.5037995	0.0421015	1.146905
2418	-246.9441	-315.6292	68.68504	1.362635	0.3651393	0.09533139	1.072647
2424	-254.5676	-323.1967	68.62914	1.700646	0.3651393	0.09533139	0.757967
2430	-252.5083	-321.5479	69.03957	1.548701	0.4496497	0.02726588	0.5176809
2436	-256.2427	-324.5934	68.35076	1.929072	0.5997092	0.03560186	0.6392723
2442	-248.2488	-316.6203	68.37151	2.004552	0.4409395	0.05457313	0.309049
2448	-248.1866	-315.9736	67.78702	1.787697	0.6876449	0.1452728	0.2828338
2454	-243.1896	-311.3336	68.14397	1.950152	0.5260225	0.1025362	0.4181234
2460	-238.6814	-307.1401	68.45874	1.511037	0.5260225	0.1025362	0.8124092
2466	-242.3518	-311.3113	68.95954	1.437908	0.3492089	0.1025362	0.6434285
2472	-253.9036	-323.1071	69.20343	1.070219	0.3012403	0.05574151	1.161939
2478	-254.0281	-322.663	68.63498	1.802557	0.3998675	0.05574151	0.7703456
2484	-257.3374	-325.2524	67.91499	2.096113	0.590127	0.1022499	0.524063
2490	-256.0527	-324.5361	68.48345	1.540384	0.6742226	0.07038529	0.5871785
2496	-248.8731	-317.1328	68.2597	1.79001	0.4770753	0.13826	0.4859767
2502	-252.6072	-321.4489	68.84169	1.260376	0.4770753	0.09117704	0.8089397
2508	-252.6984	-321.7231	69.02469	1.429923	0.1408575	0.03975706	1.453089
2514	-249.8346	-318.7353	68.90072	1.64483	0.3599478	0.02884863	0.8965757
2520	-239.2304	-307.6963	68.46588	2.11065	0.4532228	0.02884863	0.5005343
2526	-238.7425	-308.3716	69.62906	1.274935	0.1744389	0.02884863	1.017475
2532	-245.7633	-315.1111	69.3478	1.264868	0.1110188	0.03512027	1.436555
2538	-238.2154	-306.3842	68.16872	1.359641	0.6468553	0.03512027	1.360346
2544	-237.828	-307.235	69.40706	1.359513	0.2643263	0.0496309	0.7692904
2550	-241.9338	-312.1848	70.25101	1.037613	0.1056317	0.04039908	0.8113639
2556	-244.0264	-313.6438	69.61741	1.138511	0.1056317	0.04039908	1.321688
2562	-237.5831	-307.5801	69.99701	1.070029	0.1357031	0.03430152	0.9641151
2568	-242.0481	-311.8012	69.75303	1.484854	0.1357031	0.04709457	0.651885
2574	-250.1483	-319.6794	69.53114	1.155988	0.2741275	0.06528936	0.7353517
2580	-249.2114	-317.8775	68.66612	1.550932	0.4055245	0.1259014	0.5676731
2586	-255.9127	-324.51	68.59733	1.325426	0.4368453	0.1437146	0.8609084
2592	-250.1696	-318.6382	68.46859	1.270725	0.6301426	0.05246649	1.131786
2598	-253.3479	-320.8791	67.53122	1.870612	1.057763	0.01917006	1.117356
2604	-250.1072	-319.0619	68.95469	1.853917	0.3076493	0.03283894	0.6615422
2610	-248.4915	-318.2341	69.74259	1.770997	0.04970978	0.008431413	0.8577593
2616	-240.9316	-309.891	68.95938	2.084339	0.1922693	0.0309021	0.2930718
2622	-243.7387	-312.8523	69.11361	2.11847	0.1522354	0.0309021	0.3435294
2628	-236.4886	-305.3866	68.89801	2.068413	0.1522354	0.06608594	0.2698632
2634	-239.9573	-309.074	69.11664	2.109483	0.1522354	0.03798777	0.3775226
2640	-245.2039	-313.5199	68.31602	2.303388	0.4142491	0.01759369	0.3533712
2646	-248.0805	-317.1313	69.05078	2.147124	0.1868353	0.01488289	0.5805015
2652	-239.8024	-309.6751	69.87271	1.565238	0.0639127	0.01488289	0.9420673
2658	-237.8848	-306.6801	68.79535	1.469808	0.2632355	0.04708517	1.283829
2664	-253.8056	-321.8784	68.07287	1.335949	0.6513225	0.0422497	1.422053
2670	-246.7069	-315.9595	69.25263	1.298608	0.1658885	0.03557048	1.325422
2676	-239.1215	-308.6719	69.55047	1.054169	0.2395396	0.02072529	1.140564
2682	-239.2708	-308.4054	69.13457	1.475732	0.2736079	0.02880046	1.032061
2688	-232.5437	-302.1054	69.56171	1.366325	0.1515259	0.05046128	0.9673265
2694	-236.7072	-306.2865	69.57934	1.446469	0.1605295	0.06009137	0.7551167
2700	-247.9138	-317.1822	69.26837	1.320544	0.1240175	0.1545907	0.9668952
2706	-239.6168	-309.3694	69.75262	1.322978	0.1767743	0.04301626	0.727572
2712	-239.7249	-309.5003	69.77545	1.213291	0.1030561	0.01800473	1.202477
2718	-237.9535	-307.3112	69.35765	1.132783	0.07988728	0.01296093	1.654744
2724	-252.2197	-322.1083	69.8886	1.167445	0.1113362	0.0141209	1.105519
2730	-244.7985	-314.3789	69.58047	2.062104	0.06362238	0.0151031	0.3604006
2736	-244.9304	-314.9297	69.99937	1.474075	0.07355693	0.04167787	0.3170321
2742	-237.695	-307.3586	69.66359	1.547935	0.1324953	0.06113572	0.4445287
2748	-240.1872	-309.7382	69.55104	1.552954	0.1324953	0.04467854	0.8819767
2754	-243.5902	-312.8157	69.22548	1.80667	0.1807305	0.06518821	0.5166071
2760	-244.7897	-313.191	68.40128	1.875596	0.5127644	0.04787399	0.7713129
2766	-246.0227	-314.9996	68.97688	1.255541	0.2937712	0.07451086	1.133089
2772	-243.7604	-311.5763	67.81596	2.083143	0.6695273	0.09163236	0.3617294
2778	-249.8756	-316.5736	66.69795	1.994428	1.310851	0.2258425	0.7975986
2784	-252.1661	-318.8571	66.69102	2.014862	0.8728099	0.4562272	0.619923
2790	-260.4614	-327.3916	66.9302	1.656651	1.524824	0.2457012	0.5936777
2796	-252.2214	-319.7739	67.55251	1.416639	1.524824	0.05836386	1.00121
2802	-246.5107	-315.3703	68.85957	0.7497265	0.1029023	0.05836386	2.083398
2808	-253.9032	-322.8367	68.93351	1.278548	0.1523577	0.05836386	1.53498
2814	-243.9701	-313.6061	69.63591	0.9741557	0.1140474	0.0496202	1.373837
2820	-244.1624	-313.7096	69.54712	1.650779	0.1437743	0.02438763	0.8264824
2826	-242.3703	-311.8059	69.43559	1.322939	0.1827572	0.04759755	1.047285
2832	-238.3859	-307.4707	69.08483	1.317181	0.251384	0.09887048	0.9669251
2838	-238.3102	-306.8468	68.53652	1.55646	0.5361047	0.0691396	0.8266573
2844	-237.9291	-306.6797	68.75062	1.578585	0.5361047	0.02967644	0.7664856
2850	-248.7033	-318.7413	70.03794	1.081829	0.1169183	0.0858051	0.6588661
2856	-251.6866	-321.1626	69.47606	1.840631	0.1169183	0.04806548	0.6245048
2862	-249.4064	-317.9521	68.54573	1.969077	0.4739973	0.02855657	0.6245048
2868	-245.5753	-313.6625	68.08726	1.058925	0.7305925	0.03641182	1.562538
2874	-248.5742	-317.6843	69.11005	1.035766	0.1976405	0.03386812	1.564963
2880	-244.4036	-313.7421	69.33855	1.865529	0.1344872	0.04463055	0.7418186
2886	-260.0334	-328.4529	68.41955	2.090058	0.4667494	0.03651941	0.4342463
2892	-243.5825	-312.5	68.91751	2.135234	0.16136	0.03651941	0.2540618
2898	-241.5898	-310.4871	68.89721	2.135234	0.2281239	0.0362701	0.5417151
2904	-234.5017	-303.8218	69.3201	2.252414	0.08877577	0.02247751	0.5062103
2910	-250.9066	-319.6997	68.79307	1.986883	0.1911577	0.1089952	0.3981547
2916	-250.5143	-319.6718	69.15745	1.89012	0.1911577	0.02345835	0.8214393
2922	-250.1072	-318.6575	68.55025	1.961239	0.3797795	0.05796852	0.3430707
2928	-250.6963	-319.0441	68.34778	1.892027	0.4674242	0.09287457	0.5667044
2934	-247.1977	-315.2942	68.09652	1.26816	0.5695232	0.1589119	1.147599
2940	-253.2818	-321.9624	68.68064	1.615183	0.4631849	0.07270961	0.6778751
2946	-241.5307	-311.0657	69.53503	1.544038	0.1688225	0.04932891	0.712473
2952	-238.7422	-307.9827	69.24045	1.690735	0.1688225	0.0495546	0.905994
2958	-239.959	-308.4355	68.47647	1.61746	0.4436081	0.0495546	1.090948
2964	-240.2426	-307.6461	67.40351	1.795731	1.376258	0.0991176	0.4732869
2970	-254.6653	-323.3634	68.69817	2.125677	0.3209758	0.01442143	0.3819494
2976	-237.3025	-306.9833	69.68074	1.690636	0.1038459	0.01442143	0.8058043
2982	-242.0445	-311.5731	69.52862	1.366779	0.1458045	0.01303349	1.127113
2988	-236.2916	-305.7497	69.45807	1.219445	0.1372481	0.01733649	1.348055
2994	-238.3735	-308.0955	69.72206	0.9869453	0.1101062	0.03948597	1.348055
3000	-236.6437	-305.9257	69.28203	1.220624	0.2655377	0.02624705	1.158405
3006	-242.8431	-313.1555	70.31245	1.539281	0.02798411	0.01744948	0.5908813
3012	-240.6009	-310.6158	70.01489	1.70537	0.04554947	0.01518151	0.6952216
3018	-243.2888	-312.4235	69.13473	1.690981	0.1800634	0.02185172	1.095521
3024	-240.4969	-309.9467	69.44977	1.686438	0.1800634	0.03417653	0.3563182
3030	-239.04	-307.922	68.88203	2.228591	0.1800634	0.04545181	0.4015335
3036	-243.7443	-312.6512	68.90697	1.895563	0.240166	0.06510933	0.3487876
3042	-246.8443	-316.1976	69.35328	1.138614	0.1192305	0.03246015	1.512244
3048	-243.9123	-313.297	69.38463	1.666779	0.1436447	0.01949803	1.000251
3054	-240.416	-309.5436	69.12751	1.228493	0.1436447	0.01949803	1.574931
3060	-243.664	-313.331	69.66704	1.408171	0.0785544	0.01957733	1.220391
3066	-242.6863	-312.3816	69.69535	1.436335	0.1169179	0.03999427	0.9432562
3072	-239.195	-308.8405	69.64546	1.517834	0.1169179	0.03016796	0.9574978
3078	-238.4794	-306.9553	68.47593	1.820877	0.3223057	0.1499659	0.4270969
3084	-240.6851	-308.8726	68.18756	2.249885	0.3521548	0.0828466	0.3309003
3090	-238.3385	-306.2651	67.92658	2.285637	0.4474856	0.0828466	0.29648
3096	-235.6354	-303.4904	67.85495	2.438918	0.4474856	0.03029918	0.2101879
3102	-237.7227	-306.6361	68.91337	2.418051	0.1243498	0.01545477	0.3119684
3108	-243.2573	-311.7827	68.5254	2.404647	0.1473921	0.03230406	0.181782
3114	-244.2119	-313.3778	69.16591	2.124064	0.144945	0.02301525	0.3486357
3120	-244.7729	-314.5987	69.82587	2.005352	0.02854858	0.02301525	0.392877
3126	-248.0894	-318.3922	70.30277	1.50209	0.02854858	0.01263128	0.3680456
3132	-230.3384	-300.2029	69.86457	1.961354	0.02854858	0.01263128	0.4035033
3138	-240.2289	-310.3382	70.10928	1.716807	0.02854858	0.01263128	0.6103226
3144	-248.5032	-317.3207	68.81752	1.835431	0.2451579	0.05776868	0.9199071
3150	-236.6118	-304.4887	67.87695	1.738565	0.9291797	0.09428714	0.5774161
3156	-241.7585	-309.0471	67.28864	2.205233	1.095934	0.08169504	0.3998051
3162	-238.1655	-306.5173	68.35179	1.525289	0.657774	0.09911455	0.680414
3168	-248.3796	-315.4731	67.09347	1.604825	1.251309	0.04217789	1.479005
3174	-251.8251	-317.4745	65.64944	1.028259	4.73593	0.07219332	1.659171
3180	-252.1423	-318.1197	65.97733	0.8018926	4.73593	0.07219332	1.585792
3186	-241.6698	-310.1582	68.48844	1.130125	0.6002885	0.07219332	1.190346
3192	-251.5642	-319.5595	67.9953	1.196106	0.3227958	0.1803388	1.584
3198	-249.615	-318.2998	68.68472	1.36401	0.3227958	0.1525513	0.9410992
3204	-244.9999	-313.3369	68.33695	1.392954	0.4490876	0.2597909	0.516636
3210	-253.6508	-321.7764	68.1256	1.737846	0.8070193	0.06715558	0.3993944
3216	-245.8553	-314.1838	68.32852	1.420265	0.8070193	0.07536243	0.7566351
3222	-252.5433	-320.3891	67.84579	1.364265	0.8070193	0.2054371	0.8352532
3228	-247.2154	-315.5268	68.31138	1.632505	0.8070193	0.0549768	0.5396844
3234	-250.5182	-318.6758	68.15755	1.743903	0.765635	0.07402242	0.4682537
3240	-244.5985	-312.8938	68.29523	1.508506	0.8823874	0.05445838	0.6941858
3246	-241.8026	-311.2069	69.40431	1.008583	0.2688455	0.03905577	1.181081
3252	-241.883	-310.9778	69.09474	1.163202	0.2861153	0.04589433	1.248111
3258	-240.9586	-310.6493	69.69066	1.836102	0.07334437	0.04589433	0.4148725
3264	-241.4981	-310.4653	68.96718	1.677304	0.2932011	0.07794412	0.610456
3270	-250.0425	-319.0102	68.96777	1.605117	0.2932011	0.08921749	0.6586765
3276	-245.5295	-314.0399	68.51034	1.83519	0.3633576	0.1154177	0.454552
3282	-243.8231	-312.2384	68.41527	1.657409	0.6380014	0.07331083	0.5116944
3288	-243.1573	-312.312	69.1547	1.757981	0.2045019	0.07331083	0.438018
3294	-241.5139	-310.9382	69.42431	1.588722	0.1906219	0.05992421	0.5905181
3300	-233.8524	-303.954	70.10152	1.630794	0.0522194	0.01384796	0.4327676
3306	-240.788	-310.1006	69.31264	2.030062	0.1288848	0.02483858	0.3472589
3312	-238.0203	-308.0447	70.02432	1.833633	0.02867605	0.02053966	0.5490366
3318	-238.9154	-308.5795	69.66412	1.883098	0.07882425	0.01016785	0.638464
3324	-244.0745	-313.2063	69.13178	2.01911	0.1920197	0.03240498	0.5634661
3330	-231.1729	-300.65	69.47711	1.788869	0.162203	0.02929755	0.5230543
3336	-245.4823	-315.2488	69.76648	1.661488	0.1133551	0.03201194	0.4432081
3342	-241.78	-312.1841	70.40402	1.445004	0.03051679	0.01968053	0.4432081
3348	-236.2422	-305.6498	69.40756	2.249571	0.03051679	0.00540731	0.4223468
3354	-230.1802	-299.3694	69.18926	2.347435	0.03051679	0.007036525	0.243941
3360	-244.192	-313.074	68.88209	2.347435	0.1447007	0.01584322	0.2911491
3366	-237.0449	-306.4177	69.37281	2.220524	0.05210927	0.007052835	0.3640715
3372	-233.6693	-303.4445	69.77516	1.985257	0.02537353	0.007052835	0.5296787
3378	-237.1007	-306.6085	69.50781	1.945428	0.08075886	0.007052835	0.6693116
3384	-242.1232	-311.9423	69.81913	1.524308	0.03380708	0.007052835	1.07544
3390	-240.2181	-310.2419	70.02379	1.217469	0.1120305	0.03817667	0.8514598
3396	-236.196	-305.8864	69.69042	1.161159	0.1120305	0.04836368	1.187352
3402	-251.0432	-319.9248	68.88157	1.182549	0.468078	0.06409449	1.009186
3408	-241.3166	-310.3281	69.01143	1.123922	0.2897163	0.06409449	1.26747
3414	-246.7205	-315.9556	69.23507	1.421933	0.3382284	0.04868685	0.6750099
3420	-241.449	-310.5317	69.08267	1.353687	0.3382284	0.03352679	1.036815
3426	-241.6227	-311.5141	69.89147	1.261872	0.1053028	0.02400855	1.036815
3432	-240.3233	-310.075	69.75166	1.454837	0.1053028	0.03415253	0.9432756
3438	-244.8755	-313.9012	69.02571	1.425072	0.1053028	0.019127	1.613763
3444	-247.536	-317.0681	69.53204	1.9348	0.05131009	0.005592131	0.7778997
3450	-249.2406	-319.2657	70.02507	1.580344	0.01890873	0.007924069	0.8814604
3456	-246.3748	-315.6862	69.31132	2.151182	0.06284925	0.005115494	0.6404659
3462	-246.2544	-315.6986	69.44415	1.787456	0.1330468	0.006261348	0.402087
3468	-244.8226	-314.5325	69.70989	1.91448	0.0604221	0.01558049	0.733085
3474	-249.2444	-319.4343	70.18997	1.410348	0.06302127	0.02575749	0.733085
3480	-250.6381	-319.1851	68.54705	1.410348	0.2769034	0.06276385	1.438465
3486	-249.6844	-318.7537	69.06927	1.163867	0.2299087	0.1125244	1.129489
3492	-247.7435	-316.6543	68.91078	1.093248	0.2299087	0.07346235	1.456619
3498	-251.7337	-319.2932	67.55953	0.9803451	0.6062402	0.1598862	1.739115
3504	-246.8912	-314.3493	67.45809	0.9711465	0.6248475	0.08760674	1.988463
3510	-243.8404	-311.79	67.94956	1.358049	0.7086304	0.08150507	1.290337
3516	-248.4432	-318.0697	69.62659	1.010114	0.1252821	0.0563278	1.290337
3522	-243.2492	-313.3549	70.10568	1.15454	0.04733136	0.05474675	1.058007
3528	-237.7713	-306.6022	68.83089	1.115394	0.2701601	0.05463065	1.490176
3534	-253.2974	-321.2549	67.95748	1.403477	0.9825421	0.03792534	1.161052
3540	-249.3162	-319.0892	69.77299	1.066833	0.07118201	0.04737799	1.349531
3546	-249.0754	-318.7655	69.69008	1.179354	0.06386906	0.04584737	1.360138
3552	-246.0855	-315.4511	69.36556	1.07655	0.2245612	0.0521517	1.20041
3558	-252.6805	-322.2107	69.53017	1.320628	0.1878527	0.09210521	0.6440932
3564	-251.8241	-319.4593	67.63523	1.092689	1.629936	0.1319179	0.833092
3570	-249.3856	-317.4146	68.02896	1.640956	0.6383932	0.1319179	0.833092
3576	-253.4962	-321.9276	68.43144	1.238471	0.6383932	0.05506346	1.171442
3582	-257.3925	-326.1014	68.7089	0.998994	0.2674446	0.05506346	1.668066
3588	-251.4975	-320.3083	68.8108	1.030176	0.2674446	0.04993358	1.590608
3594	-244.2777	-311.9324	67.65469	1.024836	0.5036563	0.04993358	2.064544
3600	-247.3508	-316.9049	69.55413	1.177681	0.2007513	0.06293384	0.9417682
3606	-243.8317	-313.5345	69.70289	0.8590077	0.1429459	0.06293384	1.271095
3612	-257.9112	-325.1236	67.21235	0.8590077	0.4952369	0.09444202	2.331013
3618	-254.506	-323.2165	68.71055	1.31751	0.4150847	0.04178468	1.229109
3624	-259.2453	-327.4871	68.24173	1.489826	0.91742	0.05271176	0.7628692
3630	-247.3678	-316.8817	69.51392	1.528094	0.1658012	0.05271176	0.759396
3636	-243.9099	-313.4777	69.5677	1.643914	0.1658012	0.02538692	0.6894731
3642	-245.3868	-314.5879	69.20112	1.491383	0.2108639	0.09625529	0.7672425
3648	-250.5889	-319.9239	69.33497	1.140104	0.2108639	0.09247891	1.032736
3654	-247.5468	-316.4944	68.94761	1.378369	0.2108639	0.06090823	1.29347
3660	-242.3938	-311.7855	69.39165	1.410744	0.172598	0.06090823	0.9700483
3666	-235.2219	-305.1745	69.9526	1.078947	0.03377964	0.01564107	1.428895
3672	-237.552	-307.4724	69.92039	0.877602	0.0171214	0.003811683	1.409551
3678	-244.1279	-314.3849	70.25696	1.061919	0.0171214	0.01474105	1.233413
3684	-244.6363	-313.576	68.93963	1.114999	0.1330133	0.01802546	1.816674
3690	-244.1324	-313.8857	69.75333	1.318459	0.09091761	0.01262032	1.160698
3696	-248.0871	-317.9151	69.82799	1.144701	0.08696263	0.03958244	1.212353
3702	-243.1363	-312.5787	69.44246	1.103457	0.1509338	0.0388961	1.357644
3708	-250.1176	-319.6497	69.53212	1.341936	0.1509338	0.04289196	1.060058
3714	-245.8315	-315.8747	70.04326	1.257963	0.0976947	0.02694215	0.9076719
3720	-249.5175	-319.205	69.68757	1.596948	0.0976947	0.03116782	0.9076719
3726	-241.6451	-310.8699	69.22484	1.67178	0.2968621	0.02510933	0.5752122
3732	-238.2887	-307.7722	69.48346	1.971914	0.09560719	0.03463913	0.3690705
3738	-248.2292	-317.5778	69.34868	2.029372	0.09560719	0.008995754	0.3031678
3744	-236.4771	-305.5492	69.07206	2.276493	0.09248411	0.008995754	0.2738444
3750	-243.1064	-311.4209	68.31457	2.520252	0.2884376	0.008995754	0.3697432
3756	-239.1564	-307.7973	68.64091	2.120124	0.2884376	0.008995754	0.779668
3762	-239.3312	-308.2421	68.91087	1.718636	0.09612718	0.006654974	1.413692
3768	-246.6528	-316.2676	69.61478	1.488073	0.1271802	0.03675643	0.9480822
3774	-250.2831	-319.5902	69.3071	1.218517	0.18543	0.03169736	1.309464
3780	-242.2245	-311.5925	69.36808	1.324336	0.18543	0.03169736	1.169569
3786	-244.2239	-312.9075	68.68354	1.115692	0.3729693	0.02493134	1.530897
3792	-242.7894	-310.7759	67.98646	1.389953	0.5679257	0.0302767	1.578225
3798	-250.8065	-317.5488	66.74238	0.9343212	3.137436	0.1521119	1.038016
3804	-260.5218	-327.0081	66.48627	1.366855	3.010981	0.08399259	1.171911
3810	-251.1183	-319.7641	68.64578	1.70058	0.3768295	0.07630329	0.8199352
3816	-254.1325	-323.2508	69.11834	1.598443	0.2193597	0.05874528	0.9219719
3822	-248.8582	-318.4316	69.57341	1.576029	0.1678948	0.0488683	0.4480166
3828	-249.053	-317.5953	68.54229	1.823659	0.3948643	0.02613638	1.021685
3834	-251.0421	-320.6413	69.59918	1.757839	0.1389781	0.01475873	0.5850768
3840	-251.6047	-320.7446	69.13986	1.954449	0.2094007	0.03268446	0.4296395
3846	-258.2312	-325.9677	67.73651	2.408272	0.5514223	0.07210532	0.3454339
3852	-252.8219	-321.7424	68.92056	1.278365	0.5875818	0.01749521	0.870395
3858	-244.9033	-314.4036	69.50034	1.687361	0.1810506	0.02549601	0.6368146
3864	-238.5599	-308.0785	69.51859	1.687361	0.1471621	0.02889936	0.7788903
3870	-242.9862	-313.325	70.3388	1.19222	0.07732225	0.01747227	0.756127
3876	-243.49	-313.7867	70.29668	0.7215507	0.07732225	0.05477857	1.145226
3882	-258.6145	-328.2681	69.65365	1.724739	0.1171134	0.04045216	0.5327706
3888	-250.6307	-319.7034	69.07272	1.483946	0.3348712	0.04045216	0.8843885
3894	-246.0747	-315.7375	69.66273	1.528353	0.1399872	0.05276986	0.6574513
3900	-244.7145	-314.2586	69.54409	1.450044	0.123976	0.08917666	0.7930177
3906	-240.446	-310.3054	69.85937	1.450044	0.08423727	0.03287808	0.937084
3912	-248.2149	-318.1454	69.93053	1.237247	0.08423727	0.02382978	1.109335
3918	-245.562	-314.6481	69.0861	1.554508	0.1813458	0.02382978	1.249362
3924	-245.6576	-315.6974	70.03981	1.405427	0.0531758	0.03039888	0.9623254
3930	-245.6058	-314.6928	69.087	1.088645	0.338256	0.105506	0.9597299
3936	-252.352	-321.6895	69.33754	1.834127	0.1860061	0.02938721	0.6008941
3942	-252.2221	-320.9013	68.67921	1.795673	0.3847904	0.07439872	0.5733192
3948	-247.2535	-316.1946	68.94114	1.272023	0.5227603	0.03000196	0.9324249
3954	-243.7456	-312.2784	68.53281	1.914718	0.5227603	0.03000196	0.5628977
3960	-241.4483	-310.9033	69.45499	1.666405	0.2052065	0.03000196	0.5642562
3966	-238.1947	-307.9683	69.7736	1.610749	0.1281195	0.03000196	0.5276006
3972	-247.4588	-316.2857	68.82689	1.260833	0.533433	0.06818623	0.8441551
3978	-246.7562	-316.3363	69.58004	1.081336	0.1912548	0.03904978	1.151103
3984	-258.8739	-328.7411	69.86717	1.085029	0.1912548	0.04315553	0.8352033
3990	-255.0201	-323.0196	67.99948	0.4371685	0.3792036	0.09252956	2.237686
3996	-250.1204	-317.2689	67.14853	1.019346	0.5712305	0.04368402	2.346981
4002	-241.5718	-310.5467	68.97484	1.103396	0.3215315	0.03967757	1.352605
4008	-233.8566	-303.4821	69.62545	1.539831	0.08387257	0.03967757	1.051729
4014	-248.8485	-317.7869	68.93842	1.448405	0.3729318	0.04670176	0.9494649
4020	-252.5515	-320.3217	67.77021	0.6717229	0.127586	0.01879022	2.860145
4026	-240.52	-310.2759	69.75587	1.017731	0.08984758	0.02854294	1.403497
4032	-240.6068	-309.2492	68.64238	1.270672	0.3724396	0.06523757	1.296536
4038	-243.5698	-312.5066	68.93678	1.07906	0.3724396	0.1207522	0.9875871
4044	-243.5489	-311.5709	68.02201	1.153987	0.5252355	0.2241358	1.197188
4050	-238.0893	-306.4872	68.39791	1.385049	0.4549241	0.03363232	1.399849
4056	-237.6502	-306.2252	68.57504	1.745079	0.3639984	0.1225468	0.4850939
4062	-243.5049	-311.9144	68.40953	2.036249	0.3506401	0.09389981	0.4060598
4068	-244.488	-312.5843	68.09628	2.164209	0.38671	0.09389981	0.2850386
4074	-252.8809	-321.3741	68.49322	1.269619	0.2974763	0.1622934	1.230238
4080	-247.567	-316.4402	68.87323	1.520348	0.3893171	0.06801792	0.7762148
4086	-252.0371	-321.7141	69.67705	1.414603	0.09875176	0.03296823	1.088967
4092	-242.0856	-310.8433	68.75762	2.097053	0.2687094	0.03296823	0.3170565
4098	-239.2008	-308.8072	69.60646	1.924726	0.09511205	0.02189335	0.4186548
4104	-236.5104	-306.7715	70.26113	1.58669	0.0240837	0.03006783	0.4746551
4110	-244.0715	-314.0356	69.96415	1.736012	0.0626077	0.01868773	0.5095546
4116	-245.0566	-314.4604	69.40387	1.748139	0.1920835	0.01868773	0.6688827
4122	-243.9191	-313.5389	69.61986	0.9850996	0.1856431	0.03611172	1.226886
4128	-252.219	-321.3259	69.10691	0.9266779	0.4128127	0.08133973	1.056342
4134	-245.0175	-313.1389	68.12132	1.157447	0.4886481	0.07675479	1.577376
4140	-238.7665	-306.7026	67.93612	1.025509	0.9860164	0.07675479	1.332686
4146	-253.3445	-321.0627	67.71817	1.591863	0.7294292	0.04402953	1.412191
4152	-233.1965	-302.2516	69.05509	1.591863	0.2012648	0.03656334	1.14764
4158	-239.2478	-308.0775	68.8297	1.522692	0.3647451	0.02351904	1.098982
4164	-247.5514	-316.5453	68.9939	1.857692	0.2822133	0.02178992	0.7565025
4170	-247.3606	-316.3352	68.97458	1.848139	0.2085873	0.08996566	0.4321159
4176	-243.4249	-312.2862	68.8613	1.749547	0.3360007	0.06473183	0.6098959
4182	-234.0755	-303.1506	69.07508	1.617257	0.2937228	0.06762743	0.6098959
4188	-230.6428	-299.9955	69.3527	1.762886	0.2074504	0.03162107	0.5001567
4194	-238.4957	-307.9329	69.43719	1.766995	0.1641752	0.01570714	0.7288577
4200	-242.4597	-312.5672	70.10754	1.597024	0.05952262	0.02446709	0.5168618
4206	-244.0374	-313.8148	69.77742	1.92714	0.05952262	0.02446709	0.5168618
4212	-237.3019	-306.3412	69.03931	2.210382	0.05952262	0.00659322	0.1937868
4218	-232.8898	-302.0533	69.16351	2.340358	0.05952262	0.0150202	0.2433488
4224	-238.5422	-307.4837	68.94151	2.482077	0.08033577	0.01069362	0.2699746
4230	-238.8024	-308.1037	69.30139	2.286932	0.04556478	0.01202052	0.2594629
4236	-236.4449	-305.7364	69.29143	2.096912	0.07181777	0.02085736	0.218273
4242	-240.0887	-309.161	69.07229	2.089794	0.1265589	0.03915051	0.2526087
4248	-245.4736	-314.4723	68.99872	1.800069	0.2414275	0.07521084	0.573145
4254	-241.2431	-309.8608	68.61775	1.544802	0.5970505	0.05905709	0.6504797
4260	-240.9968	-309.6475	68.65072	1.379581	0.5970505	0.05905709	0.8508933
4266	-243.2467	-312.606	69.35925	1.318039	0.2563914	0.05905709	0.8508933
4272	-241.3749	-310.638	69.26317	1.928787	0.1713831	0.03745439	0.4384402
4278	-247.244	-316.9458	69.70179	1.636887	0.1402056	0.03051742	0.4913876
4284	-248.4693	-317.05	68.58069	1.589658	0.528115	0.07972694	0.6463224
4290	-245.452	-312.8399	67.38788	1.589078	1.77322	0.02121566	0.9888525
4296	-236.5517	-306.1491	69.59743	1.468599	0.1339629	0.03050476	0.9888525
4302	-242.3984	-311.0018	68.60342	2.093211	0.2611191	0.07436122	0.3411425
4308	-235.7468	-304.5556	68.80884	1.903894	0.2611191	0.07436122	0.3600274
4314	-249.3303	-317.8489	68.51865	1.383392	0.5833476	0.09640491	0.8197056
4320	-251.4276	-320.1594	68.73178	1.256044	0.3209719	0.07436122	1.288992
4326	-247.9949	-316.1992	68.20435	0.8063938	0.4373462	0.2737939	1.349128
4332	-246.4039	-313.4939	67.09	1.483929	0.7782961	0.402218	1.056772
4338	-244.8675	-313.7407	68.87315	1.349354	0.227649	0.06962721	1.304466
4344	-258.2712	-327.1306	68.85948	2.111622	0.227649	0.04908724	0.5385048
4350	-250.1759	-318.4112	68.23531	2.124558	0.3450695	0.09159656	0.2877653
4356	-250.3639	-318.7452	68.38133	2.037181	0.3450695	0.1047026	0.4228069
4362	-250.6847	-320.2679	69.58314	1.68664	0.1243252	0.05021503	0.6415883
4368	-244.4305	-312.6491	68.21867	1.515893	0.6089567	0.05021503	1.172555
4374	-237.8811	-306.0323	68.15119	1.926957	0.7098647	0.05021503	0.5812963
4380	-234.4504	-303.7779	69.32745	1.225559	0.2496285	0.02969868	1.138432
4386	-234.9571	-304.8172	69.86013	1.221075	0.09197169	0.02830106	1.142694
4392	-234.193	-303.9534	69.76034	1.251471	0.1169767	0.02830106	1.111363
4398	-238.2989	-307.9659	69.6669	1.147194	0.08726562	0.02830106	1.381592
4404	-239.2888	-309.061	69.77214	0.9985875	0.09636582	0.02830106	1.384273
4410	-246.2257	-316.4121	70.18634	1.112556	0.09636582	0.02325827	0.9291021
4416	-252.0851	-321.9177	69.83261	1.055989	0.09636582	0.03306135	1.273777
4422	-244.5333	-311.9406	67.40739	1.004057	0.9936557	0.02713897	1.899877
4428	-244.4255	-312.2682	67.84273	1.216185	0.6441633	0.02713897	1.735545
4434	-249.5526	-318.2975	68.74487	1.483251	0.3788607	0.08986474	0.8834976
4440	-245.1178	-314.3528	69.23499	1.211413	0.3788607	0.02376554	0.9801339
4446	-236.6599	-306.0309	69.37101	1.202262	0.1776615	0.02376554	1.314315
4452	-241.1964	-309.2726	68.07619	1.275822	0.7068176	0.04350506	1.404061
4458	-250.7902	-317.6359	66.84567	1.537352	1.766196	0.04151614	1.43312
4464	-257.2436	-323.543	66.29945	2.574829	1.766196	0.04151614	0.1981209
4470	-255.7809	-323.4061	67.62519	2.032923	0.6848986	0.1554935	0.4068362
4476	-244.4326	-312.4793	68.04671	1.745069	0.6848986	0.1240733	0.516601
4482	-243.0682	-311.1077	68.03954	1.990872	0.6848986	0.05790524	0.3534282
4488	-243.8966	-310.204	66.3074	2.476263	1.962474	0.09221914	0.3607092
4494	-251.7013	-318.3021	66.60085	1.960135	2.872088	0.04904081	0.4241532
4500	-239.2047	-308.514	69.30932	1.955238	0.1305277	0.05031013	0.418388
4506	-248.7745	-316.3763	67.60173	1.988611	1.098371	0.06263809	0.418388
4512	-257.2745	-324.9485	67.67406	2.21551	0.9538722	0.02967662	0.5994713
4518	-251.2108	-320.7474	69.53656	1.995674	0.09041666	0.02518624	0.3951288
4524	-239.4682	-309.0553	69.58705	1.945562	0.08439326	0.01038603	0.6193799
4530	-246.2776	-314.9195	68.64183	1.71435	0.45365	0.07162502	0.5847724
4536	-250.107	-318.0181	67.91115	1.671936	0.6915802	0.08782114	1.043024
4542	-245.6044	-313.8738	68.26942	2.0872	0.5787785	0.03133376	0.4470505
4548	-248.0283	-314.4063	66.37806	1.540349	3.664192	0.113941	0.6628419
4554	-242.4033	-308.8638	66.46056	1.819425	3.521512	0.04649925	0.6628419
4560	-248.193	-316.9701	68.77713	2.005153	0.3106249	0.04519334	0.4605604
4566	-244.7822	-313.8543	69.0721	1.667444	0.3106249	0.04471241	0.6721419
4572	-248.882	-318.1418	69.25979	1.728413	0.2074643	0.04471241	0.7026486
4578	-248.244	-318.2427	69.99871	1.773976	0.03795698	0.02703005	0.6356068
4584	-244.8941	-314.9312	70.03704	1.653937	0.05596827	0.01298354	0.6265822
4590	-233.4961	-303.3271	69.83107	1.838351	0.04822515	0.007942929	0.592968
4596	-236.4733	-306.4689	69.99558	1.19844	0.02984802	0.01029495	1.283219
4602	-241.0178	-310.6732	69.65535	1.105577	0.1242024	0.02273505	1.316173
4608	-243.416	-312.709	69.29307	1.292498	0.185634	0.03169208	1.259877
4614	-240.8631	-309.4268	68.5637	1.787713	0.3753449	0.03656712	1.030643
4620	-240.5	-309.9974	69.49744	1.467893	0.2193472	0.03656712	0.7485244
4626	-243.8506	-313.0863	69.23568	1.593001	0.2193472	0.05067681	0.8391132
4632	-243.9486	-313.8407	69.89207	1.28176	0.1491472	0.02243705	0.8391132
4638	-242.1696	-312.1636	69.994	1.558577	0.09332873	0.01653156	0.5454615
4644	-240.455	-309.8845	69.42952	1.63738	0.09332873	0.02914795	1.147176
4650	-239.7606	-309.6561	69.89556	1.469563	0.0712054	0.04610809	0.8711764
4656	-235.6188	-306.1464	70.5276	1.289085	0.02110627	0.01936515	0.7105157
4662	-244.0741	-314.1785	70.10445	1.382052	0.08396784	0.04318751	0.6094323
4668	-251.1134	-320.0317	68.91838	1.763107	0.3774958	0.03661347	0.4602423
4674	-235.636	-304.1571	68.52107	1.985386	0.3774958	0.05486794	0.3186031
4680	-251.7668	-319.7627	67.99592	2.057946	0.5455546	0.1017521	0.3910608
4686	-241.8916	-310.3654	68.47381	1.581889	0.5386738	0.09336728	0.7156647
4692	-239.6706	-307.7866	68.11596	2.032547	0.5386738	0.08879657	0.4955648
4698	-239.5593	-307.2887	67.72937	1.990825	0.7827612	0.09323902	0.7200964
4704	-248.5303	-315.6576	67.12721	2.205952	1.244228	0.09323902	0.5165014
4710	-248.5386	-316.762	68.22334	1.575288	1.012939	0.02172794	0.7179049
4716	-246.5055	-314.1868	67.68126	1.813492	1.012939	0.02172794	1.068846
4722	-240.0786	-309.237	69.15835	1.568137	0.2303879	0.07760441	0.759244
4728	-245.7888	-314.9438	69.15499	1.578573	0.2303879	0.01453501	1.03998
4734	-241.725	-310.9001	69.17512	1.773437	0.2303879	0.05236771	0.4745099
4740	-240.3905	-309.6962	69.3057	1.946672	0.1689715	0.02687343	0.4745099
4746	-247.2423	-316.3005	69.05829	2.10927	0.1689715	0.02687343	0.3201131
4752	-241.0812	-310.3671	69.28588	2.378385	0.03123195	0.01114532	0.2686336
4758	-249.101	-317.5317	68.43073	2.648578	0.1002849	0.003060334	0.3601284
4764	-238.6815	-307.7053	69.02378	2.412296	0.1002849	0.01040653	0.3557852
4770	-241.6698	-309.8593	68.18948	2.367641	0.4121817	0.02501103	0.3020704
4776	-244.1407	-312.1126	67.97194	2.404912	0.4121817	0.04616153	0.2497376
4782	-246.2817	-314.4765	68.19481	2.32901	0.4204276	0.03475749	0.3195873
4788	-242.1062	-311.1628	69.05658	1.826292	0.2466914	0.01728782	0.8393746
4794	-238.0814	-306.6146	68.5332	2.422872	0.2395026	0.01179565	0.3231168
4800	-240.6819	-310.5666	69.88463	1.367988	0.1000058	0.01936166	0.968705
4806	-246.6083	-316.5772	69.96893	1.100421	0.09566117	0.05973733	0.9967489
4812	-245.432	-315.0242	69.59225	1.234525	0.2566231	0.03914763	0.7854377
4818	-233.6216	-303.5196	69.89797	0.9795724	0.08226619	0.0657595	1.200724
4824	-236.4727	-305.751	69.27827	0.9999304	0.3507128	0.05184083	1.076634
4830	-238.3063	-307.469	69.16275	0.8310142	0.1731077	0.1077484	1.478106
4836	-240.032	-307.6762	67.64418	1.07189	0.5922124	0.08765794	1.825725
4842	-227.1122	-297.0153	69.90313	1.262403	0.1120964	0.06813463	0.7547654
4848	-241.028	-308.1197	67.09176	1.826321	1.530948	0.1405498	0.5430885
4854	-233.2689	-302.4149	69.14593	1.785951	0.2365506	0.05255644	0.5118349
4860	-245.924	-313.7937	67.86968	1.66572	1.125524	0.0709471	0.549572
4866	-240.5332	-309.8388	69.30563	1.432359	0.2653752	0.0709471	0.6294094
4872	-239.9403	-309.3183	69.37797	1.427322	0.2394821	0.0709471	0.6294094
4878	-241.7742	-311.7007	69.92646	1.317229	0.114876	0.0346754	0.8546468
4884	-245.8439	-314.5771	68.73327	1.246984	0.651484	0.05303868	0.8546468
4890	-248.8363	-318.0421	69.20582	1.364242	0.2385631	0.02940108	1.15042
4896	-241.5758	-311.1947	69.61891	1.387455	0.1687618	0.06825762	0.6753775
4902	-242.4883	-312.0664	69.57812	1.40611	0.1755637	0.06825762	0.6753775
4908	-249.3212	-318.5869	69.2657	1.432229	0.2450614	0.05821679	0.8665601
4914	-235.1193	-304.2579	69.13859	1.596829	0.2311441	0.05821679	0.8665601
4920	-240.7634	-309.5106	68.74715	1.189924	0.2566065	0.0733041	1.454112
4926	-249.4159	-318.4329	69.01692	1.004948	0.2566065	0.0733041	1.3887
4932	-239.94	-308.9152	68.97517	1.135615	0.26822	0.0733041	1.294322
4938	-248.3895	-317.0944	68.70497	1.073711	0.26822	0.0733041	1.55075
4944	-246.468	-315.923	69.455	1.50549	0.1231705	0.0733041	0.924451
4950	-248.9866	-318.6405	69.65387	1.025847	0.1102177	0.06268276	1.278111
4956	-253.4803	-322.7992	69.31892	0.9069324	0.1813095	0.09758637	1.30983
4962	-241.8557	-309.9155	68.0598	1.24037	0.5221435	0.03832381	1.658513
4968	-233.2583	-302.9103	69.65196	1.601084	0.1224966	0.03371527	0.8108753
4974	-238.5746	-307.8255	69.25091	1.37452	0.3763133	0.03371527	0.719751
4980	-245.7215	-315.2814	69.55985	1.620738	0.08246093	0.115201	0.4624225
4986	-252.4602	-322.3132	69.85304	1.327553	0.08246093	0.115201	0.4624225
4992	-251.4139	-320.4945	69.08058	1.245732	0.2623653	0.08571229	1.070247
4998	-258.2886	-327.5481	69.25947	1.230339	0.1482378	0.1576792	0.9661007
5004	-246.3894	-315.4708	69.08139	1.256399	0.2198442	0.05031418	1.305932
5010	-248.8843	-318.2513	69.36701	1.193639	0.2198442	0.0855005	0.9517807
5016	-257.8393	-325.5418	67.70245	1.30013	0.855881	0.1828336	1.06844
5022	-250.962	-319.439	68.477	1.228608	0.3396247	0.1261801	1.306237
5028	-246.9874	-316.156	69.16859	1.311582	0.2496915	0.1058792	0.8521342
5034	-245.0175	-314.9904	69.97295	1.428811	0.07326112	0.01707069	0.9377668
5040	-247.626	-317.4205	69.79449	1.312059	0.09967467	0.04853203	0.9983598
5046	-242.7803	-313.0132	70.23289	1.385611	0.065792	0.02435142	0.6868537
5052	-241.8571	-311.8188	69.96168	1.656821	0.065792	0.02435142	0.6868537
5058	-242.454	-312.1304	69.67644	1.970274	0.05513265	0.02435142	0.3251854
5064	-242.118	-311.6527	69.53474	1.993493	0.07410814	0.02172857	0.2982835
5070	-241.9874	-312.4432	70.45577	1.352381	0.0285761	0.02754745	0.6453865
5076	-249.2145	-319.0686	69.85407	1.874635	0.0285761	0.03841992	0.3383775
5082	-244.3024	-314.0386	69.73616	1.558207	0.1592301	0.02265851	0.5495274
5088	-231.0809	-301.0864	70.00548	1.559008	0.082986	0.02265851	0.6413429
5094	-232.6066	-302.1418	69.5352	1.859709	0.1226164	0.0327465	0.5114884
5100	-237.2362	-307.3388	70.1026	1.508143	0.05363199	0.02707975	0.7796949
5106	-238.7714	-308.1155	69.34411	1.222877	0.3030801	0.06541392	0.8070396
5112	-251.9694	-320.9933	69.02385	1.450427	0.2770304	0.07736974	0.9231521
5118	-244.0275	-312.586	68.5585	1.148612	0.2770304	0.07374819	1.585734
5124	-241.6082	-310.8522	69.24391	1.492312	0.2749024	0.02402044	0.9161459
5130	-247.3629	-317.1354	69.77245	1.542493	0.09685197	0.01990294	0.9161459
5136	-242.2386	-312.4731	70.2345	1.411803	0.05497586	0.01715763	0.7452444
5142	-244.2914	-314.6609	70.36948	0.9450415	0.06720563	0.01976954	1.054453
5148	-245.7193	-315.5521	69.83282	1.530524	0.1279393	0.03519655	0.4884627
5154	-244.4948	-314.1907	69.69588	1.276616	0.1143509	0.09229251	0.8513858
5160	-246.1854	-316.7178	70.5324	0.9890636	0.05183395	0.02942185	0.8911772
5166	-241.7213	-311.6773	69.95599	1.552563	0.05169424	0.00747573	0.8205566
5172	-246.6812	-316.6671	69.98596	1.750895	0.05169424	0.01353087	0.5584647
5178	-241.1227	-311.177	70.05427	1.686467	0.05169424	0.01565055	0.5772483
5184	-244.6425	-313.8083	69.16579	1.604557	0.2413508	0.01565055	0.9776097
5190	-242.2038	-311.7782	69.57436	1.153517	0.1441712	0.01945582	1.287202
5196	-239.061	-308.4725	69.41153	1.232076	0.1656528	0.02264007	1.291329
5202	-236.8781	-306.2911	69.41297	1.199583	0.1656528	0.05664642	1.188496
5208	-240.2508	-309.441	69.19027	1.24207	0.1656528	0.09519668	1.188496
5214	-237.1614	-306.6677	69.50624	1.186773	0.1656528	0.04053616	1.188496
5220	-241.0812	-311.1281	70.04681	1.311376	0.1130741	0.04053616	0.6507387
5226	-243.1414	-312.971	69.82967	1.36968	0.1045774	0.02466577	0.9925404
5232	-242.5724	-311.3053	68.73288	1.349327	0.2561854	0.02966327	1.504949
5238	-237.8685	-306.5544	68.68593	1.64223	0.3673119	0.03694199	1.066724
5244	-237.1891	-306.4752	69.28602	1.817063	0.1765329	0.0382759	0.7219344
5250	-237.1637	-305.8948	68.73105	1.288797	0.2654354	0.05794859	1.430657
5256	-238.296	-306.5747	68.27867	1.046267	0.6929883	0.05250325	1.404051
5262	-241.5092	-309.6598	68.15058	1.34729	0.5698461	0.05250325	1.404051
5268	-247.5694	-316.9508	69.38144	1.252551	0.2276952	0.05513283	1.002631
5274	-242.0784	-310.976	68.89764	1.761768	0.2417073	0.06516218	0.8820581
5280	-246.2295	-315.3368	69.10729	1.245769	0.1734915	0.04831188	1.41265
5286	-246.5292	-315.0815	68.55234	1.437013	0.3336502	0.04831188	1.367874
5292	-240.824	-309.0625	68.2385	1.533243	0.4440458	0.04831188	1.367874
5298	-246.7611	-315.3538	68.59274	1.356097	0.4497996	0.1080701	0.9579638
5304	-242.8804	-311.7133	68.83291	1.230071	0.4497996	0.1275429	0.7188125
5310	-248.9186	-317.0768	68.15821	1.39635	0.5568298	0.06616983	1.321502
5316	-260.3292	-329.4942	69.165	1.017443	0.2467157	0.06292278	1.321502
5322	-255.2625	-324.8158	69.55331	1.135566	0.2467157	0.0365157	0.9886215
5328	-251.7267	-319.9003	68.17357	1.61146	0.3635206	0.1541122	1.108694
5334	-246.1093	-315.101	68.99178	1.205049	0.3627812	0.09886655	0.9114997
5340	-255.0596	-324.2773	69.21772	1.049179	0.1242607	0.03710693	1.646931
5346	-251.4713	-321.1527	69.68143	1.775338	0.1165049	0.01660646	0.4600415
5352	-247.5006	-317.137	69.63644	1.729217	0.1151388	0.04390956	0.4491116
5358	-245.147	-314.4972	69.35023	2.058817	0.1151388	0.0201926	0.3501479
5364	-241.9497	-311.3166	69.36681	1.838932	0.1812526	0.0201926	0.3952801
5370	-243.8889	-313.1316	69.24268	1.988514	0.1812526	0.0201926	0.4923008
5376	-248.188	-317.3997	69.21168	2.02051	0.1812526	0.01871783	0.4889079
5382	-240.0149	-309.4943	69.47939	2.02051	0.0419955	0.005038059	0.3124898
5388	-247.2195	-316.6228	69.40334	2.042746	0.06593577	0.005038059	0.6322029
5394	-250.6625	-319.7685	69.10602	2.391145	0.07731256	0.01106113	0.3075753
5400	-247.7655	-317.6188	69.85328	1.738718	0.07731256	0.0130005	0.615869
5406	-241.9807	-311.9375	69.95687	1.714326	0.06716564	0.0216977	0.459919
5412	-235.1487	-304.8242	69.67545	1.714326	0.08000768	0.01556072	0.9136052
5418	-235.4308	-304.8958	69.465	2.040185	0.09595213	0.01556072	0.3746787
5424	-239.8956	-307.9303	68.0347	1.505919	0.8809956	0.1090981	0.7198385
5430	-236.1066	-305.2945	69.1879	1.168002	0.2112004	0.03813306	1.359571
5436	-243.785	-313.4824	69.69737	1.452555	0.1254334	0.03813306	0.8967829
5442	-240.6537	-310.5775	69.92377	1.412182	0.1254334	0.01935207	0.7434069
5448	-244.813	-313.9425	69.12953	2.119116	0.1254334	0.05931451	0.4504774
5454	-248.1506	-318.022	69.87142	1.62499	0.07599707	0.04148912	0.3506091
5460	-240.6114	-308.4226	67.81117	2.371664	0.5757686	0.04148912	0.2819479
5466	-239.0874	-307.8872	68.7998	2.406726	0.1480329	0.01785446	0.2819479
5472	-238.4823	-306.9514	68.46912	2.522632	0.1480329	0.01504006	0.1902452
5478	-239.5484	-307.4658	67.91744	2.509407	0.5038236	0.01983835	0.3181558
5484	-235.8721	-303.4037	67.53161	2.438503	0.5038236	0.07196115	0.2014888
5490	-239.3661	-306.9547	67.58861	2.432229	0.5038236	0.06455607	0.2066763
5496	-245.3606	-314.1173	68.75675	1.988405	0.3590811	0.02947627	0.5695477
5502	-244.8499	-313.5192	68.66931	1.858303	0.3590811	0.06864717	0.3767918
5508	-248.2774	-316.906	68.62864	1.774501	0.440352	0.06864717	0.5459881
5514	-236.9854	-305.4722	68.48671	2.059271	0.4685006	0.02961058	0.4807174
5520	-237.52	-307.0545	69.53453	1.473365	0.1869001	0.06548397	0.5460906
5526	-240.1358	-308.3012	68.16535	1.27641	0.656756	0.05638037	1.334904
5532	-246.5469	-314.7767	68.22983	1.414861	0.6354949	0.1005759	1.002754
5538	-255.214	-324.2291	69.01511	1.231343	0.3319761	0.04692548	1.163871
5544	-250.7866	-319.8506	69.06395	1.581106	0.3319761	0.04223159	0.7691829
5550	-258.9733	-327.5309	68.55766	1.885921	0.3319761	0.05833701	0.9182008
5556	-257.247	-326.3551	69.10812	1.885921	0.2399454	0.03824429	0.4923761
5562	-263.1042	-330.4638	67.35954	2.155972	0.7717097	0.1071264	0.924678
5568	-255.2912	-323.3919	68.10065	2.080502	0.4710739	0.1071264	0.5043901
5574	-252.5882	-321.7256	69.13731	1.717727	0.2188456	0.07709817	0.4439843
5580	-260.2312	-327.4841	67.25284	1.787724	1.144043	0.05657115	1.224117
5586	-261.1763	-328.961	67.78478	1.143995	1.075285	0.04999935	1.392809
5592	-249.9824	-317.3657	67.38332	1.445714	1.075285	0.02004416	1.562779
5598	-248.493	-317.7083	69.21536	1.790129	0.2149898	0.02764341	0.7644862
5604	-245.0875	-314.1307	69.0432	1.918862	0.189706	0.009701013	0.8787047
5610	-241.2317	-310.1879	68.95628	2.012318	0.2413964	0.01318557	0.7209534
5616	-239.2555	-308.5976	69.34211	1.456725	0.2413964	0.04788671	0.8179899
5622	-239.9929	-309.136	69.14306	1.672063	0.2413964	0.04848792	0.7925243
5628	-244.7834	-312.8222	68.03885	1.629493	0.6480037	0.1399161	0.7787785
5634	-249.4407	-318.4266	68.98584	1.201463	0.2425417	0.0788989	1.264421
5640	-242.914	-312.4138	69.49977	1.770325	0.1143161	0.05976605	0.3961194
5646	-245.7853	-314.9727	69.18743	1.752557	0.2296184	0.05390145	0.5480472
5652	-244.9093	-314.9712	70.06193	1.478358	0.06355063	0.0125854	0.8104027
5658	-240.6623	-309.9724	69.31008	1.220887	0.2200184	0.04066079	1.184274
5664	-239.8254	-309.1144	69.289	1.381426	0.1738441	0.04066079	1.184274
5670	-244.7547	-314.3627	69.608	1.484426	0.1282769	0.06113484	0.8152816
5676	-242.6238	-311.8444	69.22066	1.579542	0.2584141	0.06113484	0.6367675
5682	-240.7451	-310.1728	69.4277	1.073667	0.1874885	0.1554202	0.8131918
5688	-244.34	-313.0946	68.75465	1.315631	0.3923188	0.1064364	0.9499371
5694	-235.2943	-303.8555	68.5612	1.579112	0.5173551	0.0369238	0.985261
5700	-246.7333	-315.3527	68.61944	1.369882	0.3439353	0.04099666	1.379143
5706	-250.533	-318.3115	67.77843	1.904475	0.8146359	0.08421575	0.779767
5712	-252.2787	-319.9817	67.70298	1.99074	0.8146359	0.1018825	0.3923177
5718	-250.3452	-319.0676	68.72244	1.634913	0.4142124	0.08645683	0.5920301
5724	-252.5603	-319.9511	67.39081	1.582108	1.327891	0.14833	0.720703
5730	-252.918	-320.5233	67.60531	1.983934	0.5606572	0.2434925	0.5012233
5736	-250.9763	-319.4487	68.47242	1.48909	0.5606572	0.1112781	0.6894153
5742	-241.4211	-310.4251	69.00399	1.812609	0.2715868	0.05614562	0.5609467
5748	-242.4677	-311.9005	69.43276	1.578719	0.1757509	0.05614562	0.7302324
5754	-241.7842	-310.6255	68.84138	1.405437	0.3420484	0.1175481	0.812292
5760	-243.7792	-313.5852	69.80596	1.726895	0.0720004	0.04714972	0.431394
5766	-251.7396	-321.9001	70.16048	1.33161	0.07113668	0.04714972	0.6851234
5772	-246.1025	-316.088	69.98548	1.558293	0.07113668	0.03096942	0.7288596
5778	-244.8025	-314.0343	69.23179	1.558293	0.2977721	0.02618856	0.7741745
5784	-248.8281	-318.2739	69.44572	0.9277972	0.03248231	0.01915949	1.906397
5790	-240.4578	-309.6771	69.21936	1.182459	0.1137133	0.03535359	1.585249
5796	-237.8996	-307.1291	69.22948	1.076755	0.1137133	0.04018614	1.637782
5802	-243.3496	-312.0305	68.68089	1.075512	0.2083189	0.05591384	1.743684
5808	-235.6398	-304.461	68.8212	1.040047	0.3538232	0.02847388	1.504715
5814	-229.0095	-298.6187	69.60919	1.717908	0.09260888	0.02025783	0.9225481
5820	-233.5845	-302.9846	69.40007	1.726074	0.124682	0.01375808	0.9860591
5826	-242.0438	-311.5934	69.54963	1.876104	0.1236999	0.02117951	0.4525792
5832	-234.1687	-303.8649	69.69618	1.716341	0.1236999	0.01336248	0.5669009
5838	-244.181	-312.7972	68.61624	1.501839	0.4801543	0.04213025	1.043035
5844	-243.1136	-310.9436	67.82995	1.413738	1.023167	0.1340735	0.7963304
5850	-253.1987	-321.7404	68.54169	1.440399	0.7333358	0.03820616	0.8101664
5856	-259.1228	-327.6401	68.5173	1.701412	0.561995	0.03820616	0.8101664
5862	-251.5853	-320.247	68.6617	1.776719	0.3447643	0.04950193	0.9417741
5868	-247.3989	-315.8622	68.46327	2.030215	0.3447643	0.01973175	1.01129
5874	-248.2869	-317.2191	68.93224	1.617832	0.2949718	0.0975198	0.6180811
5880	-246.2186	-315.4815	69.26299	1.556933	0.2289747	0.03611353	0.9022363
5886	-243.631	-313.1745	69.54355	1.482419	0.2289747	0.02630589	0.6740241
5892	-246.6831	-315.8024	69.11925	1.278289	0.2905249	0.07118021	0.9995923
5898	-250.3237	-318.6466	68.32286	1.497294	0.8142529	0.07946042	0.5067385
5904	-250.6268	-318.6165	67.98971	1.601576	0.7973616	0.1402244	0.5067385
5910	-244.1133	-312.016	67.90269	1.603656	0.8715668	0.1402244	0.5067385
5916	-238.7131	-307.5309	68.8178	1.794149	0.3311641	0.06857537	0.4267627
5922	-247.6078	-316.4549	68.84708	1.807272	0.3046655	0.07452488	0.4820593
5928	-242.1312	-310.6729	68.54166	1.489799	0.6292102	0.07530177	0.6641604
5934	-248.3601	-315.2754	66.91529	1.396915	1.938489	0.07376946	1.278149
5940	-251.2585	-319.5506	68.29215	1.444787	0.7431388	0.1053705	0.6855055
5946	-257.0758	-324.9049	67.82904	1.869784	0.8129303	0.1053705	0.5719778
5952	-248.657	-317.7785	69.12142	1.543413	0.3271394	0.0519307	0.6751
5958	-252.218	-321.2055	68.9875	1.627336	0.2501741	0.1127004	0.5630467
5964	-264.4288	-332.7087	68.27987	1.44258	0.7132515	0.09258552	0.8412639
5970	-260.0324	-329.5348	69.50244	1.367403	0.1875771	0.07852191	0.7243032
5976	-252.4574	-322.4756	70.01827	1.391416	0.06972497	0.06043797	0.7243032
5982	-260.5412	-329.7231	69.18188	1.405697	0.204187	0.122093	0.7933397
5988	-255.1826	-324.2965	69.11387	1.339449	0.4096108	0.04319599	0.8090801
5994	-248.1503	-316.8468	68.69654	0.9011348	0.3216029	0.1193364	1.442949
6000	-245.3189	-315.1368	69.8179	0.8744766	0.1604863	0.04627318	1.17939
6006	-244.6854	-313.8226	69.13722	0.857606	0.1604863	0.07764991	1.605739
6012	-254.8663	-323.9638	69.09747	0.9241623	0.1190135	0.06063567	1.752394
6018	-246.4833	-315.9052	69.42193	1.115306	0.1463433	0.06063567	1.290639
6024	-243.9112	-312.236	68.32484	1.524406	0.6800541	0.1097408	0.5582949
6030	-250.9969	-319.1764	68.17956	1.834241	0.8119283	0.0381428	0.5781921
6036	-238.7889	-307.3173	68.52842	1.834241	0.543079	0.0381428	0.6156337
6042	-243.6941	-312.6028	68.90873	1.799461	0.3256506	0.04927244	0.6156337
6048	-249.3547	-317.0562	67.70148	2.23356	0.7299487	0.06328726	0.3413295
6054	-242.3991	-311.1649	68.76572	2.34115	0.1464188	0.03863273	0.2607148
6060	-245.1603	-313.1011	67.94081	1.432335	0.7752433	0.09113448	1.126493
6066	-243.6336	-311.3093	67.67569	1.583051	0.7752433	0.2569036	0.450958
6072	-239.9985	-309.615	69.61648	1.980353	0.08033113	0.01322488	0.44745
6078	-242.8758	-312.6502	69.77436	1.342572	0.1339345	0.03827204	0.8970638
6084	-247.3091	-316.558	69.24886	1.876924	0.1823023	0.03827204	0.6453585
6090	-240.6411	-309.8318	69.19067	1.815475	0.236732	0.01898546	0.7012835
6096	-243.1082	-312.541	69.43275	2.040975	0.1019227	0.01557443	0.3660436
6102	-254.3644	-323.1239	68.75942	1.990463	0.2050842	0.08678273	0.3025855
6108	-248.1551	-316.6045	68.4494	1.834722	0.36088	0.1264802	0.3912901
6114	-246.8269	-315.4422	68.61528	1.951579	0.36088	0.06212199	0.3958335
6120	-244.1374	-313.4355	69.2981	1.644182	0.187994	0.06276153	0.3261768
6126	-239.9932	-308.3911	68.39787	1.501382	0.5195969	0.06276153	1.090769
6132	-244.9327	-314.6683	69.73566	1.431048	0.1025655	0.09777073	0.5214803
6138	-243.0549	-310.9328	67.87795	1.973023	0.7217374	0.09777073	0.485657
6144	-241.191	-310.337	69.14597	1.511644	0.3641141	0.0296387	0.7359886
6150	-241.0245	-309.2254	68.20096	2.523547	0.3641141	0.0296387	0.4099486
6156	-247.3237	-315.8435	68.51975	2.585142	0.09868784	0.02512695	0.1703949
6162	-243.33	-311.1368	67.80676	2.585142	0.307097	0.04206744	0.1703949
6168	-238.8834	-307.3101	68.42671	2.318935	0.307097	0.0146435	0.2775505
6174	-241.7867	-311.223	69.43634	1.405182	0.2148675	0.08085232	0.589283
6180	-241.4576	-310.4242	68.96669	1.121188	0.2148675	0.03572951	1.56407
6186	-236.1648	-306.4601	70.29527	1.030797	0.09098599	0.05125726	0.7719728
6192	-235.6589	-305.7671	70.10817	1.463022	0.06659098	0.01766917	0.7719728
6198	-243.0134	-312.4485	69.4351	1.92399	0.1388337	0.01285439	0.4719541
6204	-237.0662	-305.9322	68.86602	1.74671	0.4453201	0.02173435	0.5014748
6210	-234.4732	-303.9373	69.46414	2.180691	0.07246436	0.02357391	0.5014748
6216	-241.4264	-310.0467	68.62027	2.549042	0.1670359	0.0244297	0.3093816
6222	-242.2152	-311.9774	69.76216	1.831462	0.07848975	0.01633043	0.3885847
6228	-241.4387	-311.0045	69.56571	2.054193	0.07848975	0.02150381	0.5270308
6234	-241.7936	-311.5627	69.76912	1.465375	0.09989951	0.02449973	0.97733
6240	-241.8048	-311.5281	69.72329	1.639661	0.1137987	0.04529587	0.5602025
6246	-241.0519	-309.7482	68.69634	1.357217	0.5762073	0.05630415	0.8761034
6252	-244.065	-312.3009	68.23588	1.514798	0.5405906	0.05630415	1.220602
6258	-245.3623	-313.9561	68.59386	1.784774	0.5405906	0.03539307	0.3979948
6264	-241.2136	-309.2413	68.02769	1.980312	0.7561776	0.0453155	0.672044
6270	-257.0933	-324.347	67.25364	1.391096	1.965913	0.0453155	1.097529
6276	-246.3754	-314.9962	68.62084	1.717993	0.5512888	0.03897948	0.6333181
6282	-246.5946	-314.8196	68.22496	1.354288	0.5512888	0.1389647	1.040197
6288	-255.0539	-321.8204	66.76656	0.7975673	1.825344	0.09320985	1.819401
6294	-250.6355	-320.5896	69.95406	1.172357	0.1332802	0.04953953	0.8217637
6300	-239.0667	-309.2688	70.20208	1.122664	0.07973932	0.03466489	0.9340076
6306	-244.7344	-313.9301	69.19563	1.587037	0.2876216	0.03631231	0.7581517
6312	-244.0302	-312.7385	68.70832	2.358461	0.2129192	0.03169521	0.3829245
6318	-240.2744	-307.4194	67.14504	2.443632	0.8328081	0.06286872	0.2093835
6324	-250.5296	-317.9169	67.38732	2.425048	0.785164	0.06286872	0.2923919
6330	-250.0413	-318.6037	68.56241	2.372531	0.2366546	0.02694934	0.2953178
6336	-244.3715	-312.7716	68.40014	2.486062	0.2470245	0.01667785	0.2702213
6342	-247.5064	-315.7221	68.21567	2.486062	0.2470245	0.04177891	0.2218238
6348	-245.9969	-312.7552	66.75827	2.555927	1.238287	0.04177891	0.21628
6354	-244.0098	-311.6999	67.69005	1.870007	1.112647	0.05707845	0.6928747
6360	-242.204	-310.7084	68.50442	1.967932	0.3722988	0.05707845	0.7884134
6366	-245.6073	-314.4988	68.89148	1.320088	0.4432626	0.05707845	0.9381717
6372	-241.076	-309.9019	68.82585	2.017683	0.2833886	0.03987142	0.6379613
6378	-245.2753	-313.731	68.45567	1.968343	0.4275016	0.07000173	0.4952077
6384	-243.5077	-312.6999	69.19213	1.898771	0.1324646	0.01297766	0.9872308
6390	-244.1449	-313.7577	69.61274	1.29496	0.1009646	0.01297766	1.265567
6396	-237.4193	-306.8226	69.40331	1.564488	0.1653222	0.05157691	0.8655905
6402	-240.3658	-310.3171	69.95128	1.838267	0.02008938	0.00753478	0.5006854
6408	-244.5985	-314.2817	69.68327	1.764388	0.02008938	0.00280245	0.5006854
6414	-244.3898	-314.2309	69.84112	1.4244	0.02331406	0.003095143	0.9101661
6420	-250.1695	-320.1503	69.98085	1.4244	0.01933619	0.004302333	0.9101661
6426	-234.8028	-304.1902	69.38745	1.821727	0.04498542	0.004466661	1.023112
6432	-250.4729	-319.5603	69.08739	1.199337	0.2180247	0.004970161	1.282474
6438	-246.5703	-314.5729	68.00265	1.355239	0.1188329	0.00831015	2.263015
6444	-241.499	-311.1206	69.62153	1.377403	0.1188329	0.01349462	1.127231
6450	-242.7569	-312.7568	69.99992	1.57054	0.07845927	0.01977824	0.6818028
6456	-254.2505	-323.0501	68.79966	1.706644	0.492862	0.02908851	0.5241931
6462	-237.4915	-306.4549	68.96342	1.672514	0.3685281	0.04652821	0.6019445
6468	-251.2636	-320.6194	69.35583	1.672514	0.1934121	0.05439052	0.6019445
6474	-251.8539	-321.8723	70.01839	1.496984	0.03163708	0.008310041	0.9503251
6480	-249.1757	-318.9597	69.784	1.898265	0.01240301	0.005524821	0.4378534
6486	-255.8703	-325.6431	69.77274	1.840653	0.01240301	0.005267649	0.34316
6492	-244.0741	-313.3524	69.27831	0.6093751	0.2283136	0.05063456	1.628812
6498	-245.779	-313.9298	68.15079	0.7877317	0.8062043	0.04354051	1.621572
6504	-239.8576	-308.7036	68.84599	1.356314	0.3795905	0.1073829	0.8225441
6510	-245.5072	-314.2889	68.7817	1.505839	0.3795905	0.1073829	0.6974122
6516	-251.3311	-319.9384	68.6073	1.758484	0.460902	0.05416309	0.7211811
6522	-250.05	-319.8587	69.80872	1.724036	0.07112532	0.01047014	0.7390117
6528	-246.0098	-316.2617	70.25189	1.296134	0.07112532	0.02834115	0.7390117
6534	-247.6433	-316.5277	68.88434	1.510236	0.4188294	0.06201544	0.7343796
6540	-252.9844	-321.3589	68.3745	1.534399	0.5882323	0.1074852	0.7343796
6546	-254.2991	-322.2626	67.96346	1.212984	0.8884667	0.1074134	1.124183
6552	-247.7789	-317.2474	69.46849	1.421048	0.2027291	0.02586824	0.9544047
6558	-245.0364	-313.8171	68.78069	1.544171	0.3963724	0.04539803	0.9724998
6564	-246.6966	-316.0011	69.30457	1.84084	0.1792304	0.01988453	0.7471748
6570	-244.7201	-313.1782	68.45805	1.84084	0.3609808	0.1284803	0.5524767
6576	-250.6994	-318.1912	67.4918	1.411947	1.47404	0.1284803	0.7644011
6582	-237.4969	-305.956	68.45907	1.359721	0.6447767	0.06901085	0.9574913
6588	-246.7883	-313.6417	66.85339	1.146194	0.6497135	0.05419166	2.348794
6594	-242.689	-311.6157	68.92662	1.108157	0.2477807	0.04421224	1.505903
6600	-243.2096	-312.127	68.91741	1.369174	0.43494	0.02628718	1.025077
6606	-247.0257	-314.5073	67.48163	1.344479	1.288269	0.058822	1.289533
6612	-248.2364	-316.6858	68.44943	1.303595	0.6594981	0.09371387	0.8834804
6618	-250.2775	-319.3825	69.105	1.408529	0.2282691	0.06692857	1.061582
6624	-261.5951	-331.0139	69.41876	1.443996	0.2282691	0.02314441	0.9132384
6630	-256.6177	-325.7771	69.15946	1.463252	0.3296091	0.06417715	0.6225203
6636	-254.6453	-323.6445	68.99925	1.219604	0.3296091	0.1139168	0.8960353
6642	-257.8569	-325.9355	68.07858	1.277496	0.3296091	0.1447106	1.539937
6648	-248.2445	-317.9476	69.70309	1.866443	0.08641294	0.02487752	0.5621542
6654	-241.8245	-311.2257	69.40119	1.50202	0.1902366	0.02567378	0.9799609
6660	-246.6249	-316.2204	69.59542	1.415713	0.1902366	0.02567378	0.8616922
6666	-240.8489	-310.3115	69.46266	1.374492	0.1902366	0.03846679	0.9916224
6672	-232.7158	-301.3472	68.63145	1.465345	0.4915046	0.05300604	0.9916224
6678	-241.0204	-310.4199	69.39952	1.465345	0.1644501	0.01770841	1.109608
6684	-235.6232	-305.4381	69.81487	1.327096	0.1644501	0.03884283	0.7185131
6690	-239.0534	-308.9784	69.925	1.563322	0.09047767	0.04110595	0.5120405
6696	-244.5962	-314.4871	69.89091	1.486045	0.07819917	0.01309505	0.925042
6702	-237.1382	-307.2932	70.15501	1.3813	0.04594097	0.02508602	0.925042
6708	-236.2316	-306.615	70.38338	1.076401	0.04594097	0.04523226	0.9104606
6714	-241.7418	-311.8564	70.11463	1.174346	0.04594097	0.04814327	1.068699
6720	-240.0441	-309.6785	69.63438	1.293454	0.1586037	0.01665937	1.068699
6726	-231.5527	-300.9564	69.40374	1.896619	0.1586037	0.01665937	0.5531903
6732	-236.8575	-305.7453	68.88775	1.643403	0.4073304	0.01665937	0.8313561
6738	-247.1141	-315.5801	68.46594	1.60474	0.4073304	0.06534696	1.10191
6744	-237.2696	-306.2319	68.96224	1.774035	0.2875418	0.06534696	0.5392779
6750	-239.0366	-307.9073	68.87074	1.760578	0.3348608	0.06534696	0.5073914
6756	-246.1059	-315.2088	69.10292	1.734896	0.2434066	0.05968507	0.655944
6762	-248.7164	-317.197	68.48062	1.445379	0.8172883	0.04868913	0.655944
6768	-238.0964	-307.306	69.20966	1.916868	0.2042703	0.02582178	0.6094076
6774	-241.2144	-309.9885	68.77416	2.303738	0.2042703	0.02582178	0.3359285
6780	-239.2661	-308.1947	68.9286	2.180012	0.2042703	0.02582178	0.3732696
6786	-238.7319	-307.162	68.43012	1.432086	0.5813541	0.0516033	1.088019
6792	-245.8348	-313.8643	68.02943	0.9886124	0.2977706	0.05818371	2.078482
6798	-244.7583	-314.2901	69.53182	1.118331	0.1478568	0.03637339	1.292299
6804	-240.849	-310.2574	69.40836	1.508963	0.1478568	0.03420782	1.068794
6810	-232.059	-301.2823	69.22329	1.362756	0.1478568	0.02677816	1.376203
6816	-233.2799	-303.319	70.03903	1.631387	0.05869642	0.02529205	0.646998
6822	-250.4416	-320.5907	70.14905	1.381289	0.09496421	0.02529205	0.5629786
6828	-248.7205	-318.7524	70.03189	1.491594	0.04744018	0.06521992	0.676966
6834	-250.1133	-319.5858	69.47258	1.650626	0.1584784	0.03535555	0.7998867
6840	-244.5514	-312.9014	68.35001	1.739224	0.3794955	0.03535555	1.26145
6846	-236.5789	-305.4074	68.82852	1.75465	0.3794955	0.05447986	0.5705094
6852	-237.0471	-305.9424	68.89526	1.58576	0.3794955	0.05447986	0.7743037
6858	-239.3888	-308.4244	69.03564	1.770862	0.2059219	0.09755156	0.5241279
6864	-244.188	-313.3827	69.19465	1.38608	0.2059219	0.08206045	0.9885581
6870	-238.6308	-307.5647	68.93393	2.019729	0.2436355	0.02319379	0.7453359
6876	-248.4701	-318.2013	69.73116	1.815421	0.09408953	0.01912436	0.5644611
6882	-245.4559	-315.3143	69.85839	1.539807	0.09408953	0.01912436	0.8335875
6888	-241.1785	-311.1858	70.00725	1.301014	0.04730261	0.012204	1.132875
6894	-240.0785	-309.7884	69.70989	1.624936	0.1052933	0.00889566	0.7680434
6900	-257.2002	-325.4909	68.2907	2.034261	0.2417143	0.007084152	1.279544
6906	-237.819	-307.8479	70.02888	1.397957	0.07660826	0.007084152	0.7486857
6912	-236.9513	-306.69	69.73873	1.691467	0.07514002	0.01436123	0.8890683
6918	-245.9368	-315.6127	69.67583	1.69878	0.08100096	0.00985713	0.8749736
6924	-241.1881	-310.3885	69.20042	1.432465	0.1115946	0.00985713	1.423056
6930	-244.1213	-313.9655	69.84422	1.771638	0.06736084	0.02608597	0.6668586
6936	-239.5471	-308.6017	69.05463	1.328603	0.3544536	0.02234489	1.092863
6942	-249.0237	-318.3078	69.28413	1.483042	0.2115024	0.02023808	1.06385
6948	-248.6178	-318.2436	69.6258	1.730571	0.1338394	0.02928534	0.5774195
6954	-241.6233	-311.1194	69.49609	1.872222	0.1338394	0.02891904	0.5140077
6960	-245.2125	-314.812	69.59958	1.669065	0.1621186	0.02891904	0.4913677
6966	-241.4802	-310.7719	69.29174	1.762407	0.1621186	0.02891904	0.9027371
6972	-243.5357	-312.9462	69.41044	1.294922	0.1845249	0.01480721	1.188532
6978	-247.3961	-316.8258	69.42976	1.275615	0.05831424	0.01314579	1.574903
6984	-240.3029	-310.3898	70.08695	1.253548	0.04689096	0.01678683	1.123423
6990	-248.5964	-318.1491	69.55262	1.247459	0.1669673	0.01030826	1.123423
6996	-248.3995	-318.0164	69.61687	0.9764256	0.1669673	0.01709645	1.332512
7002	-242.6404	-312.1802	69.53972	1.428716	0.114176	0.01709645	1.180229
7008	-239.0934	-309.0164	69.92297	1.694822	0.07375075	0.01433595	0.4035483
7014	-236.421	-305.1628	68.74176	1.991563	0.3442703	0.03494621	0.3909323
7020	-243.4722	-311.5953	68.1231	1.991563	0.4991112	0.1073675	0.4106164
7026	-247.2543	-315.7907	68.53646	1.707549	0.3641519	0.1429787	0.5017647
7032	-247.2187	-315.7792	68.56051	1.514263	0.6171007	0.07921225	0.5017647
7038	-247.5609	-315.6771	68.11616	1.441856	0.8713667	0.08087691	0.8755208
7044	-239.8347	-310.1118	70.27711	1.375878	0.05333976	0.02429886	0.7329611
7050	-240.5508	-310.3247	69.7739	1.34556	0.1457928	0.02429886	0.9107958
7056	-237.4447	-307.6855	70.24085	1.476837	0.05848153	0.02113284	0.516182
7062	-236.8025	-307.088	70.28546	1.249835	0.0432317	0.01096343	0.9184593
7068	-238.6126	-308.5453	69.9327	0.9803687	0.0432317	0.01993089	1.486237
7074	-248.5989	-318.9484	70.3495	1.533215	0.02242581	0.01666725	0.4881636
7080	-245.5704	-315.5435	69.97309	1.717886	0.06128778	0.01666725	0.590998
7086	-243.7052	-313.2368	69.53165	1.889566	0.06128778	0.05154032	0.2725654
7092	-233.9092	-304.1282	70.21903	1.3753	0.06682356	0.02853393	0.6954358
7098	-243.3506	-312.7672	69.41659	1.626201	0.1652199	0.06096504	0.6954358
7104	-253.086	-322.8498	69.76378	1.566797	0.07684325	0.07335605	0.6954358
7110	-232.5272	-302.0758	69.54855	1.568707	0.1368081	0.03439422	0.9052739
7116	-242.8219	-311.9361	69.11418	1.927817	0.203103	0.03587616	0.7062873
7122	-238.2365	-307.1528	68.91627	1.04262	0.203103	0.01633787	1.720431
7128	-245.5921	-315.0997	69.50763	1.228829	0.203103	0.05670097	0.9619828
7134	-246.8099	-315.5079	68.69798	1.184342	0.3115431	0.05670097	1.456263
7140	-243.1795	-312.46	69.28049	1.421773	0.187929	0.07822416	0.9369439
7146	-230.9745	-300.3915	69.41704	1.544618	0.187929	0.03273092	0.8950356
7152	-242.7198	-311.9635	69.24367	1.786139	0.187929	0.04864878	0.6982178
7158	-237.1813	-306.5378	69.35649	1.76381	0.1494389	0.05590074	0.6982178
7164	-239.7359	-308.0662	68.33038	1.389676	0.7010903	0.07413338	0.9563676
7170	-237.5414	-306.0752	68.53376	1.69912	0.495546	0.07413338	0.6799662
7176	-242.7415	-311.6103	68.86881	1.737219	0.2755349	0.1009536	0.4868442
7182	-233.5817	-302.5514	68.96974	1.473337	0.2755349	0.1104622	0.7917859
7188	-238.5228	-306.6025	68.07976	1.762866	0.5480992	0.1068325	0.9019795
7194	-240.7665	-309.3515	68.58498	1.589496	0.3965337	0.02884232	1.184927
7200	-255.661	-322.5241	66.86309	1.460711	2.50893	0.05877939	1.061208
7206	-252.2742	-319.2245	66.95026	1.639433	2.126288	0.0567195	1.007431
7212	-254.2041	-321.1856	66.98154	0.9785803	2.482913	0.1200383	1.156515
7218	-240.229	-308.5411	68.31202	2.112361	0.4818281	0.04592559	0.6143766
7224	-246.3385	-314.6427	68.30417	1.029223	0.4818281	0.1046236	1.453423
7230	-249.6691	-317.9404	68.2713	1.265055	0.5634144	0.06224158	1.343382
7236	-244.4376	-312.4517	68.01413	1.343495	1.027352	0.06224158	1.010577
7242	-242.4086	-311.8759	69.46732	1.246347	0.2248191	0.03914699	1.010577
7248	-248.2335	-316.8363	68.6028	1.278865	0.5794848	0.06457898	1.010577
7254	-238.7947	-308.1916	69.39692	1.378469	0.1955784	0.09675037	0.7052048
7260	-245.5431	-314.4828	68.93969	1.592383	0.4036375	0.04379338	0.7052048
7266	-249.0047	-317.846	68.84128	1.645125	0.4036375	0.04379338	0.7756438
7272	-244.4466	-313.1101	68.66353	1.797968	0.4794068	0.0389888	0.6177666
7278	-246.6838	-315.4452	68.76139	1.62975	0.3693435	0.0389888	0.9918763
7284	-246.4409	-315.5052	69.06427	1.264028	0.3693435	0.0389888	1.053374
7290	-249.5934	-318.4805	68.88711	1.151559	0.2064454	0.09332288	1.4119
7296	-238.9578	-308.4951	69.53735	1.22545	0.09959933	0.09332288	1.122746
7302	-243.3851	-312.59	69.20491	1.810728	0.187774	0.06219304	0.5726704
7308	-241.1734	-309.6779	68.50447	1.810728	0.4440481	0.07581098	0.6776026
7314	-245.8476	-315.3094	69.46186	1.411407	0.2468953	0.04430598	0.7155344
7320	-250.8319	-319.3301	68.49824	1.467501	0.3642031	0.1548754	0.926627
7326	-243.5647	-312.4616	68.89692	1.636347	0.3642031	0.07086443	0.5727406
7332	-243.9321	-313.3743	69.44221	1.727846	0.1319263	0.07086443	0.4621035
7338	-233.127	-302.5638	69.43684	1.497198	0.2336588	0.04280936	0.6842083
7344	-240.7583	-310.2255	69.46725	1.478554	0.2336588	0.02975844	0.7634444
7350	-238.9986	-309.5437	70.5451	1.099167	0.05356108	0.03002637	0.7119307
7356	-241.422	-311.5152	70.09316	1.289534	0.03894161	0.01730197	1.121348
7362	-248.9767	-317.9983	69.02164	1.798602	0.2241206	0.01411574	0.9691611
7368	-249.2922	-318.5636	69.27141	1.318805	0.2241206	0.1096896	0.7789082
7374	-236.5913	-306.0191	69.42777	1.352712	0.2241206	0.05130274	0.8770277
7380	-243.0617	-312.0973	69.03562	1.31831	0.3661776	0.05130274	0.973974
7386	-251.1973	-319.2443	68.04702	1.69418	1.082851	0.03787546	0.5293766
7392	-251.5928	-320.0942	68.50143	1.579779	0.5260867	0.03787546	1.025589
7398	-247.756	-317.1999	69.44391	1.860626	0.145597	0.01112588	0.5962058
7404	-243.9488	-312.9203	68.9714	2.278396	0.1436538	0.01112588	0.3275119
7410	-244.6359	-312.8363	68.20041	2.281476	0.470438	0.03998434	0.4204783
7416	-241.1559	-309.583	68.42702	2.209777	0.3819667	0.03998434	0.6147264
7422	-238.7612	-307.6817	68.92042	1.873103	0.3141756	0.03998434	0.5731411
7428	-244.3794	-313.1683	68.78891	1.823575	0.3141756	0.0772299	0.5665358
7434	-241.5233	-310.3147	68.79135	1.444929	0.3141756	0.167235	0.6368605
7440	-245.0215	-314.2734	69.25187	1.627527	0.2382613	0.06018748	0.5745582
7446	-252.2041	-322.1262	69.92211	1.43377	0.1088451	0.03596094	0.7266187
7452	-249.3487	-319.1487	69.79999	0.8924612	0.07075373	0.05361087	1.441604
7458	-248.3919	-318.4339	70.04201	0.8843848	0.09962634	0.05361087	1.143795
7464	-244.4373	-314.2824	69.84514	0.9248634	0.1394151	0.05361087	1.143795
7470	-246.0343	-315.0991	69.06478	1.386704	0.3089271	0.05361087	0.9888323
7476	-259.8584	-328.7631	68.90463	1.434368	0.3089271	0.1448611	0.6004359
7482	-258.8177	-325.8103	66.99264	1.816278	1.006794	0.1827821	1.100407
7488	-246.3971	-315.9878	69.59062	1.155143	0.1824197	0.05792829	1.010417
7494	-246.0657	-314.1436	68.07789	1.791125	0.6284805	0.1050617	0.7215395
7500	-242.1265	-310.508	68.38142	1.713629	0.3886523	0.1495872	0.7215395
7506	-259.055	-327.221	68.16602	0.869166	0.3886523	0.2678416	1.413594
7512	-259.8216	-328.4518	68.63024	1.294477	0.5522761	0.06919329	0.9863958
7518	-260.7696	-328.5308	67.76122	1.149011	0.6314223	0.07041038	1.706706
7524	-244.4933	-313.9086	69.41531	1.194033	0.2729057	0.07041038	0.8145254
7530	-246.9759	-316.2994	69.32355	1.820783	0.1710541	0.04687267	0.5762256
7536	-247.057	-316.1914	69.13434	1.987194	0.1710541	0.0492712	0.6104824
7542	-247.735	-316.8833	69.14834	1.679486	0.3073792	0.03045915	0.643747
7548	-247.1823	-316.4768	69.29442	1.44716	0.3073792	0.03045915	0.7879009
7554	-244.5841	-313.2389	68.65475	1.49646	0.4480952	0.06958809	0.9279205
7560	-238.8769	-307.8344	68.95748	1.675859	0.3183596	0.06958809	0.588359
7566	-243.4887	-312.4833	68.99459	1.879999	0.1829686	0.09495328	0.588359
7572	-236.5238	-305.3736	68.84981	1.776212	0.2766353	0.09495328	0.4602547
7578	-246.5299	-315.4719	68.94208	1.697486	0.2590222	0.0409638	0.9844521
7584	-243.1214	-311.6003	68.47887	1.088432	0.517693	0.06037478	1.382745
7590	-241.4286	-310.4263	68.99771	1.289443	0.4510542	0.05813468	0.828838
7596	-257.4893	-326.1821	68.69286	1.39826	0.6041601	0.03222336	0.9201819
7602	-259.4763	-327.955	68.47869	1.467613	0.3534433	0.07490094	1.263369
7608	-250.7572	-319.3311	68.57388	2.164329	0.3534433	0.01547982	0.6796148
7614	-241.7987	-311.144	69.34524	1.845543	0.1866505	0.02260761	0.6046344
7620	-251.3179	-320.8174	69.49953	1.860402	0.08351075	0.01708541	0.9316566
7626	-241.8631	-310.7093	68.84616	2.257417	0.2143021	0.01808079	0.3883287
7632	-239.9764	-309.0043	69.02786	1.787242	0.2143021	0.07810615	0.3519875
7638	-245.1663	-313.9356	68.76929	2.055974	0.2143021	0.07810615	0.3648435
7644	-238.3792	-306.9228	68.54357	2.177422	0.2143021	0.07966159	0.2786859
7650	-239.8151	-307.1928	67.37769	2.357953	0.766292	0.07942579	0.2786859
7656	-246.5164	-313.7323	67.21593	2.371158	0.766292	0.1259255	0.3126128
7662	-246.651	-315.1303	68.47935	1.21784	0.668765	0.1018167	0.8933261
7668	-255.197	-321.7902	66.59321	2.020853	1.127686	0.2769123	0.2323083
7674	-250.5704	-317.9666	67.3962	1.616977	1.066157	0.2287341	0.4192147
7680	-251.4603	-318.8541	67.39378	1.578006	1.066157	0.2287341	0.3507365
7686	-260.0552	-327.4833	67.42815	1.851397	1.066157	0.121247	0.7560071
7692	-243.7018	-311.4778	67.77599	1.548899	0.9015967	0.1833251	0.5418823
7698	-247.673	-316.3331	68.66014	1.548899	0.4470284	0.09499917	0.7035857
7704	-239.4785	-308.5796	69.10113	1.622313	0.2284569	0.08556823	0.7155796
7710	-237.4879	-307.2205	69.73262	1.353046	0.1277398	0.03391393	0.9774773
7716	-240.5994	-309.9237	69.32429	1.313346	0.2366471	0.03391393	1.076104
7722	-234.0335	-303.1483	69.11483	1.333992	0.2366471	0.05287451	1.162678
7728	-236.9531	-305.2635	68.31047	1.469104	0.9015564	0.05287451	0.7135576
7734	-236.3452	-305.1519	68.8067	1.297527	0.3340643	0.05287451	1.255789
7740	-247.9851	-317.1857	69.20066	1.176003	0.1792392	0.07997314	1.255789
7746	-250.7123	-320.1842	69.4719	1.416768	0.2527333	0.02679215	0.7884391
7752	-248.6343	-317.687	69.0527	0.936976	0.2909043	0.1826796	0.9753396
7758	-243.1673	-311.7629	68.59559	1.586975	0.4962828	0.07540413	0.7516114
7764	-242.1444	-310.5296	68.38525	1.706316	0.5080296	0.1024902	0.6691378
7770	-243.9694	-313.0682	69.09872	1.561041	0.2438409	0.01782563	1.081662
7776	-238.7712	-308.3516	69.5804	1.429281	0.1450347	0.0572156	0.8653324
7782	-243.1422	-313.0584	69.91625	1.051445	0.06945914	0.04561472	1.259682
7788	-251.0726	-320.4859	69.41328	1.386656	0.2493741	0.05469027	0.7391751
7794	-252.8289	-322.4349	69.60601	1.225468	0.09420478	0.09985277	1.054673
7800	-258.0053	-326.7011	68.69581	1.43785	0.3842198	0.1535508	0.6388032
7806	-255.8897	-324.7283	68.83864	1.342327	0.4792265	0.07164588	0.8178955
7812	-251.1712	-319.5658	68.39457	1.895235	0.4792265	0.07164588	0.643814
7818	-261.8929	-330.0484	68.15556	1.90799	0.5462032	0.1031736	0.5786272
7824	-261.3269	-329.2168	67.88993	1.736778	1.001602	0.07719794	0.4673749
7830	-258.0228	-326.5068	68.48398	1.982576	0.4777008	0.04325732	0.4790611
7836	-246.5509	-316.0158	69.46485	2.006739	0.1112475	0.01868415	0.5771168
7842	-244.7858	-313.6386	68.85283	1.624966	0.4854341	0.03276468	0.624304
7848	-243.0357	-311.6647	68.62898	1.59431	0.3565533	0.1516045	0.5563239
7854	-252.508	-320.5094	68.00134	1.417671	0.8362547	0.1628584	0.6717229
7860	-250.145	-317.9298	67.7848	1.337946	0.9365219	0.1823391	0.8524264
7866	-241.9626	-309.7296	67.76702	1.731025	0.7526661	0.1749311	0.6294896
7872	-251.0646	-319.5627	68.49808	1.64859	0.4579401	0.1066416	0.6926528
7878	-232.9893	-302.2028	69.21353	1.452434	0.3605713	0.04630695	0.5554766
7884	-240.954	-309.8391	68.88513	1.629011	0.3605713	0.06062239	0.7369983
7890	-234.9827	-304.4019	69.4192	1.791184	0.1295937	0.06062239	0.4039435
7896	-242.8882	-312.7716	69.88344	1.683056	0.08725205	0.02633568	0.5292889
7902	-234.0929	-303.8964	69.8035	1.687013	0.1029299	0.02633568	0.5730083
7908	-232.8432	-302.4183	69.57507	1.972821	0.08779845	0.02633568	0.4114687
7914	-236.519	-305.9366	69.4176	2.075171	0.08779845	0.02633568	0.3325395
7920	-243.014	-312.8703	69.85627	1.66781	0.09200384	0.03191011	0.5224289
7926	-237.2831	-306.7509	69.46781	1.713621	0.1398045	0.06112168	0.5736526
7932	-254.6988	-322.1919	67.49307	1.055392	0.5781905	0.354251	1.387417
7938	-252.6497	-321.3052	68.65546	0.9606764	0.5781905	0.1159136	1.04984
7944	-255.1102	-323.3661	68.25592	1.785796	0.7357687	0.05063563	0.4227246
7950	-249.1388	-318.3058	69.16698	1.901334	0.1991568	0.04164839	0.3968692
7956	-261.9321	-329.603	67.67095	2.211934	0.8526934	0.05256583	0.3991148
7962	-259.9158	-327.8671	67.95133	2.316237	0.564099	0.05256583	0.420196
7968	-249.6425	-317.9632	68.32072	1.836325	0.6309635	0.05511714	0.5899641
7974	-250.9516	-319.709	68.75741	1.680949	0.4175081	0.03891012	0.836019
7980	-243.8241	-312.6976	68.87354	1.685682	0.347932	0.0733019	0.5568977
7986	-249.745	-318.8402	69.09521	1.814689	0.1961037	0.0733019	0.6470454
7992	-247.165	-314.8513	67.6863	1.271077	0.5243587	0.06997686	1.787305
7998	-249.6089	-316.9037	67.29483	1.164677	0.9123639	0.1024619	1.681273
8004	-262.7122	-329.1152	66.40296	1.061062	1.371438	0.2029438	1.837723
8010	-247.1812	-314.4191	67.23791	1.30489	1.124067	0.06277389	1.600922
8016	-248.2147	-317.6097	69.395	1.598648	0.1511547	0.06277389	0.8248777
8022	-238.7468	-307.8108	69.06401	1.736166	0.3026726	0.02969558	0.7217707
8028	-249.5352	-318.4227	68.88755	1.734795	0.3725457	0.0357648	0.7217707
8034	-234.0923	-303.4716	69.37932	1.759581	0.2002446	0.02348808	0.6266681
8040	-255.8028	-324.3344	68.53163	2.064692	0.3950071	0.04618727	0.4432195
8046	-256.0556	-324.3414	68.28578	2.305045	0.3950071	0.04618727	0.4251057
8052	-252.2176	-320.9161	68.69848	1.858559	0.3950071	0.04618727	0.6678948
8058	-255.7422	-323.5601	67.81798	2.063605	0.8861756	0.04999089	0.4822638
8064	-252.9045	-320.1067	67.20215	1.392779	2.117252	0.09530257	0.8050879
8070	-253.6349	-320.3387	66.7038	1.375971	1.837981	0.04918851	1.596829
8076	-245.1352	-314.0022	68.86701	1.697642	0.3984943	0.01734617	0.8111616
8082	-248.9647	-317.5681	68.60336	1.273997	0.5341489	0.03669229	1.204221
8088	-246.2675	-314.9469	68.67943	1.435831	0.5341489	0.04724668	0.9302504
8094	-253.757	-321.1163	67.35936	0.9764939	1.469258	0.1153188	1.36598
8100	-258.7711	-327.9981	69.22704	1.383893	0.214458	0.04366065	1.114368
8106	-254.665	-323.5204	68.85537	1.609323	0.3561947	0.05439762	0.8573927
8112	-251.4522	-319.662	68.2098	1.662792	0.8699229	0.05439762	0.5540302
8118	-253.985	-322.1285	68.14352	1.970511	0.6715384	0.05439762	0.5540302
8124	-247.1846	-316.6032	69.41855	1.644866	0.2249731	0.03176207	0.5282336
8130	-252.0509	-320.8492	68.79837	1.793022	0.1796714	0.151149	0.317315
8136	-243.8789	-312.6715	68.79259	2.029697	0.2391694	0.05524796	0.317315
8142	-250.3655	-319.7265	69.36094	1.243919	0.179128	0.1206208	0.8748745
8148	-249.0643	-318.4956	69.43122	1.347828	0.2676877	0.03242216	0.8510458
8154	-243.9982	-312.8543	68.85608	1.900704	0.2849569	0.05370032	0.3629705
8160	-245.2785	-314.0932	68.8147	1.957756	0.3219243	0.03301822	0.3629705
8166	-238.2201	-307.5472	69.32707	1.85836	0.1749775	0.03301822	0.6168872
8172	-247.2926	-315.5298	68.23716	2.462948	0.3587513	0.04134659	0.5030164
8178	-248.4986	-317.0828	68.58413	1.966263	0.4259724	0.04134659	0.410293
8184	-240.7693	-309.4077	68.63837	1.586368	0.4259724	0.112381	0.5931647
8190	-241.1857	-309.8942	68.70847	1.813967	0.4259724	0.03855118	0.6936027
8196	-244.5629	-313.6678	69.10495	1.925992	0.2045873	0.04441833	0.3835578
8202	-248.6889	-317.3092	68.62034	1.850736	0.3702174	0.07349931	0.6694601
8208	-247.2953	-316.858	69.56266	1.263736	0.1569899	0.0308576	1.136463
8214	-247.9795	-317.5324	69.5529	1.257186	0.1919564	0.05335924	0.9372915
8220	-243.1459	-312.9542	69.80839	1.117572	0.1245534	0.04273696	1.102415
8226	-241.1502	-310.1895	69.03933	2.016506	0.2317397	0.02929842	0.4812299
8232	-252.6708	-320.8206	68.14977	1.591699	1.034644	0.02750626	0.7475279
8238	-239.3876	-309.0487	69.66114	1.615123	0.1440965	0.03667751	0.6091489
8244	-253.6017	-322.646	69.0443	2.035172	0.2317397	0.02111992	0.4680456
8250	-243.7041	-311.3586	67.65449	1.818286	1.171112	0.03922929	0.8661808
8256	-241.5382	-311.1643	69.6261	1.693901	0.1214886	0.0332496	0.7231608
8262	-245.2709	-315.0897	69.81873	1.547967	0.08608402	0.06631989	0.5954964
8268	-239.41	-309.1997	69.78973	1.676967	0.08608402	0.04928973	0.5185265
8274	-242.4586	-312.6795	70.22092	1.238774	0.06623461	0.0578743	0.6893138
8280	-237.2901	-307.3262	70.03614	1.249848	0.1148441	0.02955801	0.8301994
8286	-241.9146	-311.0688	69.15418	1.903309	0.2256174	0.02955801	0.5914098
8292	-234.7173	-304.7648	70.04747	1.641195	0.0584098	0.02955801	0.5449605
8298	-244.7708	-314.1713	69.40049	2.136953	0.0584098	0.01135434	0.8323967
8304	-248.835	-318.562	69.72702	1.886798	0.07327174	0.0151421	0.6341492
8310	-239.0345	-309.0269	69.99236	1.846405	0.0274207	0.01121287	0.5032301
8316	-240.9803	-310.31	69.32967	2.097943	0.06004598	0.008491667	0.2411236
8322	-244.7655	-313.3098	68.54428	1.970396	0.361995	0.07772852	0.485135
8328	-241.521	-310.3112	68.79028	1.966381	0.361995	0.01502599	0.419002
8334	-249.8309	-318.7982	68.96722	0.9014957	0.04625202	0.01045605	2.171203
8340	-247.121	-316.2586	69.13753	1.435742	0.2588526	0.03189878	1.089995
8346	-240.3149	-309.4847	69.16981	1.341581	0.2588526	0.1106182	0.753354
8352	-246.3886	-314.8786	68.49002	1.445882	0.7291495	0.02235234	0.9432539
8358	-235.3421	-304.7684	69.42631	1.581449	0.1712894	0.02235234	0.9432539
8364	-235.8874	-305.1351	69.24773	1.509488	0.1712894	0.07204316	0.9653703
8370	-244.4295	-314.1183	69.68876	1.310384	0.1712894	0.04675697	0.8329882
8376	-238.6696	-308.1878	69.51819	1.660604	0.1317694	0.06968433	0.5163216
8382	-246.7536	-316.1624	69.40876	1.758678	0.1317694	0.06968433	0.4268402
8388	-241.4428	-309.4061	67.96326	1.939592	0.7882499	0.06836372	0.4858107
8394	-250.9794	-319.4936	68.51422	1.993946	0.432711	0.05090791	0.4858107
8400	-241.9118	-311.2402	69.32844	1.622275	0.2279998	0.05090791	0.585327
8406	-249.9552	-318.52	68.56476	1.622275	0.3700317	0.1135285	0.8345495
8412	-250.5559	-318.0511	67.49521	1.184394	1.12071	0.0791173	1.443233
8418	-247.5882	-316.0227	68.43454	1.07972	0.465463	0.1544328	1.177465
8424	-246.7088	-315.5816	68.87286	1.237781	0.465463	0.06249486	0.9747453
8430	-246.6404	-315.4446	68.80418	1.348382	0.3912545	0.05307672	1.110912
8436	-240.1986	-308.8784	68.67974	1.120838	0.4369208	0.1114121	1.110912
8442	-248.3719	-317.8138	69.44189	1.302822	0.1563361	0.05111503	1.124153
8448	-254.0933	-322.9599	68.8666	1.280072	0.3480447	0.06915048	1.124153
8454	-254.7805	-323.4318	68.65132	1.504203	0.3047102	0.07078451	1.19364
8460	-244.9149	-314.0121	69.09725	1.190989	0.2287324	0.05195462	1.319252
8466	-250.4161	-318.8176	68.4016	1.830267	0.5359581	0.0373583	0.8494724
8472	-255.3946	-325.4603	70.06562	1.192297	0.1453445	0.02197517	0.7444411
8478	-250.3714	-319.1998	68.82846	1.745882	0.4230418	0.02053841	0.7291516
8484	-246.4192	-315.7133	69.2941	1.875905	0.1815637	0.0130752	0.6699608
8490	-247.3227	-317.1702	69.84748	1.875905	0.03490214	0.03337231	0.3366271
8496	-239.0638	-309.2822	70.21843	1.659246	0.02155565	0.01450153	0.4737047
8502	-239.3466	-308.8357	69.48914	1.812113	0.1323679	0.03125776	0.6995969
8508	-240.0404	-309.4232	69.38287	1.670857	0.1354318	0.08460278	0.368092
8514	-244.9491	-314.2829	69.3338	1.89739	0.1357091	0.05329247	0.4207254
8520	-243.3743	-312.6908	69.3165	1.769856	0.1357091	0.06428589	0.3048893
8526	-240.986	-308.555	67.56896	1.838325	1.004603	0.119236	0.3735192
8532	-236.674	-304.7869	68.11294	2.128703	0.4155352	0.09552262	0.3181363
8538	-241.7436	-309.4011	67.65742	2.290364	0.8703855	0.02534083	0.3410433
8544	-239.2244	-308.4361	69.2117	2.349631	0.08340975	0.01663364	0.3723626
8550	-240.5314	-310.0517	69.52024	2.02916	0.08340975	0.0107353	0.4136683
8556	-242.0907	-311.749	69.65826	1.763885	0.08340975	0.02840554	0.8332066
8562	-239.3478	-308.7619	69.4141	1.635719	0.08340975	0.02011835	1.222563
8568	-241.4373	-311.38	69.94267	1.527188	0.08340975	0.02011835	0.8013256
8574	-245.3937	-314.9007	69.50693	1.708218	0.1519394	0.04694821	0.5448374
8580	-250.8962	-319.9104	69.01425	1.354298	0.4208721	0.03580264	0.926659
8586	-243.2938	-312.7067	69.41287	1.329363	0.2247811	0.03440669	1.004589
8592	-246.6514	-316.5515	69.90012	1.516576	0.05693102	0.01927358	1.004589
8598	-237.4311	-307.4442	70.01314	1.078061	0.07916777	0.03566164	1.15671
8604	-242.7589	-311.4573	68.69833	0.9265906	0.2808658	0.03610778	1.769411
8610	-245.5334	-314.6492	69.11581	1.546477	0.2569403	0.05465852	0.8925257
8616	-250.0128	-318.433	68.42017	1.43972	0.9074727	0.03988055	0.6743842
8622	-252.6163	-319.5086	66.8923	1.689855	2.939154	0.03087525	0.6743842
8628	-241.2542	-309.3422	68.08792	1.794615	0.7922299	0.05791598	0.7062801
8634	-241.3241	-310.166	68.84194	1.718875	0.3143136	0.07559184	0.7062801
8640	-238.9107	-307.727	68.81631	1.71159	0.4232227	0.02754556	0.7696325
8646	-245.0504	-313.721	68.67063	1.708851	0.3731518	0.07879048	0.7696325
8652	-242.1759	-311.1267	68.95081	1.622704	0.3731518	0.05561001	0.6224476
8658	-244.6001	-312.8651	68.26498	2.339945	0.4415524	0.02491526	0.4455306
8664	-245.2001	-313.4237	68.22356	2.22957	0.4415524	0.04786241	0.3523296
8670	-247.835	-317.402	69.567	1.489364	0.197626	0.04870848	0.5570686
8676	-244.4834	-313.3178	68.83435	2.311331	0.197626	0.02625623	0.4063077
8682	-242.1252	-310.7492	68.624	1.080388	0.2731709	0.06783469	1.61515
8688	-239.5362	-306.6422	67.10597	1.254784	0.6332501	0.06077629	2.109527
8694	-238.4134	-306.8364	68.42301	1.690721	0.6332501	0.04076512	0.795031
8700	-248.5938	-318.2578	69.66405	1.513987	0.08987051	0.02266976	1.079407
8706	-251.226	-320.161	68.93497	1.830226	0.3491465	0.02887627	0.5814898
8712	-240.7846	-309.7692	68.98456	1.805775	0.3491465	0.01927294	0.5830489
8718	-240.3826	-309.454	69.07143	1.513392	0.3491465	0.04687533	0.7695195
8724	-246.6058	-316.3928	69.78694	1.538301	0.1155108	0.03042104	0.7695195
8730	-236.3301	-306.2176	69.88751	1.352429	0.1155108	0.05239351	0.7389406
8736	-240.7157	-310.2425	69.52677	1.667726	0.1503427	0.03893078	0.7106239
8742	-239.146	-308.5754	69.42941	1.53935	0.2370781	0.03893078	0.6322017
8748	-238.7132	-307.589	68.87578	2.012417	0.2760769	0.03893078	0.4326578
8754	-237.0684	-305.8717	68.80328	1.83534	0.2760769	0.0908652	0.4326578
8760	-231.0762	-299.9583	68.88213	2.009421	0.2760769	0.03823672	0.4326578
8766	-234.6292	-303.3845	68.75529	1.916796	0.379838	0.03823672	0.4877002
8772	-237.7914	-306.6892	68.89781	1.762013	0.3841603	0.03823672	0.5459778
8778	-239.2708	-306.8024	67.53161	1.873309	1.11664	0.1026854	0.4780749
8784	-243.9746	-312.2742	68.29958	1.461607	0.3977373	0.1292265	1.149553
8790	-240.5867	-309.31	68.72325	1.57256	0.2606995	0.03396305	1.315976
8796	-255.4686	-322.7635	67.29483	1.860965	0.9475605	0.2251606	0.5030925
8802	-242.9254	-311.5456	68.62021	1.763651	0.4144717	0.07582887	0.6483026
8808	-241.8185	-309.7863	67.96784	1.823228	0.6877743	0.07582887	0.8891486
8814	-247.1713	-316.3283	69.15701	1.220396	0.1809441	0.07805157	1.25806
8820	-249.8481	-318.9951	69.14693	1.123182	0.1809441	0.05753881	1.422604
8826	-252.1875	-321.7384	69.55098	1.411076	0.2049723	0.03006062	0.8475959
8832	-252.0339	-320.9905	68.95657	1.542436	0.4159607	0.02399549	0.8410998
8838	-251.6672	-321.4853	69.81809	1.173618	0.1054683	0.02998899	1.164924
8844	-246.8103	-314.6291	67.81878	1.482587	1.037393	0.03807492	1.164924
8850	-244.8039	-313.0123	68.2084	1.53983	1.037393	0.04131874	0.6106621
8856	-244.7721	-314.1466	69.37447	1.38997	0.1887998	0.04967686	1.013092
8862	-247.8603	-316.4823	68.62207	1.425154	0.5582625	0.09638876	0.650258
8868	-243.7357	-312.1519	68.4162	1.449976	0.6944035	0.07573897	0.7854482
8874	-241.4023	-310.7387	69.33645	1.489768	0.1789861	0.07573897	0.8404729
8880	-233.539	-302.4193	68.88032	1.781345	0.3297856	0.01536349	0.8618246
8886	-251.0512	-320.2037	69.15256	1.711139	0.1601942	0.01326165	1.111948
8892	-233.8626	-303.2505	69.38792	1.616862	0.1684006	0.01326165	0.947897
8898	-238.0095	-307.4925	69.48304	1.303467	0.1652297	0.03228529	1.141755
8904	-241.8192	-310.49	68.67081	1.208593	0.4193877	0.05625025	1.285765
8910	-242.4395	-311.8253	69.38578	1.639246	0.1951393	0.05744662	0.4763123
8916	-243.9051	-313.5802	69.67507	0.8490003	0.1750184	0.05744662	1.234343
8922	-242.1802	-311.2679	69.08765	1.29197	0.211055	0.19872	0.6794807
8928	-241.7457	-311.0314	69.28575	1.392901	0.1437426	0.1119946	0.9626005
8934	-242.5449	-310.3936	67.84876	1.330325	0.8913255	0.08100014	1.219374
8940	-242.6268	-311.0685	68.44171	1.250196	0.5571479	0.06329629	1.219374
8946	-241.8106	-310.751	68.94043	1.230996	0.3685184	0.1112929	0.8681276
8952	-246.2607	-315.7165	69.45572	1.789723	0.1204691	0.05033319	0.7153654
8958	-243.0832	-311.8398	68.75661	1.690029	0.3430096	0.0896664	0.6830243
8964	-252.3098	-320.9743	68.66458	1.510786	0.1922747	0.08452679	1.368803
8970	-241.9978	-310.8148	68.81696	0.9652397	0.1922747	0.05351267	1.76754
8976	-242.0076	-311.0306	69.02301	0.9129451	0.134867	0.06135218	1.76754
8982	-247.537	-316.893	69.35595	1.054371	0.1500341	0.02542003	1.508402
8988	-244.0437	-313.2415	69.19782	1.101553	0.1500341	0.05504964	1.488135
8994	-243.9291	-312.8127	68.88363	1.017006	0.4480166	0.09001061	1.08388
9000	-243.2132	-311.7889	68.57569	1.609852	0.4698435	0.04796139	0.9643892
9006	-242.3425	-312.0196	69.67715	1.190107	0.1082318	0.04796139	1.188915
9012	-256.5491	-324.4559	67.90681	1.060732	0.8495765	0.04796139	1.547756
9018	-257.5579	-325.3323	67.77438	1.141959	0.8495765	0.05819152	1.547756
9024	-248.6461	-316.7623	68.11613	0.9399204	0.8495765	0.0471166	1.484883
9030	-242.9152	-311.7578	68.84259	1.135488	0.4859031	0.06895073	1.040474
9036	-249.5237	-318.6928	69.16909	0.6315059	0.1602764	0.1329646	1.579898
9042	-246.2532	-316.4283	70.17507	0.6861155	0.1185597	0.06304247	1.090353
9048	-246.4993	-314.9782	68.47888	1.157955	0.5755905	0.06376453	1.240311
9054	-243.8103	-313.1262	69.31591	1.503592	0.2285519	0.06376453	0.7257442
9060	-238.6517	-307.9526	69.30087	1.240068	0.3255286	0.07387192	0.7111927
9066	-238.1206	-306.8381	68.71749	1.530384	0.2552553	0.0205814	1.401321
9072	-232.791	-302.6066	69.8156	1.649241	0.09869059	0.0205814	0.7079198
9078	-240.8427	-309.8545	69.01175	1.706898	0.3241277	0.04119661	0.6872501
9084	-249.4329	-318.2297	68.79679	1.055441	0.3241277	0.1717355	1.069606
9090	-243.8456	-313.0688	69.22323	0.9213689	0.3456041	0.0672944	1.138652
9096	-245.0109	-314.6211	69.61018	1.269079	0.1233363	0.0938659	0.9104037
9102	-249.033	-318.7958	69.76279	1.485916	0.1332713	0.03805753	0.7296301
9108	-251.1054	-320.501	69.39556	1.410739	0.2129966	0.06437754	0.8039293
9114	-249.058	-317.4237	68.36565	1.454791	0.4568793	0.1769317	0.8032546
9120	-243.6077	-312.4054	68.79767	1.353793	0.4633114	0.08300786	0.8230427
9126	-240.1308	-309.9534	69.82253	1.300772	0.144246	0.03877213	0.8425067
9132	-229.7422	-299.2717	69.52946	1.348491	0.2173705	0.02397487	0.9276327
9138	-230.2268	-299.4378	69.21099	1.695551	0.2461646	0.01317086	0.7936248
9144	-233.6171	-302.758	69.1409	1.759647	0.2461646	0.01320307	0.801917
9150	-238.6611	-307.5223	68.86122	1.567709	0.3474153	0.05615577	0.90973
9156	-238.138	-307.0877	68.9497	1.419503	0.3474153	0.06832071	0.90973
9162	-241.3613	-310.9091	69.54784	1.28387	0.1510993	0.02947516	1.154885
9168	-236.7931	-306.6908	69.89769	1.493471	0.09422421	0.02947516	0.8058784
9174	-249.6284	-317.8204	68.19198	1.087945	0.8684746	0.1126847	1.027989
9180	-249.3968	-318.9099	69.5131	1.184	0.2186849	0.04711595	1.004954
9186	-256.4245	-325.731	69.30653	0.9903675	0.3876749	0.07717055	0.8496854
9192	-250.2642	-319.5287	69.26458	1.018305	0.4071946	0.07717055	0.8200364
9198	-245.0513	-314.1572	69.10583	1.347351	0.4071946	0.06016093	0.6880113
9204	-247.7226	-317.5354	69.81282	1.075728	0.1885866	0.04868858	0.8878874
9210	-237.3878	-306.6017	69.21384	1.918261	0.1885866	0.03861721	0.4396946
9216	-246.2366	-314.9726	68.73603	1.987339	0.2028665	0.1201509	0.4811855
9222	-237.8823	-306.5853	68.70305	1.366326	0.2028665	0.02326012	1.638339
9228	-240.6399	-309.7778	69.13799	2.095104	0.1749352	0.01557057	0.4151258
9234	-245.4536	-314.2325	68.77893	1.72062	0.3525793	0.06070121	0.7821488
9240	-248.6625	-317.652	68.98956	1.751909	0.2803087	0.02268028	0.8994401
9246	-244.7715	-313.5585	68.78701	2.051302	0.2803087	0.04890649	0.5011545
9252	-240.1273	-308.8357	68.7084	1.997807	0.2803087	0.07196128	0.4095936
9258	-254.6385	-322.6909	68.05247	1.355388	1.259003	0.04562631	0.8135357
9264	-248.6378	-315.9465	67.30872	2.212587	1.094051	0.07946682	0.4400996
9270	-243.2379	-311.2065	67.96861	2.212587	0.4541244	0.07946682	0.2734966
9276	-247.1038	-315.4752	68.37144	1.841817	0.4541244	0.1056159	0.4578736
9282	-245.8525	-314.743	68.89059	1.331361	0.4458701	0.1056159	0.573124
9288	-242.8306	-312.3455	69.5149	0.8669786	0.09966011	0.03146795	1.65427
9294	-237.2643	-307.0777	69.81336	1.249311	0.0637811	0.01703715	1.289273
9300	-240.4688	-310.7158	70.24699	1.191166	0.05426586	0.01703715	0.9961073
9306	-248.2729	-318.1904	69.91752	1.418045	0.05127586	0.00907574	1.051441
9312	-248.8528	-318.878	70.02519	1.379706	0.05127586	0.02316797	1.037424
9318	-247.6605	-317.4314	69.77084	1.330054	0.1027134	0.03873488	1.039024
9324	-236.131	-306.6622	70.53127	1.230551	0.02073032	0.01441736	0.7842014
9330	-237.3608	-306.8815	69.52072	1.32328	0.05402175	0.01332335	1.488693
9336	-241.4165	-311.4422	70.02565	1.514477	0.06316684	0.011219	0.7966467
9342	-243.5729	-313.5762	70.00335	1.565052	0.04243943	0.011219	0.8890301
9348	-241.5477	-311.0391	69.49143	1.565052	0.1281104	0.06200642	0.8554956
9354	-249.0792	-317.566	68.48676	1.474795	0.3361307	0.01973585	1.475349
9360	-251.1089	-320.021	68.91211	1.816136	0.3299083	0.01973585	0.7802753
9366	-248.2623	-318.0362	69.77389	1.47718	0.1398898	0.02278704	0.7802753
9372	-243.1024	-312.876	69.77359	1.405232	0.1398898	0.0417171	0.7711583
9378	-242.8361	-311.4626	68.62651	1.411974	0.5761802	0.0764169	0.7711583
9384	-248.8217	-317.3622	68.54049	1.039932	0.5761802	0.04387993	1.365818
9390	-246.9994	-315.5812	68.58182	0.7498121	0.5761802	0.09627197	1.365818
9396	-243.6858	-312.1812	68.49544	1.002064	0.5761802	0.09627197	1.230864
9402	-240.976	-309.1259	68.1499	1.334229	0.5767932	0.09917966	1.230864
9408	-236.7766	-306.4456	69.66905	0.9119117	0.1305476	0.07082068	1.261462
9414	-242.5243	-311.7165	69.19226	0.9781568	0.192123	0.1172328	1.261462
9420	-249.2048	-317.348	68.14316	1.482114	0.8371456	0.04520011	1.028517
9426	-246.0697	-314.326	68.25633	1.49153	0.8371456	0.04678444	0.8921251
9432	-241.7157	-309.8333	68.11758	1.69284	0.8371456	0.07402355	0.4365599
9438	-250.1951	-319.1121	68.91702	1.8314	0.180996	0.1272007	0.4172958
9444	-238.3648	-308.2462	69.88137	1.691652	0.05276395	0.02478443	0.8444666
9450	-241.212	-310.8224	69.61035	1.741625	0.0423919	0.00584345	0.9790109
9456	-251.8043	-320.3381	68.53375	1.762398	0.05616082	0.005827795	1.767472
9462	-252.5116	-321.61	69.0984	2.261068	0.09662376	0.005827795	0.4062674
9468	-244.5528	-313.57	69.0172	2.278316	0.0977668	0.005827795	0.3265041
9474	-241.0462	-311.2683	70.2221	1.505676	0.02541169	0.006261803	0.5464508
9480	-251.147	-320.533	69.38602	2.068837	0.07844457	0.008314688	0.7460665
9486	-251.3946	-320.323	68.92842	2.437026	0.08804425	0.01161315	0.2517347
9492	-239.1278	-307.3066	68.17884	2.800773	0.1770494	0.02181267	0.2194259
9498	-251.3222	-317.5688	66.24659	2.625893	1.504809	0.04857341	0.157933
9504	-248.8073	-315.1497	66.34243	1.775784	3.745301	0.03380497	0.8694031
9510	-249.9095	-316.1451	66.23555	1.797056	3.745301	0.02790824	0.9890764
9516	-254.1297	-321.3027	67.17302	1.639283	1.659713	0.08183739	0.9499385
9522	-244.4274	-313.5404	69.11302	1.24951	0.272465	0.08183739	1.028261
9528	-239.8578	-308.9955	69.13768	1.310779	0.272465	0.08183739	0.9409007
9534	-244.8381	-313.7413	68.90322	1.642164	0.272465	0.07833324	0.8492861
9540	-246.76	-315.4336	68.67363	0.940084	0.4013105	0.1688358	1.150488
9546	-239.8849	-307.7704	67.88548	0.836662	0.4013105	0.1081346	1.978697
9552	-245.7533	-313.478	67.72474	1.011888	0.6125587	0.201575	1.494188
9558	-244.3198	-312.613	68.29315	0.9794265	0.3124096	0.2009739	1.494188
9564	-249.3758	-317.5884	68.21262	1.09757	0.4462496	0.2009739	1.252984
9570	-243.5566	-311.5718	68.0152	0.9804174	0.5395408	0.1469699	1.514661
9576	-258.6762	-326.5537	67.87755	1.379101	0.5395408	0.2485571	1.044078
9582	-264.7992	-332.2961	67.49689	0.8802408	1.154972	0.08509505	1.624401
9588	-244.4264	-312.0319	67.60548	1.056993	0.9006416	0.09762609	1.558414
9594	-245.9568	-314.8011	68.84435	1.42367	0.5678097	0.04361006	0.6810468
9600	-245.4811	-314.0866	68.60548	1.661896	0.316779	0.07680035	1.04168
9606	-243.3922	-312.2432	68.85104	1.296623	0.3660772	0.1471354	0.7236257
9612	-247.1117	-315.4222	68.3105	1.914297	0.3660772	0.1471354	0.4852151
9618	-237.3146	-306.7776	69.46301	1.694746	0.1477292	0.06208116	0.4852151
9624	-240.8956	-310.5253	69.62966	1.414287	0.1528163	0.06208116	0.7528561
9630	-234.1498	-303.921	69.7712	1.20881	0.1528163	0.04164241	0.9543834
9636	-245.6716	-314.9419	69.27026	1.281382	0.2087595	0.04164241	1.190148
9642	-250.6799	-320.4702	69.79028	1.354221	0.1633939	0.05019288	0.6040737
9648	-241.6085	-311.1393	69.53081	1.613688	0.1633939	0.05019288	0.6040737
9654	-261.1495	-329.3055	68.15595	1.385884	0.7808213	0.1553078	0.5947561
9660	-252.9165	-322.213	69.29649	1.459903	0.1738805	0.03750866	1.121749
9666	-242.3583	-312.6854	70.32714	1.306759	0.0447646	0.02819195	0.8030034
9672	-243.5472	-312.7898	69.24259	1.950848	0.1826893	0.02819195	0.5789026
9678	-244.5783	-313.7688	69.19048	1.755514	0.1832878	0.0731787	0.6556029
9684	-243.8515	-312.9925	69.14105	1.100473	0.3700092	0.0731787	0.9712807
9690	-238.8024	-307.5334	68.73097	1.963016	0.3700092	0.03783494	0.5081878
9696	-246.9343	-316.7152	69.7809	1.634909	0.07539751	0.04173552	0.8110121
9702	-242.4085	-312.1191	69.71062	1.291126	0.1897572	0.04173552	0.7856983
9708	-239.7251	-308.9707	69.24557	1.495933	0.1897572	0.04934532	1.034248
9714	-246.2648	-314.9224	68.65755	1.267834	0.4874211	0.1018896	0.941128
9720	-250.3381	-317.991	67.65292	1.347516	1.356987	0.1097655	0.8521016
9726	-241.6937	-311.0861	69.39246	1.350696	0.1678224	0.05982183	1.049556
9732	-246.0341	-315.0797	69.04551	1.529034	0.2479939	0.03514372	1.101276
9738	-245.1159	-314.7489	69.63299	1.751773	0.1130988	0.02026961	0.7414655
9744	-246.5072	-316.2304	69.7232	1.757793	0.09750214	0.02026961	0.6891692
9750	-241.1098	-311.0307	69.92085	1.631753	0.05756611	0.02984503	0.816923
9756	-243.3287	-312.316	68.98735	1.358859	0.2623546	0.02225676	1.306533
9762	-235.8387	-304.7682	68.92949	1.888634	0.2579373	0.06312745	0.5529519
9768	-241.4675	-309.385	67.91753	1.936418	0.6386072	0.1222521	0.566612
9774	-247.558	-316.0531	68.49515	1.406476	0.6137678	0.1206127	0.531393
9780	-246.2929	-314.4269	68.13397	1.199111	0.7129694	0.07093335	1.305288
9786	-252.2845	-320.3555	68.07099	1.303851	0.7129694	0.06231414	1.305288
9792	-255.8751	-325.0698	69.19474	2.005255	0.1483933	0.05155354	0.4384564
9798	-252.2283	-321.991	69.76268	1.64044	0.08698068	0.06134944	0.4944076
9804	-242.2979	-312.1916	69.89372	1.29142	0.1044878	0.02090692	1.015907
9810	-240.6029	-309.9986	69.39565	1.213627	0.2126265	0.05865607	1.051097
9816	-253.5169	-322.2629	68.746	0.6263487	0.2126265	0.05865607	1.98828
9822	-253.8561	-323.0984	69.24231	1.401535	0.1818181	0.03466336	1.209803
9828	-251.9146	-321.0282	69.11359	1.88571	0.2095865	0.05194657	0.4279721
9834	-251.9505	-320.1372	68.18668	2.011965	0.5779557	0.06279909	0.4279721
9840	-241.1941	-309.92	68.72587	1.518061	0.4209205	0.04102818	1.028461
9846	-247.5462	-316.4014	68.8552	1.513632	0.4209205	0.0791375	0.6187749
9852	-239.5327	-308.214	68.68128	1.25495	0.2475587	0.03764785	1.602711
9858	-243.8329	-312.6128	68.77985	1.802251	0.2475587	0.03315463	1.103702
9864	-238.1859	-307.3159	69.12997	1.343275	0.2712036	0.03699588	1.131446
9870	-242.9507	-312.2565	69.30583	0.9023152	0.2008224	0.03699588	1.50084
9876	-242.9175	-312.4392	69.5217	1.61977	0.1720423	0.03853584	0.6779159
9882	-240.6011	-310.2159	69.61489	1.493034	0.1720423	0.04033853	0.7213779
9888	-241.2175	-311.1039	69.88636	1.426774	0.108015	0.03496273	0.8003266
9894	-244.4701	-312.8222	68.35207	1.633736	0.6485801	0.06136401	0.8003266
9900	-249.4172	-317.7259	68.3087	1.65437	0.6485801	0.06185749	0.8266771
9906	-253.9046	-323.2012	69.29659	1.536904	0.2414972	0.03898091	0.8297176
9912	-233.2039	-303.0983	69.8944	1.478295	0.09106011	0.03463232	0.8187293
9918	-244.4716	-314.2074	69.73584	1.247988	0.131188	0.03278226	1.069341
9924	-249.8495	-319.49	69.64042	0.881879	0.131188	0.05480833	1.370124
9930	-244.1253	-313.3551	69.22981	0.6874267	0.08123593	0.04262587	1.994491
9936	-242.2646	-312.3893	70.12476	0.9331272	0.09610376	0.01624026	1.166684
9942	-230.8557	-301.1239	70.26822	1.041305	0.06758967	0.01335597	1.046254
9948	-240.7865	-310.2641	69.4776	1.114094	0.2157676	0.02235672	1.206518
9954	-242.8917	-312.1172	69.22557	1.335908	0.2157676	0.05099818	1.122469
9960	-242.8314	-311.8617	69.03033	1.252434	0.2157676	0.05339737	1.346973
9966	-243.2407	-312.5411	69.30035	1.052717	0.1919847	0.05339737	1.346973
9972	-242.9403	-311.4326	68.49231	1.348446	0.3994829	0.08022101	1.253673
9978	-247.3337	-315.7775	68.44381	1.938873	0.3994829	0.08022101	0.6677392
9984	-250.5868	-319.8171	69.23026	1.657331	0.2118544	0.04164873	0.8484624
9990	-250.7929	-320.0239	69.23095	1.662137	0.2118544	0.06437743	0.6741651
9996	-260.1299	-329.7203	69.59045	1.544738	0.2118544	0.02004757	0.5451853
10002	-246.2812	-315.5755	69.2943	1.482315	0.1490594	0.05667564	1.092758
10008	-250.2773	-318.7902	68.51294	2.058676	0.2178261	0.1422086	0.3939961
10014	-241.528	-309.4506	67.9226	2.071711	0.4099431	0.1422086	0.2665258
10020	-242.1081	-310.5028	68.39469	2.227538	0.1871409	0.1155982	0.2635093
10026	-244.9876	-313.5424	68.55473	2.279944	0.2232657	0.03016812	0.2277713
10032	-244.9798	-313.6251	68.64537	2.30996	0.2047095	0.04180266	0.2929792
10038	-235.7489	-304.7703	69.02139	2.277915	0.1603609	0.01742527	0.5247965
10044	-236.874	-306.6556	69.78159	1.820239	0.08322818	0.01716406	0.5146457
10050	-236.5553	-306.6718	70.11651	1.385609	0.08322818	0.02352286	0.7474325
10056	-238.2326	-307.997	69.76442	1.855891	0.07473498	0.01530176	0.600099
10062	-242.4368	-311.8193	69.3825	1.692194	0.2270179	0.01201385	0.5108735
10068	-247.9955	-316.1124	68.1169	1.818068	0.7989258	0.03231042	0.8029036
10074	-257.6781	-325.4167	67.73859	1.799468	0.4830782	0.2847849	0.3340626
10080	-249.8209	-318.0378	68.21688	1.271069	0.8604692	0.09657247	0.8898347
10086	-244.5255	-313.0319	68.50642	1.455486	0.5486873	0.09657247	0.8092792
10092	-239.3576	-308.2309	68.87328	1.43232	0.5444074	0.02024052	0.8186231
10098	-252.3675	-320.8	68.43254	2.062651	0.4309745	0.03555792	0.746452
10104	-249.7435	-318.1725	68.42894	1.74116	0.4309745	0.1015336	0.766314
10110	-242.2431	-310.5646	68.32153	2.144414	0.382142	0.07617502	0.4166603
10116	-249.1038	-318.6223	69.51853	1.913857	0.1130531	0.03242074	0.5322369
10122	-241.7544	-311.6639	69.90949	1.679795	0.07613878	0.03242074	0.4496698
10128	-237.3939	-307.0028	69.60881	2.050014	0.05609861	0.008532642	0.5210348
10134	-239.9295	-309.987	70.05751	1.237129	0.08704855	0.02851268	0.9586834
10140	-237.3791	-306.6189	69.23983	2.110758	0.1376859	0.01904942	0.6322227
10146	-240.0926	-309.175	69.08245	1.798936	0.2487895	0.05597831	0.5234504
10152	-249.2927	-316.607	67.31435	2.466191	0.6557907	0.05805462	0.1917231
10158	-243.0333	-311.6561	68.6228	1.932831	0.4218552	0.03607745	0.6676418
10164	-238.3719	-307.5867	69.21485	1.929439	0.1763374	0.0361389	0.6676418
10170	-238.98	-307.425	68.44497	1.892494	0.4208929	0.09150179	0.5065944
10176	-246.3195	-315.4987	69.17924	1.854054	0.1324036	0.09150179	0.6620929
10182	-243.9515	-312.3763	68.42483	1.636953	0.213929	0.01397269	1.619076
10188	-242.4542	-310.0345	67.5803	1.38068	0.6632667	0.04900493	1.714474
10194	-236.971	-306.4715	69.50046	1.256196	0.1159819	0.01389327	1.342422
10200	-243.4571	-312.3381	68.88092	1.256196	0.2597478	0.03398395	1.442327
10206	-243.6251	-312.5268	68.90168	1.123306	0.4223081	0.1061492	0.9386476
10212	-243.5774	-312.1835	68.60609	1.388137	0.3931604	0.1278996	0.9386476
10218	-248.9704	-317.6182	68.64788	1.858857	0.256738	0.1080842	0.7826293
10224	-246.6481	-313.6514	67.00335	2.290483	1.569731	0.04839267	0.4770148
10230	-251.4469	-319.8745	68.42764	1.459563	0.5320562	0.05310015	1.127318
10236	-241.6072	-310.2484	68.6412	1.284395	0.5338446	0.05310015	1.089771
10242	-243.5646	-311.7897	68.2251	1.228777	0.5894019	0.1496122	1.068569
10248	-248.618	-316.8858	68.26777	1.211879	0.5894019	0.08086479	1.286263
10254	-250.6418	-318.8877	68.24591	1.547091	0.8379531	0.06341352	0.7215853
10260	-251.1205	-320.5368	69.41638	1.704716	0.1355129	0.05668292	0.7696267
10266	-250.6747	-319.5529	68.87821	1.793714	0.3224629	0.0409677	0.7696267
10272	-256.7139	-324.9028	68.18888	1.939271	0.4481744	0.0409677	1.091346
10278	-251.5777	-318.7514	67.17374	1.714489	1.315076	0.0376857	1.306628
10284	-250.2704	-319.1867	68.91623	1.445505	0.5439104	0.0376857	0.6204093
10290	-243.3605	-312.0714	68.71098	1.110772	0.5480895	0.02483234	1.273451
10296	-247.3127	-314.6178	67.30502	0.9691513	1.480346	0.1086556	1.428566
10302	-259.2068	-327.1751	67.96823	1.361867	0.768224	0.1086556	1.105799
10308	-260.5895	-329.2747	68.68518	1.624397	0.2712625	0.1086556	0.9679409
10314	-257.28	-326.1825	68.90253	1.842457	0.2665289	0.01651735	0.9377632
10320	-254.8328	-323.1358	68.30304	1.643191	0.7088485	0.01561577	0.96153
10326	-251.3546	-319.7264	68.37182	1.430497	0.7088485	0.09052104	0.7538228
10332	-247.8727	-315.7507	67.878	1.258895	0.8774413	0.103463	1.184216
10338	-248.6428	-316.3859	67.74309	1.671205	0.7752516	0.05908865	1.221626
10344	-243.3787	-311.7451	68.36637	1.582075	0.6349709	0.055592	0.9032271
10350	-250.2518	-316.8345	66.58272	1.773277	3.156371	0.055592	0.7018317
10356	-252.8046	-319.5967	66.79207	1.625343	3.156371	0.055592	0.461301
10362	-248.9096	-316.3794	67.46978	1.332527	1.55754	0.1691626	0.5279618
10368	-247.6482	-314.6768	67.02856	1.541326	1.55754	0.1691626	0.9240273
10374	-254.8975	-321.9694	67.07196	1.623319	1.55754	0.1884362	0.6695716
10380	-249.632	-317.4457	67.81367	1.220098	1.55754	0.05974591	0.9009678
10386	-246.4901	-314.0302	67.5401	1.245631	1.611696	0.03204273	1.228992
10392	-248.4848	-315.4696	66.98472	1.224903	1.611696	0.1220484	1.363806
10398	-243.0937	-311.5954	68.50173	1.283207	0.5746294	0.1137524	0.889625
10404	-240.1523	-308.1029	67.95055	1.294281	0.8148438	0.1520766	0.9767859
10410	-239.7776	-309.0335	69.25594	1.472869	0.1563798	0.1520766	0.6216728
10416	-245.9851	-315.1798	69.19476	1.517523	0.1563798	0.1520766	0.6593679
10422	-243.7619	-312.6189	68.85695	1.454803	0.2338179	0.1505473	0.8997988
10428	-249.0835	-316.6103	67.52681	1.475957	1.355211	0.1413352	0.6733379
10434	-241.3067	-308.9505	67.64376	1.746919	1.355211	0.06004364	0.560779
10440	-243.2234	-311.1536	67.9302	2.155766	0.7818535	0.03108004	0.560779
10446	-232.1896	-301.0975	68.90785	2.092335	0.2371488	0.03108004	0.380222
10452	-243.4347	-311.3371	67.90238	2.234095	0.5419942	0.06820956	0.306594
10458	-243.1099	-310.9682	67.85829	2.59305	0.3086137	0.06820956	0.2351455
10464	-240.3101	-308.4385	68.12843	2.560534	0.2693256	0.039184	0.2351455
10470	-251.0477	-318.7009	67.6532	2.561056	0.3401481	0.1074771	0.2387969
10476	-246.9685	-314.3478	67.37931	2.295379	0.6603616	0.1074771	0.2387969
10482	-242.6463	-311.5975	68.95111	1.919512	0.2260415	0.06699073	0.4086835
10488	-246.8562	-315.079	68.22275	2.067474	0.4659365	0.06699073	0.3261059
10494	-243.579	-313.0124	69.4334	1.82722	0.1425881	0.03872369	0.3837725
10500	-241.9236	-310.6317	68.70803	1.363756	0.5528962	0.04980618	0.931751
10506	-244.3777	-311.8285	67.45079	1.412571	1.428207	0.04193478	1.236702
10512	-241.863	-312.0633	70.2003	0.9539156	0.05351591	0.02825874	1.236702
10518	-241.3468	-310.9815	69.63471	1.79062	0.0845931	0.007875389	0.7310315
10524	-233.5228	-303.3511	69.82832	1.826372	0.06887725	0.01302069	0.5186178
10530	-244.6134	-313.4231	68.8097	0.8742747	0.2932526	0.006758434	1.659714
10536	-241.8732	-311.884	70.01085	1.395413	0.01904039	0.009971627	1.122753
10542	-245.8394	-315.6107	69.77134	1.769857	0.08182346	0.009971627	0.6117182
10548	-237.5144	-307.0116	69.49721	2.057407	0.08182346	0.009971627	0.5674669
10554	-249.0517	-318.6483	69.59662	1.862633	0.09051446	0.02033234	0.7718557
10560	-254.9958	-324.3838	69.38801	2.217948	0.06247858	0.04154343	0.4287632
10566	-246.9054	-316.0056	69.10012	2.217948	0.1193441	0.04002975	0.3511992
10572	-251.2456	-320.2535	69.00792	2.074961	0.1930907	0.04002975	0.3768632
10578	-249.1467	-317.476	68.32928	1.474411	0.5749138	0.04002975	1.199857
10584	-244.8659	-312.6274	67.76152	1.449839	0.9901134	0.05746637	1.199857
10590	-240.3169	-307.8191	67.50215	1.555477	1.444099	0.1084342	0.6788644
10596	-240.3657	-307.7862	67.42043	1.813953	1.444099	0.07957365	0.519861
10602	-243.7452	-310.6296	66.8844	1.888253	1.444099	0.07957365	1.145929
10608	-243.4424	-310.5171	67.07474	1.675826	1.606468	0.05960576	1.145929
10614	-252.0879	-320.1351	68.04719	1.494719	0.7661724	0.05463129	1.139727
10620	-251.0673	-319.9555	68.88817	1.179436	0.2724649	0.128699	1.12167
10626	-274.393	-341.3326	66.93966	1.341502	0.4799692	0.04237544	2.371804
10632	-260.7748	-328.6985	67.9237	1.380939	0.6132227	0.2309125	0.9315993
10638	-251.1543	-319.1155	67.96118	1.357135	0.6042269	0.1127112	1.288426
10644	-257.2086	-324.937	67.72831	1.60422	1.257085	0.0845974	0.6295371
10650	-256.6225	-325.1528	68.53032	1.636774	0.4109053	0.1127112	0.7580219
10656	-251.5051	-320.3979	68.89287	1.227497	0.4109053	0.1166005	0.8014838
10662	-258.3147	-327.0843	68.76961	1.401931	0.4109053	0.1040271	0.8014838
10668	-239.0368	-308.4582	69.42141	1.658606	0.1955664	0.03351607	0.6983096
10674	-246.1024	-315.1161	69.01376	2.042284	0.1955664	0.03843744	0.6999436
10680	-240.1001	-308.806	68.70589	1.603843	0.4911681	0.06603689	0.6115149
10686	-250.4274	-318.3031	67.87571	1.445671	0.9468643	0.08342001	1.027523
10692	-247.5689	-317.278	69.70914	1.240287	0.192094	0.03584227	0.8780712
10698	-242.0578	-311.2442	69.18641	0.8177893	0.1686662	0.09330045	1.527017
10704	-238.1472	-307.3846	69.23739	1.08275	0.3576338	0.08277788	0.8636873
10710	-243.3501	-311.6697	68.3196	0.9027866	0.488406	0.03041527	1.777826
10716	-245.1979	-313.7605	68.56265	1.148447	0.2582098	0.01282814	1.777826
10722	-246.3234	-315.6783	69.35492	1.215035	0.1856664	0.01805632	1.303392
10728	-245.1996	-314.7639	69.56437	1.398528	0.07088831	0.05721567	1.209127
10734	-239.5356	-308.6243	69.08865	1.783246	0.270432	0.04537588	0.5677167
10740	-245.1073	-314.3493	69.24199	1.792459	0.220005	0.0412348	0.4976273
10746	-245.364	-314.625	69.26104	1.319363	0.220005	0.0412348	1.138423
10752	-240.3533	-309.9891	69.63578	1.528369	0.1387508	0.02459932	0.8880433
10758	-240.5288	-310.1431	69.61427	1.601223	0.1387508	0.04278438	0.713165
10764	-237.9585	-306.1587	68.20016	1.90183	0.7190554	0.04278438	0.5866964
10770	-243.8713	-312.7717	68.90038	1.444875	0.415167	0.03755836	0.9540483
10776	-243.5689	-311.7719	68.20309	1.838312	0.707995	0.03309525	0.8059639
10782	-243.6874	-313.3837	69.69634	1.471902	0.1195484	0.03309525	0.9277369
10788	-249.4077	-319.11	69.70237	1.170266	0.1349552	0.06600788	1.005691
10794	-249.643	-319.52	69.87703	1.410724	0.1349552	0.04509168	0.5271726
10800	-248.9623	-317.8296	68.86731	1.172051	0.3453059	0.04509168	1.320954
10806	-244.4407	-313.8011	69.36041	1.083896	0.1738424	0.0646267	1.274393
10812	-242.8221	-312.4004	69.57831	1.579243	0.1738424	0.0279549	0.7215373
10818	-250.3083	-319.5627	69.2544	1.716194	0.1511798	0.0279549	1.032045
10824	-242.0127	-311.2838	69.27107	2.025491	0.1549416	0.0279549	0.486088
10830	-243.8184	-313.204	69.38561	1.876596	0.1549416	0.03591903	0.486088
10836	-237.8772	-307.2919	69.41472	1.775766	0.1549416	0.01390146	0.7855282
10842	-241.8172	-311.7255	69.90829	1.466293	0.06584173	0.01390146	0.99364
10848	-249.9664	-318.9007	68.93431	2.00026	0.1416136	0.006574304	0.99364
10854	-240.323	-309.9483	69.62528	1.827908	0.05108161	0.00659409	0.8557077
10860	-240.6735	-310.5317	69.85816	1.283993	0.05729215	0.02013018	1.249742
10866	-246.9464	-317.0961	70.14972	1.305028	0.05729215	0.0127703	0.9473738
10872	-246.3936	-316.7419	70.34827	0.9294635	0.05729215	0.04920921	1.019796
10878	-246.9135	-316.4512	69.53774	1.267257	0.1669545	0.1151203	0.677807
10884	-242.1765	-311.5241	69.34759	1.493984	0.1334765	0.03017706	1.199019
10890	-252.0416	-319.8986	67.85701	1.171469	0.2384286	0.0327797	2.24951
10896	-245.2808	-315.2558	69.97507	1.345746	0.08448976	0.01523495	0.9644988
10902	-245.207	-315.5046	70.29762	1.489334	0.0371665	0.01523495	0.6451884
10908	-241.9638	-311.859	69.89516	1.798088	0.0371665	0.01559108	0.8002001
10914	-232.4488	-302.3507	69.9019	1.736914	0.066292	0.03210349	0.4553992
10920	-234.8835	-303.5544	68.6709	1.985145	0.4007418	0.01030552	0.5303066
10926	-229.3752	-299.1756	69.80041	1.740975	0.09688882	0.01844497	0.4781397
10932	-238.1545	-307.4583	69.30377	1.565919	0.2468322	0.05837928	0.5565825
10938	-233.9365	-303.1211	69.18453	1.600319	0.2810567	0.05031434	0.6645192
10944	-234.4158	-303.7349	69.31902	1.396821	0.2994241	0.04928056	0.7195095
10950	-231.2888	-301.1012	69.81233	1.718746	0.08534562	0.03671294	0.4716239
10956	-237.0516	-306.0772	69.02561	2.147757	0.1780544	0.03855892	0.5037714
10962	-241.4716	-310.2351	68.76342	1.89331	0.3694235	0.03855892	0.3789631
10968	-238.6501	-307.4739	68.82379	1.970101	0.2214863	0.08272959	0.3798657
10974	-244.3979	-312.0664	67.66846	1.794363	1.201786	0.05857599	0.7101593
10980	-241.6388	-309.5163	67.87752	1.579578	1.201786	0.07404266	0.509874
10986	-253.0727	-320.2956	67.22286	1.687693	1.692666	0.06973212	0.8796021
10992	-252.2574	-320.2445	67.98709	1.416091	1.21605	0.06999084	0.6955584
10998	-254.0077	-321.9711	67.96336	1.383644	0.795826	0.1784176	0.7814507
11004	-251.565	-320.0082	68.44319	0.926945	0.3569344	0.1036231	1.603182
11010	-253.8914	-321.59	67.69859	1.070453	0.4313293	0.163727	1.767956
11016	-243.4687	-312.4405	68.97178	1.402713	0.222901	0.09348378	1.09123
11022	-243.0483	-311.9696	68.92132	1.378473	0.3273624	0.02356435	1.215183
11028	-253.1073	-321.3644	68.25713	1.860379	0.516278	0.03617224	1.013373
11034	-234.4513	-303.7037	69.25238	1.466476	0.1890741	0.01044751	1.134639
11040	-240.3863	-309.8505	69.46427	1.618677	0.1890741	0.03152129	0.7404871
11046	-245.9642	-315.9584	69.99419	1.426946	0.09598803	0.03152129	0.7404871
11052	-239.5767	-308.4789	68.9022	1.255991	0.1732414	0.05628482	1.530613
11058	-237.2983	-306.4825	69.18419	1.056233	0.1732414	0.05628482	1.468933
11064	-239.0027	-308.1421	69.13933	1.663442	0.186851	0.01810256	1.100573
11070	-249.9755	-318.0419	68.06639	1.493981	0.7112549	0.1062507	0.9611084
11076	-238.9421	-308.3982	69.45619	1.55942	0.1956032	0.05853112	0.5447301
11082	-243.5807	-313.532	69.95127	1.55942	0.06685521	0.05853112	0.51177
11088	-244.0361	-313.0794	69.04326	1.426473	0.3287647	0.04067212	0.9907814
11094	-247.671	-316.3285	68.65749	0.9677402	0.3287647	0.1150488	1.422657
11100	-245.6947	-315.4378	69.74313	1.211303	0.07616151	0.0134151	1.319681
11106	-239.168	-308.864	69.69605	1.202804	0.08833548	0.0134151	1.319681
11112	-238.3605	-307.7737	69.41315	1.512724	0.2216554	0.03758738	0.7887335
11118	-238.6049	-307.6481	69.04316	1.488699	0.3452608	0.05851144	0.7737277
11124	-237.4067	-306.1313	68.72466	1.422488	0.5175803	0.06277596	0.8345159
11130	-253.0357	-320.0953	67.05956	1.068153	1.284272	0.01275765	1.915018
11136	-244.089	-312.4988	68.40981	1.709719	0.4388781	0.02683983	1.170314
11142	-235.2101	-304.6725	69.4624	1.214413	0.2235809	0.04869997	1.003511
11148	-235.8445	-304.7017	68.85724	1.449601	0.3012494	0.1098895	0.8872503
11154	-244.0094	-312.7654	68.756	1.667114	0.3012494	0.1006165	0.7908884
11160	-244.8673	-313.1661	68.29876	1.798295	0.5175701	0.08172307	0.7823036
11166	-246.4012	-314.8499	68.44873	1.92643	0.3358193	0.1217358	0.4394871
11172	-240.5076	-309.6336	69.12605	1.911454	0.2261799	0.03351699	0.5958822
11178	-238.3027	-307.4332	69.13044	1.982659	0.1511818	0.05006312	0.314302
11184	-253.9485	-322.7766	68.82813	1.469633	0.3204629	0.1372463	0.694734
11190	-240.9425	-310.5104	69.56797	1.53551	0.1247657	0.05403178	0.8619378
11196	-246.4081	-315.4232	69.01511	1.598259	0.3712503	0.04006411	0.7067568
11202	-238.7003	-307.6733	68.97303	1.565357	0.4327517	0.03125874	0.702615
11208	-242.2167	-310.7069	68.49022	2.107821	0.4327517	0.03125874	0.4499385
11214	-242.8056	-310.8869	68.08128	2.301448	0.488553	0.03125874	0.2912279
11220	-245.4455	-313.739	68.29346	1.75213	0.488553	0.09932548	0.2808225
11226	-240.4502	-309.3515	68.90133	1.847195	0.2098755	0.09932548	0.3716135
11232	-244.6614	-312.7294	68.06802	2.447307	0.2981559	0.04116739	0.1990983
11238	-243.8929	-312.7202	68.82736	1.954893	0.3188106	0.04165009	0.5356044
11244	-239.6093	-309.512	69.90267	1.52894	0.1101638	0.02980838	0.621773
11250	-239.5815	-309.2423	69.66075	1.216098	0.151505	0.02303098	1.132839
11256	-241.299	-311.0814	69.78244	1.318007	0.08733999	0.02303098	1.158945
11262	-246.9196	-315.5203	68.60071	1.52111	0.4573178	0.05940021	0.9933744
11268	-249.5238	-318.6336	69.10983	1.185118	0.3885939	0.05940021	0.9464618
11274	-253.2121	-323.2909	70.07879	1.762284	0.0302051	0.01268412	0.5018866
11280	-245.4791	-315.6335	70.1544	1.377146	0.03309797	0.00913449	0.9450004
11286	-240.5949	-310.6878	70.09286	1.24193	0.03309797	0.00913449	1.134963
11292	-242.5616	-312.6026	70.04108	1.059346	0.09229894	0.01349068	1.134963
11298	-246.1898	-316.3355	70.14576	1.032283	0.08445455	0.04411626	1.0156
11304	-258.4325	-328.2656	69.83306	1.30804	0.1493257	0.05984206	0.6137478
11310	-236.065	-304.7176	68.65253	1.815035	0.4087073	0.05984206	0.6574454
11316	-239.4958	-308.017	68.52124	1.840001	0.330353	0.1239082	0.3956405
11322	-249.2102	-318.1939	68.98369	1.698944	0.330353	0.05641603	0.5372869
11328	-246.8705	-316.6049	69.73435	1.63316	0.09120295	0.06414896	0.5410541
11334	-251.5051	-320.0897	68.58458	1.651558	0.5946354	0.05207895	0.5371205
11340	-245.976	-314.1595	68.18347	2.011645	0.5946354	0.03691623	0.2942007
11346	-242.4649	-310.5131	68.04817	2.193822	0.5946354	0.04836611	0.4172792
11352	-251.0702	-318.4473	67.37713	2.620654	0.5946354	0.04836611	0.2205365
11358	-250.0413	-317.2121	67.17075	2.719549	0.5946354	0.04836611	0.1841661
11364	-241.3623	-308.8823	67.51996	2.293568	0.6836681	0.03171123	0.1748841
11370	-246.439	-313.6399	67.20081	1.68802	2.307255	0.03719744	0.5891518
11376	-246.6502	-313.5919	66.94177	1.821895	2.094819	0.08996531	0.5235623
11382	-255.9248	-323.5124	67.58767	1.720269	1.291408	0.08996531	0.5192045
11388	-248.8741	-317.6026	68.7285	1.550102	0.3041499	0.1144014	0.8910188
11394	-243.4238	-312.6627	69.23889	1.05886	0.2509035	0.0376755	1.32076
11400	-244.9498	-312.9324	67.98263	1.05886	0.2509035	0.05957008	2.134478
11406	-241.138	-310.3675	69.22951	1.094702	0.1660581	0.05860218	1.414
11412	-237.9288	-306.3274	68.39858	1.544081	0.6141368	0.08453364	0.7753875
11418	-245.7445	-315.0291	69.28466	1.686109	0.2219685	0.05259625	0.526759
11424	-249.7385	-318.7004	68.96184	2.120761	0.2219685	0.02766642	0.4417005
11430	-249.3503	-318.3268	68.97654	2.361123	0.1305096	0.01014442	0.3946059
11436	-250.6667	-319.4465	68.77985	2.537583	0.07163783	0.01014442	0.2070822
11442	-243.1968	-312.8491	69.6523	1.880861	0.07163783	0.007219	0.4177958
11448	-242.7007	-312.5076	69.80691	1.629083	0.0876424	0.02221714	0.8160421
11454	-252.5649	-322.028	69.46311	1.163843	0.2815104	0.02221714	1.017356
11460	-250.6978	-320.4309	69.7331	1.947874	0.06286021	0.01257491	0.5160258
11466	-259.1929	-328.8862	69.69332	1.541688	0.1689217	0.01615352	0.6448096
11472	-249.4345	-318.6578	69.22326	1.503399	0.2485061	0.05844742	0.8186443
11478	-252.2961	-321.7201	69.42394	1.115038	0.1642371	0.01563007	1.380697
11484	-241.314	-310.7223	69.40836	2.07738	0.09486429	0.00930046	0.5657682
11490	-239.6992	-309.4163	69.71705	1.858176	0.07144712	0.0111359	0.677994
11496	-243.4991	-313.5434	70.04428	1.439141	0.07144712	0.03567287	0.7846388
11502	-248.5134	-317.7478	69.23443	1.998128	0.09976182	0.08553917	0.4826504
11508	-249.0026	-318.5231	69.52052	1.852983	0.09976182	0.009470567	0.7613534
11514	-239.4283	-309.5773	70.14904	1.419693	0.06079096	0.01632347	0.8117798
11520	-236.6079	-306.8263	70.21847	1.419693	0.03906885	0.01533153	0.8572576
11526	-237.6931	-307.7095	70.01641	1.698222	0.0532841	0.02362812	0.617552
11532	-237.4286	-306.9694	69.54073	1.866151	0.1250656	0.02573463	0.4448191
11538	-247.3837	-315.7246	68.3409	2.341765	0.3998351	0.02485695	0.4448191
11544	-242.7181	-312.2019	69.48384	1.768178	0.1476558	0.04171084	0.5661014
11550	-243.6287	-312.7125	69.08375	2.24901	0.1375221	0.022029	0.3657321
11556	-245.9606	-315.0776	69.11693	2.378755	0.09284824	0.01227409	0.3657321
11562	-234.521	-303.9325	69.4115	2.140995	0.07933924	0.01275222	0.3559398
11568	-239.1469	-308.6194	69.47253	1.990396	0.08982017	0.03674993	0.3585222
11574	-238.9139	-307.9794	69.06546	2.04793	0.08982017	0.0528853	0.1990122
11580	-237.2081	-305.9727	68.76458	2.1106	0.1782997	0.0528853	0.2344997
11586	-243.6219	-312.7175	69.09559	1.954028	0.1782997	0.05342521	0.3593516
11592	-248.7757	-317.7974	69.02171	1.773765	0.2551619	0.06613323	0.4057598
11598	-240.8096	-310.2487	69.43903	1.871599	0.1191589	0.05206453	0.5448865
11604	-249.6588	-318.2275	68.56879	1.859053	0.5155531	0.02724067	0.6739386
11610	-243.5766	-313.1686	69.59202	1.528823	0.1556928	0.03747019	0.8024461
11616	-247.285	-316.7685	69.48349	1.545325	0.1556928	0.07140374	0.687408
11622	-240.5393	-310.3118	69.77253	1.621902	0.1291812	0.02431217	0.4401981
11628	-241.593	-310.9958	69.40278	1.834579	0.1291812	0.05820422	0.4401981
11634	-241.4575	-310.7394	69.28192	1.356517	0.2666538	0.05820422	0.8711657
11640	-246.7601	-316.3229	69.56282	1.342868	0.1590942	0.03382731	1.044541
11646	-241.7475	-311.4551	69.70766	1.364363	0.1186119	0.03382731	1.026733
11652	-240.6261	-310.4043	69.77821	1.089971	0.1186119	0.05170471	1.134985
11658	-241.3821	-310.1226	68.74052	1.670563	0.4690886	0.05170471	0.6299481
11664	-233.5834	-302.038	68.45459	1.578766	0.4690886	0.1028652	0.8495228
11670	-241.8609	-309.2726	67.41173	1.715488	1.551501	0.06777937	0.7348708
11676	-240.4618	-309.3104	68.8486	1.572293	0.2875809	0.04218156	1.119946
11682	-245.2128	-314.3773	69.16443	1.251577	0.1741338	0.06026891	1.314118
11688	-246.6724	-315.7447	69.07234	1.16507	0.334836	0.05369636	1.136315
11694	-245.6021	-314.8684	69.26631	1.259079	0.1488286	0.03870471	1.380355
11700	-243.7572	-313.0127	69.2555	1.478465	0.1823974	0.02163756	1.1714
11706	-245.1016	-314.3895	69.28784	1.100483	0.2791397	0.04116249	1.1714
11712	-244.7287	-313.4574	68.72877	1.088729	0.2791397	0.05452547	1.569785
11718	-242.8017	-311.1265	68.32479	1.610508	0.6553092	0.0985289	0.5137695
11724	-240.4475	-310.1313	69.68372	1.57591	0.1681849	0.02580031	0.5137695
11730	-257.8289	-327.4835	69.65459	1.698974	0.1044767	0.02580031	0.8157755
11736	-261.6815	-331.2226	69.54108	1.383941	0.1320835	0.09033582	0.8360123
11742	-248.6946	-318.5102	69.81556	1.19299	0.1276437	0.04687502	0.9922481
11748	-250.0096	-319.7106	69.70092	1.608416	0.1097066	0.06039462	0.5270844
11754	-258.383	-327.0624	68.67936	1.466284	0.5604108	0.06546826	0.7241917
11760	-248.1092	-318.1612	70.05195	0.7336547	0.08427371	0.03818086	1.380164
11766	-246.053	-315.6333	69.58023	0.5885833	0.06496218	0.03386494	1.905321
11772	-244.9367	-315.0569	70.12023	1.581183	0.05328599	0.0131788	0.636735
11778	-250.5123	-320.2582	69.74589	1.554266	0.1439946	0.01803888	0.6893514
11784	-258.3457	-325.2246	66.87893	1.594499	2.904304	0.06243569	0.6053832
11790	-249.1831	-317.6683	68.48519	1.42341	0.6006359	0.07393988	0.9025606
11796	-247.0684	-315.8238	68.75535	1.543309	0.2976009	0.07393988	1.066563
11802	-243.5902	-311.1723	67.58213	1.994141	1.026414	0.08318592	0.5166582
11808	-241.7422	-310.0655	68.32328	1.994141	0.4341927	0.07190285	0.3208764
11814	-247.4967	-316.9548	69.4581	1.631338	0.1155629	0.06021592	0.8844935
11820	-239.3403	-309.07	69.72969	1.5288	0.1155629	0.06021592	0.6315557
11826	-243.9988	-312.7492	68.75046	1.652426	0.4209401	0.07576536	0.4471037
11832	-247.4005	-316.4843	69.0838	1.484307	0.2520489	0.1198497	0.60895
11838	-256.641	-326.3022	69.66111	1.829943	0.08632006	0.04433494	0.4943657
11844	-252.5387	-321.4047	68.86602	1.783299	0.287309	0.04433494	0.8803487
11850	-256.7464	-326.1613	69.41488	1.465843	0.1930908	0.02297122	1.001761
11856	-248.2249	-317.7811	69.55619	1.501031	0.08461906	0.06058571	1.052185
11862	-237.7185	-306.9171	69.19856	1.183421	0.2019235	0.04001371	1.353251
11868	-236.56	-306.1058	69.54571	1.188902	0.2019235	0.03538043	1.071096
11874	-238.0964	-306.3377	68.24129	2.46447	0.2847601	0.02663066	0.2350767
11880	-245.8111	-313.7054	67.8943	2.46447	0.3586769	0.03512158	0.1829187
11886	-243.5641	-312.0333	68.4692	2.145741	0.3982137	0.03685014	0.3908432
11892	-245.3348	-314.0947	68.75993	1.84034	0.3982137	0.03989764	0.3908432
11898	-251.901	-320.1984	68.29749	1.814646	0.5163105	0.1021747	0.5890044
11904	-248.0538	-317.3203	69.26649	2.077079	0.1026487	0.03193483	0.2826469
11910	-250.0806	-319.1625	69.08193	2.164423	0.1538542	0.03631949	0.4107494
11916	-246.011	-314.9119	68.90088	1.595822	0.3636457	0.07332996	0.6456706
11922	-249.6516	-319.0267	69.37509	1.311669	0.2260565	0.05237451	0.9676881
11928	-247.4513	-316.2076	68.75632	1.321994	0.2883983	0.06994623	1.293608
11934	-255.9632	-323.3746	67.41141	1.817251	0.9627752	0.1005037	1.028788
11940	-252.6164	-321.2504	68.63401	1.594876	0.5643824	0.06225075	0.5482711
11946	-247.8182	-317.2124	69.39424	0.9472797	0.259028	0.06890805	1.135688
11952	-243.2668	-312.6078	69.34096	0.7127069	0.259028	0.1000095	1.261965
11958	-241.344	-310.5202	69.17622	0.8752151	0.2127228	0.02901987	1.616541
11964	-242.6132	-312.3775	69.76434	0.8491474	0.08813947	0.02901987	1.529346
11970	-240.909	-309.898	68.98894	1.644117	0.2622031	0.008001529	0.9780015
11976	-242.2213	-310.8937	68.67235	1.57417	0.601613	0.0178809	0.7844306
11982	-241.8381	-310.3613	68.52319	1.630954	0.5717193	0.03197489	0.904603
11988	-242.6458	-311.3228	68.67702	1.380103	0.2665792	0.07220429	1.345037
11994	-264.8406	-333.8679	69.02728	1.08926	0.201423	0.0412283	1.552372
12000	-255.1344	-324.0567	68.92226	0.9433498	0.4036111	0.03449211	1.405881
12006	-246.9639	-315.6756	68.71171	1.0103	0.4190645	0.03327054	1.497356
12012	-253.1796	-321.3018	68.12217	0.9487169	0.4190645	0.03327054	1.956697
12018	-244.3854	-313.5037	69.11827	1.116034	0.1877412	0.01857394	1.556833
12024	-246.655	-316.1764	69.52143	1.546678	0.1305768	0.02349229	1.023983
12030	-235.4391	-304.622	69.18294	1.650606	0.2556641	0.02349229	0.8619467
12036	-243.001	-311.9768	68.97584	1.872841	0.2526147	0.01951989	0.8619467
12042	-245.0234	-314.3604	69.33701	1.668808	0.2526147	0.01951989	0.6128059
12048	-244.2139	-313.0945	68.88062	1.494834	0.3568082	0.06759038	0.8843748
12054	-234.1546	-302.9098	68.75529	1.770882	0.4722101	0.03271553	0.4784501
12060	-241.9239	-311.0232	69.09928	1.977577	0.2120806	0.01705835	0.6971783
12066	-240.6199	-309.6594	69.03946	2.078164	0.2120806	0.01637572	0.4060854
12072	-248.7854	-318.6521	69.86675	1.25492	0.05778465	0.0210181	1.263677
12078	-245.4573	-315.234	69.77663	1.597561	0.1149668	0.01746738	0.74769
12084	-236.3852	-305.9928	69.60755	1.339423	0.1981853	0.03214422	0.8789785
12090	-246.3625	-315.8612	69.49871	1.289063	0.1657041	0.03214422	1.139772
12096	-253.9154	-322.9627	69.04733	1.478861	0.3981275	0.03049677	0.8202634
12102	-246.4688	-316.3362	69.86735	1.416558	0.1008436	0.02838128	0.9060679
12108	-245.5814	-315.5263	69.94494	1.244927	0.07707165	0.02689596	1.11028
12114	-253.0032	-322.3712	69.368	1.492494	0.2013929	0.04271466	0.9093875
12120	-252.6301	-321.777	69.14685	1.19161	0.2013929	0.02092219	1.446012
12126	-247.7108	-316.8386	69.12787	1.470825	0.381304	0.02092219	0.8083112
12132	-268.8907	-336.4802	67.58947	1.64175	1.343449	0.0670912	0.8146913
12138	-254.0415	-323.4359	69.3944	1.072032	0.1311198	0.03458191	1.48995
12144	-250.6171	-320.0752	69.45804	1.146848	0.09758505	0.03383954	1.489487
12150	-252.9434	-321.1673	68.22381	1.235799	0.1167282	0.009515915	2.218648
12156	-248.5647	-318.4561	69.89145	1.185092	0.1167282	0.03606971	1.019461
12162	-239.2241	-308.6417	69.41758	1.26505	0.1167282	0.03430134	1.367303
12168	-246.2229	-315.2124	68.98943	1.126743	0.1588023	0.0690064	1.551026
12174	-254.0233	-323.5096	69.48623	1.484797	0.1655469	0.08647179	0.5788893
12180	-242.655	-311.4737	68.81866	1.738389	0.3235155	0.08647179	0.514122
12186	-247.5608	-316.5215	68.96066	1.752446	0.3235155	0.05378512	0.514122
12192	-258.7435	-329.0577	70.31429	1.267925	0.03671374	0.02895692	0.909091
12198	-250.2642	-319.9861	69.72184	1.223892	0.1474737	0.04291062	1.002177
12204	-252.2584	-320.8711	68.61276	1.421185	0.4999819	0.130019	0.566987
12210	-238.4487	-307.6651	69.21636	1.582491	0.2306077	0.02028662	0.9800393
12216	-239.7699	-309.1589	69.389	1.676001	0.2306077	0.02028662	0.6094354
12222	-238.6441	-308.2929	69.64877	1.975029	0.07279232	0.01891643	0.3920774
12228	-237.3633	-306.9196	69.55631	1.832481	0.134397	0.01891643	0.5447767
12234	-240.9523	-309.9509	68.9986	1.544934	0.3585097	0.01701947	0.9298647
12240	-244.9659	-312.3868	67.42093	1.030081	1.193329	0.08695449	1.539431
12246	-247.1673	-314.9054	67.73817	1.022392	1.193329	0.1747955	1.005042
12252	-248.0367	-316.8904	68.85371	1.950803	0.302526	0.04434171	0.4570427
12258	-238.9284	-308.5543	69.62589	1.858612	0.1102125	0.02031828	0.5201635
12264	-242.4029	-311.997	69.59419	1.858612	0.1102125	0.0131189	0.4067218
12270	-247.4985	-317.2483	69.74978	1.860119	0.06592202	0.01228134	0.6834218
12276	-248.5595	-318.3706	69.81106	1.356201	0.06592202	0.0181621	1.19348
12282	-250.926	-320.6871	69.76109	1.741897	0.09951983	0.0181621	0.3905878
12288	-238.8259	-308.2953	69.46949	2.198801	0.03243446	0.006179424	0.3830276
12294	-239.605	-309.4031	69.79815	1.888846	0.03401313	0.006179424	0.444031
12300	-243.931	-313.4185	69.48752	2.03365	0.06400291	0.006179424	0.3967066
12306	-241.6924	-311.3257	69.63332	2.104794	0.04832758	0.01408466	0.3967066
12312	-241.2967	-311.1188	69.82213	1.884613	0.04832758	0.03224581	0.3967066
12318	-242.1992	-311.4039	69.20466	1.985174	0.1867053	0.02354414	0.600026
12324	-243.6847	-313.1458	69.46111	1.681775	0.1752299	0.04302096	0.600026
12330	-246.4003	-315.8823	69.48198	1.237485	0.1752299	0.03806465	1.148477
12336	-247.2063	-316.5878	69.38148	1.029507	0.2884924	0.03417491	1.160981
12342	-243.616	-312.7492	69.13322	1.433255	0.2436813	0.03417491	1.122994
12348	-240.9395	-310.3161	69.37664	1.294666	0.3023849	0.04203583	0.8245828
12354	-245.452	-313.9602	68.50825	1.437748	0.3023849	0.04533981	1.46711
12360	-246.8182	-314.1394	67.32115	1.422779	1.058618	0.07114251	1.46711
12366	-238.8347	-308.3273	69.49258	1.203034	0.287983	0.02740051	0.9136828
12372	-242.2356	-310.1979	67.96233	1.473946	1.035931	0.05811998	0.9422324
12378	-241.4134	-309.5904	68.17696	1.648769	0.689895	0.05811998	0.9422324
12384	-248.5884	-318.4567	69.86826	1.373202	0.1303497	0.01712603	0.8456463
12390	-250.9604	-320.8173	69.85681	1.885468	0.05151972	0.01712603	0.5839564
12396	-243.6172	-313.2684	69.65117	1.898121	0.09500749	0.01712603	0.4824382
12402	-246.7775	-316.2916	69.51411	0.8255113	0.1792005	0.06300273	1.351475
12408	-239.797	-309.7815	69.98453	0.7413431	0.0940356	0.04883608	1.351475
12414	-238.7008	-308.5843	69.88345	1.43666	0.06195128	0.04883608	0.9554024
12420	-246.3531	-316.6555	70.30234	1.082035	0.06195128	0.03576034	0.9554024
12426	-249.078	-318.6702	69.59215	1.432685	0.1675976	0.06201964	0.7039941
12432	-243.8337	-313.7396	69.90587	1.74148	0.0637272	0.03376318	0.480263
12438	-239.1453	-308.2383	69.09295	1.710986	0.3016584	0.04327445	0.5808466
12444	-237.6651	-307.2588	69.59372	1.66258	0.1496624	0.02877589	0.6862063
12450	-245.2355	-314.2369	69.00149	1.703974	0.3442473	0.0210547	0.7662349
12456	-241.4423	-311.7062	70.2639	1.294947	0.06817989	0.01136144	0.7368562
12462	-242.1672	-312.1836	70.01647	1.302987	0.0814705	0.01051204	0.9443393
12468	-236.1518	-305.6911	69.53929	1.756395	0.136915	0.01051204	0.6736506
12474	-236.7663	-306.0367	69.27032	1.579692	0.1470433	0.02609934	1.162434
12480	-238.1478	-307.5464	69.3986	1.224727	0.1470433	0.02303756	1.358116
12486	-246.4989	-314.4717	67.97288	1.758439	0.136649	0.02183352	2.023627
12492	-232.1708	-302.2238	70.05303	0.9063164	0.136649	0.02313457	1.106114
12498	-237.1119	-306.7105	69.5986	1.21355	0.0878624	0.06399825	1.241974
12504	-229.6028	-299.2425	69.63971	1.411619	0.1815399	0.03071672	0.8219753
12510	-240.301	-309.4267	69.12573	1.180472	0.1815399	0.0381057	1.467506
12516	-231.2958	-301.5939	70.29815	1.241659	0.06914523	0.0381057	0.6968588
12522	-236.5744	-306.3595	69.78504	1.801049	0.06914523	0.0381057	0.5931423
12528	-242.1036	-311.916	69.81241	1.531085	0.11259	0.01601748	0.8016829
12534	-239.5597	-309.3347	69.77499	1.476828	0.1260368	0.05436732	0.618754
12540	-242.7283	-312.2025	69.47423	1.552241	0.2157095	0.04208639	0.5948331
12546	-239.7361	-309.103	69.36693	1.531337	0.2198417	0.06839819	0.5320155
12552	-251.8377	-320.3172	68.47953	1.385065	0.65314	0.04348121	1.027271
12558	-255.3322	-323.3661	68.03395	1.440383	0.65314	0.1004898	1.14012
12564	-250.6643	-318.3709	67.70653	1.90693	0.9314701	0.08388315	0.3499613
12570	-245.0474	-312.9501	67.90263	1.657799	0.9057516	0.1122929	0.5934047
12576	-240.1101	-309.1528	69.04267	1.298159	0.3252992	0.07661436	0.9496314
12582	-242.2563	-311.9257	69.66943	1.456996	0.1730282	0.03758951	0.7073744
12588	-239.9568	-309.2363	69.27956	1.908249	0.1730282	0.01998206	0.711258
12594	-244.7599	-313.9214	69.16153	1.665425	0.2997706	0.02576157	0.712873
12600	-245.153	-314.9702	69.81719	1.619796	0.07570515	0.0393782	0.7963649
12606	-252.6782	-322.7292	70.05097	1.644813	0.04959396	0.03221601	0.6316171
12612	-253.5123	-323.2355	69.72311	1.617961	0.1308245	0.03221601	0.6205801
12618	-256.8289	-326.4904	69.66153	1.635133	0.122284	0.05317227	0.4976594
12624	-257.3793	-325.8186	68.43936	1.986834	0.4651924	0.05317227	0.4232342
12630	-250.5246	-319.0817	68.55716	1.883422	0.4536837	0.0568977	0.4873211
12636	-246.8519	-316.4502	69.59832	1.594338	0.1401695	0.0568977	0.6017714
12642	-240.0168	-310.1297	70.11293	1.414941	0.06262056	0.0568977	0.4269096
12648	-243.8145	-314.0077	70.19318	1.577306	0.02335304	0.01499431	0.7673471
12654	-241.458	-311.6196	70.16151	1.429663	0.0629733	0.01670448	0.7673471
12660	-247.6233	-317.6451	70.02182	1.600869	0.05453192	0.01884854	0.7832505
12666	-253.2572	-322.9155	69.65828	1.679447	0.1215975	0.02349939	0.7519481
12672	-244.3689	-314.0356	69.66671	1.616508	0.1303577	0.02958516	0.7519481
12678	-244.2729	-314.4805	70.20751	1.177896	0.02611154	0.009738504	1.124246
12684	-251.6922	-321.8898	70.19756	1.207753	0.08137505	0.04138943	0.7903597
12690	-241.1313	-310.4651	69.33378	1.809178	0.1830922	0.04138943	0.5184222
12696	-234.1675	-302.7779	68.61037	2.133619	0.3376311	0.04138943	0.4829123
12702	-233.6868	-302.3578	68.671	2.039014	0.3376311	0.04542175	0.4195071
12708	-239.3115	-308.6187	69.30719	1.799781	0.1880046	0.04542175	0.4749609
12714	-249.584	-318.0871	68.50305	2.014909	0.4356801	0.04542175	0.4244095
12720	-255.6612	-325.3316	69.67045	1.119328	0.1843392	0.03725411	1.061337
12726	-248.4875	-318.6586	70.1711	1.358823	0.08281393	0.03725411	0.5805345
12732	-242.4113	-312.3762	69.9649	1.60418	0.08281393	0.03071528	0.5336304
12738	-243.2364	-313.0816	69.84523	1.783218	0.07010757	0.03071528	0.5336304
12744	-241.7038	-311.5205	69.81676	1.898113	0.05510416	0.012445	0.4563847
12750	-250.9122	-320.9693	70.05709	1.610253	0.03424445	0.008018113	0.7395296
12756	-244.3528	-314.64	70.28726	1.067833	0.03654526	0.008263655	1.085037
12762	-240.8832	-310.835	69.95184	1.625325	0.05835553	0.01290526	0.798534
12768	-242.137	-311.872	69.73496	1.068578	0.02857537	0.01290526	1.606395
12774	-245.0122	-314.2131	69.20097	1.846682	0.1230768	0.0940212	0.3538137
12780	-243.9424	-313.8476	69.90527	1.657363	0.08861418	0.02493676	0.546195
12786	-240.045	-310.1346	70.08956	1.508408	0.08267283	0.02220814	0.5375914
12792	-236.1176	-304.9712	68.85365	1.722466	0.2491005	0.01584541	1.142757
12798	-238.9864	-308.9024	69.91601	1.806559	0.05011589	0.01044014	0.5163713
12804	-231.0337	-300.7447	69.71092	1.942535	0.07124961	0.01675373	0.5468043
12810	-237.4767	-306.1125	68.63581	1.642089	0.540083	0.03441955	0.8002458
12816	-241.5643	-310.9335	69.36927	1.644071	0.192993	0.03441955	0.8039217
12822	-249.459	-318.3454	68.88638	1.208604	0.2114746	0.06624389	1.453272
12828	-244.2718	-313.4258	69.15403	1.045346	0.2114746	0.03635354	1.486202
12834	-248.361	-317.5507	69.18972	1.810368	0.2004261	0.05051055	0.6651534
12840	-244.6248	-313.807	69.18213	1.462344	0.3048831	0.06061064	0.7230155
12846	-245.2153	-314.323	69.10772	1.612512	0.3048831	0.06061064	0.4735677
12852	-239.0684	-308.4491	69.38074	1.878636	0.1607231	0.02122785	0.6496665
12858	-244.6628	-313.987	69.32419	1.972607	0.1607231	0.02122785	0.4946735
12864	-243.5118	-312.6519	69.14012	1.972607	0.2200948	0.02122785	0.4771188
12870	-243.0299	-312.1797	69.14981	1.499254	0.2233137	0.07600045	0.8921797
12876	-249.2484	-318.4573	69.20894	1.499254	0.216878	0.1104549	0.5879672
12882	-250.1895	-318.1442	67.9547	1.894061	1.031234	0.02258442	0.5467721
12888	-241.6657	-309.8071	68.14134	1.79363	0.7271109	0.07650905	0.5503999
12894	-244.8964	-313.0539	68.15745	2.02233	0.5451294	0.07650905	0.4191314
12900	-247.5398	-315.6932	68.15344	2.094819	0.5064469	0.07650905	0.4395164
12906	-243.8166	-312.7901	68.97351	1.946687	0.2186408	0.0647289	0.5250548
12912	-236.8778	-305.6875	68.80966	1.9106	0.3329035	0.04734228	0.452011
12918	-246.4068	-314.8038	68.39699	1.934976	0.4448986	0.06882946	0.3395332
12924	-240.6312	-308.973	68.3418	2.141509	0.4652385	0.03033948	0.3395332
12930	-245.171	-313.6503	68.47927	2.004035	0.4652385	0.03033948	0.3395332
12936	-235.2212	-304.3655	69.14433	2.016539	0.1868016	0.02891337	0.3904993
12942	-250.0366	-319.1424	69.10579	2.039665	0.1868016	0.02915913	0.3678689
12948	-238.6216	-307.3866	68.76497	2.004511	0.3467092	0.02915913	0.5805714
12954	-245.7824	-315.3721	69.58971	1.578183	0.1561357	0.02915913	0.7868513
12960	-245.0131	-314.2442	69.23114	1.763096	0.2341932	0.02875507	0.6897566
12966	-240.348	-309.4151	69.06711	1.596612	0.2826516	0.06070338	0.7725593
12972	-240.6957	-309.8286	69.13289	1.53083	0.2826516	0.06070338	0.7725593
12978	-249.6358	-318.4029	68.76713	1.418901	0.2826516	0.06070338	1.253324
12984	-245.9691	-315.2703	69.30117	1.353108	0.1979027	0.06314706	1.028162
12990	-239.2181	-308.8871	69.66903	1.460127	0.1791427	0.03003511	0.7266333
12996	-242.173	-311.6524	69.47937	1.697944	0.1533722	0.03828635	0.7266333
13002	-239.2607	-307.6996	68.4389	1.45483	0.5667216	0.03828635	1.139377
13008	-242.4191	-311.7406	69.32148	1.835247	0.1808219	0.01771261	0.7226738
13014	-247.548	-317.1528	69.60485	1.789108	0.1008477	0.01129628	0.7615273
13020	-241.9155	-311.4024	69.48691	1.763373	0.1694727	0.01790109	0.6070456
13026	-238.5994	-307.5385	68.93909	2.268626	0.1592421	0.01839368	0.3109494
13032	-242.9966	-311.0483	68.05163	2.417841	0.2947708	0.07957637	0.2541051
13038	-237.9643	-306.6611	68.69675	2.050621	0.2555814	0.07911968	0.55591
13044	-247.5992	-316.6363	69.03705	1.715151	0.2257546	0.09112197	0.3932229
13050	-239.1044	-309.354	70.24961	1.373997	0.0582844	0.02765975	0.7225057
13056	-241.8485	-311.546	69.69751	1.643093	0.0582844	0.009812216	1.025279
13062	-237.5431	-307.2072	69.66416	1.666547	0.1314786	0.01701296	0.7147921
13068	-233.214	-302.6535	69.43944	1.558006	0.2090828	0.0217436	0.8221311
13074	-229.3851	-298.7831	69.39808	1.748011	0.2090828	0.01816256	0.5322922
13080	-237.4427	-307.1752	69.73254	1.898962	0.07160109	0.02217706	0.6090853
13086	-237.907	-307.9128	70.00576	1.691152	0.0598417	0.01857904	0.5982004
13092	-241.1106	-310.1943	69.08361	1.091057	0.1816227	0.06168454	1.478142
13098	-243.2943	-311.7076	68.41328	1.104844	0.4182824	0.06168454	1.546196
13104	-244.3083	-313.2513	68.94296	1.234762	0.4182824	0.06168454	0.9969828
13110	-240.7753	-310.8346	70.05925	0.9539495	0.0426708	0.01218912	1.396514
13116	-241.5748	-311.8542	70.27933	0.7736612	0.04440086	0.03259096	1.342021
13122	-235.228	-305.3882	70.16027	0.9997208	0.03034474	0.01702207	1.342021
13128	-240.2443	-310.7207	70.47637	1.190654	0.03034474	0.01842364	0.8749588
13134	-238.8007	-308.639	69.83824	1.694344	0.09008941	0.02551547	0.6220632
13140	-254.2089	-323.0043	68.79539	1.853978	0.3860391	0.03366364	0.6376883
13146	-249.503	-318.389	68.88594	1.743188	0.3860391	0.04451951	0.4940565
13152	-249.0251	-317.8711	68.846	1.792765	0.3860391	0.04134544	0.4464659
13158	-239.8012	-308.9293	69.12812	1.534879	0.3860391	0.03370121	0.6019536
13164	-239.6173	-308.7085	69.09126	1.589484	0.3860391	0.03370121	0.5173118
13170	-250.9047	-320.5831	69.67846	1.788113	0.1122007	0.01722319	0.5798268
13176	-235.1119	-304.597	69.48508	1.943611	0.1122007	0.01052554	0.5798268
13182	-240.3971	-309.4575	69.06041	2.262542	0.1122007	0.01052554	0.2952656
13188	-250.3301	-318.729	68.39887	2.682687	0.1144031	0.01399422	0.1807166
13194	-242.52	-310.0381	67.51811	3.228322	0.094035	0.00998858	0.106113
13200	-251.2701	-320.0294	68.75925	1.732587	0.2951537	0.05430982	0.9767224
13206	-241.5515	-310.4764	68.92496	1.356402	0.3513543	0.06326581	1.017998
13212	-240.5139	-310.4963	69.98243	1.232024	0.1100178	0.03958349	0.8846813
13218	-240.7341	-310.3458	69.61167	1.430187	0.1100178	0.03958349	1.062606
13224	-232.2004	-302.0925	69.89208	1.241554	0.1100178	0.03958349	0.9723144
13230	-237.3595	-306.8461	69.48662	1.20208	0.2472588	0.03958349	0.9723144
13236	-246.1112	-314.5603	68.44911	1.337779	0.3504302	0.01621519	1.581623
13242	-247.2311	-315.4804	68.2493	1.831206	0.7264916	0.03242383	0.718968
13248	-243.2939	-312.6374	69.34343	1.496559	0.1359419	0.04283625	1.140846
13254	-252.9426	-321.15	68.20738	1.594785	0.7401515	0.09586568	0.6424105
13260	-243.2196	-311.0295	67.80991	1.849249	0.8798966	0.09547324	0.5923891
13266	-241.8662	-309.724	67.85782	2.603094	0.422169	0.04119168	0.2964685
13272	-239.3523	-308.6508	69.2985	1.723517	0.2287632	0.02876335	0.6650498
13278	-237.4265	-306.922	69.49547	1.879789	0.1294189	0.02807583	0.5859606
13284	-238.2798	-307.6805	69.4007	1.874343	0.1294189	0.04102468	0.3519687
13290	-245.9312	-315.0247	69.09346	1.261832	0.3259823	0.09419102	0.8417102
13296	-245.4424	-314.6876	69.24521	1.537318	0.3259823	0.03321152	0.6235789
13302	-237.2481	-306.4121	69.16397	1.487749	0.2893812	0.03852261	0.904504
13308	-241.9451	-311.0719	69.12677	1.246398	0.4397728	0.03852261	0.8676463
13314	-249.3273	-318.2987	68.97134	1.28049	0.1916654	0.1486422	1.089632
13320	-242.1211	-311.9901	69.86901	0.908046	0.155274	0.05121869	1.097593
13326	-242.989	-311.6783	68.68931	1.419014	0.4834693	0.02045176	1.125956
13332	-248.9704	-316.801	67.83061	1.737069	0.5896508	0.07416058	1.238906
13338	-248.6057	-317.5744	68.9687	0.7640933	0.6477728	0.07458397	1.013686
13344	-242.4756	-310.0463	67.57063	1.280006	1.143972	0.1465994	1.052862
13350	-238.2133	-306.5448	68.33157	1.395074	0.399122	0.02588399	1.544145
13356	-253.2375	-321.9836	68.74606	1.390845	0.6920727	0.02898565	0.7228719
13362	-246.3529	-315.8373	69.48447	1.712255	0.1647959	0.02898565	0.6988077
13368	-243.6613	-312.6306	68.96935	1.573424	0.3443682	0.07972994	0.5020539
13374	-241.9178	-310.8413	68.92353	1.754835	0.3443682	0.04580819	0.632222
13380	-245.3402	-313.2181	67.87792	1.688395	1.132123	0.05353446	0.6811065
13386	-243.3479	-311.8498	68.50194	1.463887	0.1952708	0.3735477	0.7382001
13392	-253.4716	-321.4875	68.01593	1.401742	0.1952708	0.5262338	1.053691
13398	-237.6127	-305.4217	67.80895	1.938555	0.4833631	0.2308403	0.4961013
