Iteration	Posterior	Likelihood	Prior	rate_log_sd	rate_loss	rate_neo	tree_length
0	-244.7264	-314.3666	69.64014	1.264184	0.1252577	0.0235818	1.191697
6	-247.0302	-316.2241	69.19396	1.453835	0.3244865	0.02602442	0.8782602
12	-245.4231	-313.6397	68.21667	1.380001	0.6437023	0.04263149	1.279689
18	-238.5193	-307.8963	69.37705	1.676512	0.1820746	0.05083624	0.667516
24	-235.5833	-305.1032	69.51983	1.302534	0.204411	0.05083624	0.8965546
30	-245.8687	-313.6182	67.74956	1.324719	0.5249903	0.05083624	1.7709
36	-241.5525	-309.9815	68.42906	1.490788	0.59061	0.05083624	1.023928
42	-245.8485	-314.2862	68.43774	1.38628	0.59061	0.07029041	1.023928
48	-247.3023	-315.4553	68.15299	1.594377	0.9483129	0.03919109	0.7895727
54	-243.1495	-311.9998	68.85028	1.589741	0.3719948	0.08153509	0.6488939
60	-246.0273	-315.771	69.74374	1.375536	0.1754325	0.05109418	0.5107741
66	-249.5105	-319.5588	70.04828	1.540382	0.06657518	0.04058149	0.5859262
72	-242.6644	-312.3909	69.72643	1.718825	0.116819	0.02048864	0.5859262
78	-246.8797	-316.2474	69.36774	1.848722	0.1436283	0.05166516	0.4387887
84	-247.8095	-317.5885	69.77901	1.884283	0.06850737	0.0191535	0.4387887
90	-245.426	-313.4876	68.06156	1.938888	0.3862602	0.01533797	1.362859
96	-243.291	-311.4152	68.12423	1.627922	1.003777	0.01493618	0.7974839
102	-250.6789	-318.1406	67.46174	2.014482	1.003777	0.08415868	0.2943314
108	-246.1053	-313.7678	67.6625	1.871097	1.216162	0.04396336	0.3469627
114	-244.9428	-312.0115	67.06874	1.741548	2.182124	0.06157517	0.3733812
120	-244.2706	-313.9233	69.65267	1.719468	0.08717726	0.06157517	0.3889512
126	-250.2487	-318.5988	68.35015	1.845658	0.5328114	0.06737406	0.3446259
132	-237.7863	-305.6796	67.89335	1.855851	1.077364	0.03524306	0.5789073
138	-237.0453	-305.683	68.63765	1.740683	0.549507	0.03524306	0.5789073
144	-237.0541	-306.6397	69.5856	1.01962	0.07043154	0.0164175	1.613724
150	-238.2901	-307.371	69.08088	1.421884	0.2547483	0.02047217	1.194957
156	-237.1481	-306.4327	69.28465	1.857275	0.1783505	0.04226431	0.4253516
162	-254.5886	-322.8402	68.25168	2.293223	0.1969469	0.09906677	0.2116533
168	-246.3023	-313.9144	67.61205	2.525535	0.2569924	0.06769009	0.1201758
174	-248.6455	-316.0747	67.42919	2.767735	0.5001326	0.02974014	0.2070285
180	-249.8957	-318.0558	68.16002	2.380389	0.3503635	0.02974014	0.2324858
186	-244.6002	-313.1321	68.53193	2.708152	0.120059	0.02974014	0.2578809
192	-239.4403	-309.2291	69.78874	1.645096	0.120059	0.01820462	0.5866688
198	-239.7697	-309.8622	70.0925	1.697293	0.01388513	0.009114846	0.6302417
204	-240.4357	-310.4421	70.00643	1.454162	0.03970854	0.009114846	0.9859758
210	-240.788	-310.7679	69.97993	1.445364	0.06155947	0.04454464	0.8645686
216	-247.2214	-317.1859	69.96448	1.753339	0.04956292	0.01586168	0.6652789
222	-239.7437	-309.6654	69.92165	1.566353	0.109491	0.02049698	0.4999829
228	-246.4221	-315.2761	68.85409	2.139564	0.2108618	0.05089454	0.4094046
234	-235.625	-304.7473	69.12238	1.978289	0.1843101	0.04363413	0.390787
240	-242.8455	-311.2492	68.40369	1.972059	0.4953596	0.04363413	0.3460974
246	-236.7425	-305.1787	68.43623	2.196962	0.3639264	0.02464362	0.2876778
252	-243.8274	-311.72	67.89263	2.158242	0.8379691	0.02464362	0.5106664
258	-246.3484	-315.4831	69.13469	1.913898	0.2112728	0.04261793	0.5460992
264	-243.9722	-312.0332	68.06099	2.123627	0.6765462	0.03875512	0.4469132
270	-249.5033	-316.4374	66.93412	2.166852	1.853589	0.04424022	0.3938839
276	-247.1776	-315.2338	68.05618	2.166852	0.4875869	0.07874224	0.3530158
282	-240.9344	-309.4092	68.47483	1.464536	0.588871	0.1132465	0.631469
288	-242.3248	-311.9131	69.58825	1.080797	0.1365683	0.09162019	1.081655
294	-241.9845	-312.0395	70.05503	0.7395183	0.1365683	0.09162019	0.9584307
300	-236.7326	-306.7215	69.98891	1.384988	0.09295026	0.03809824	0.7844029
306	-238.3502	-308.1523	69.80209	1.7104	0.1028608	0.02078455	0.5363822
312	-237.711	-307.4776	69.76655	1.908953	0.05426056	0.01423722	0.3480455
318	-237.0736	-306.7818	69.70826	1.927196	0.05426056	0.007832888	0.4154159
324	-250.3007	-319.6848	69.38408	2.142403	0.0778352	0.007832888	0.4297838
330	-242.0081	-310.9169	68.90879	2.237974	0.2045816	0.01342709	0.4656672
336	-241.6551	-309.6538	67.99874	1.82733	0.6096758	0.04243179	1.125079
342	-243.6757	-311.7297	68.05401	1.583269	0.8717592	0.06471025	0.871874
348	-246.6166	-314.7523	68.13576	1.663784	0.8717592	0.06471025	0.6214505
354	-255.6316	-324.1468	68.51519	1.588731	0.5549155	0.06471025	0.8023543
360	-252.0575	-320.3359	68.27841	1.138634	0.5549155	0.06471025	1.437269
366	-251.2108	-318.1978	66.98703	1.061937	0.9893161	0.0520869	2.066804
372	-251.3595	-320.5242	69.16468	1.018048	0.3088674	0.09118679	1.077075
378	-245.7182	-314.3996	68.68133	1.244107	0.5820911	0.09118679	0.8212243
384	-241.3871	-309.7237	68.33668	1.68865	0.5820911	0.06405386	0.8537896
390	-241.2122	-309.2041	67.99188	1.496677	0.7886801	0.04578224	1.201355
396	-258.4852	-325.4334	66.94815	1.392435	2.296186	0.04578224	1.201355
402	-250.8138	-319.0421	68.22835	1.134868	0.8489437	0.0808238	1.09946
408	-239.4119	-308.3642	68.95225	1.768878	0.2938364	0.06593875	0.5109004
414	-233.9339	-303.1556	69.22171	1.967554	0.1816574	0.03127116	0.5577218
420	-234.4907	-303.2424	68.75175	1.849071	0.3170766	0.03127116	0.9266665
426	-242.3056	-311.3292	69.0236	1.627216	0.2719791	0.07599256	0.720179
432	-242.9258	-311.45	68.52418	1.225636	0.5626549	0.01798518	1.323139
438	-248.0829	-316.821	68.73807	1.398399	0.6915531	0.0233249	0.7540809
444	-243.6952	-312.4623	68.76706	1.238296	0.2846601	0.0839115	1.30726
450	-242.346	-310.412	68.06603	0.9860556	0.3333092	0.04681957	2.040622
456	-248.6949	-318.5349	69.84006	1.683635	0.1008537	0.02015385	0.5179214
462	-242.3835	-310.7445	68.36104	1.816991	0.4952463	0.09798197	0.5179214
468	-240.2882	-308.6557	68.36749	1.537959	0.5290387	0.1185441	0.8051054
474	-235.6762	-304.3743	68.69812	1.325471	0.5290387	0.1185441	0.5939491
480	-244.4616	-312.5332	68.07161	2.127497	0.5290387	0.07748534	0.4155288
486	-243.4242	-311.8951	68.4709	1.890529	0.4273082	0.07748534	0.626974
492	-241.1379	-309.9279	68.78996	1.736865	0.356745	0.07748534	0.5124021
498	-237.6826	-306.1074	68.4248	2.215107	0.2624756	0.05006562	0.2298492
504	-235.4914	-304.2408	68.74945	2.301291	0.1463202	0.0348999	0.2257189
510	-235.105	-304.0819	68.97682	2.05127	0.2424222	0.0194862	0.3931304
516	-240.0872	-309.3568	69.26957	1.801934	0.1672126	0.06442198	0.4370636
522	-241.7484	-310.9735	69.22502	2.111581	0.08211609	0.04562919	0.2637587
528	-250.4113	-319.4206	69.0093	1.983951	0.2117969	0.04562919	0.3675751
534	-244.8511	-314.0882	69.23704	2.042412	0.1275516	0.04423266	0.3690296
540	-248.0488	-317.2459	69.19707	2.079095	0.1633547	0.01860743	0.590144
546	-244.6815	-313.6626	68.98113	2.380149	0.09957165	0.009971021	0.2909122
552	-243.9551	-313.1822	69.22713	2.143974	0.08720376	0.009971021	0.2635205
558	-240.5232	-310.038	69.51486	1.86475	0.1015123	0.04373817	0.3601815
564	-234.7812	-304.1284	69.34719	1.997807	0.1351827	0.03232973	0.5485985
570	-248.9435	-318.0886	69.14508	1.915109	0.17281	0.02596986	0.8676489
576	-243.0029	-311.7256	68.72265	1.92529	0.3695644	0.03841118	0.3655486
582	-241.7737	-311.1361	69.36232	1.756184	0.1896767	0.03841118	0.4084195
588	-252.3718	-321.2879	68.91616	2.055973	0.1896767	0.07161754	0.4717418
594	-247.3882	-316.3714	68.98322	1.703445	0.2486169	0.09360212	0.4073736
600	-236.9908	-306.7326	69.74186	1.664161	0.1075688	0.04241703	0.5415748
606	-245.3246	-314.4072	69.08265	2.194298	0.1075688	0.03207321	0.2560802
612	-244.5396	-312.936	68.39643	1.965064	0.4604795	0.03737325	0.2652286
618	-245.5869	-314.749	69.16218	1.955313	0.1978805	0.03737325	0.5091322
624	-247.2537	-316.0886	68.83497	1.915773	0.1978805	0.1011399	0.3401522
630	-241.811	-310.7315	68.9205	1.929488	0.1748313	0.1002873	0.3692244
636	-240.5687	-309.4033	68.83459	1.722945	0.2428784	0.1233982	0.3692244
642	-243.1964	-312.0351	68.8387	1.721229	0.3638343	0.04062956	0.8043025
648	-250.0014	-319.5348	69.53342	1.766489	0.1437015	0.0363806	0.5028984
654	-252.7795	-322.0762	69.29672	1.784886	0.1437015	0.08046904	0.5420437
660	-244.2375	-313.8523	69.61485	1.654766	0.1437015	0.04255793	0.5127979
666	-248.3395	-317.9698	69.63037	1.486878	0.1437015	0.04843746	0.791022
672	-246.5492	-315.2899	68.74067	2.408462	0.09964455	0.03543562	0.1964747
678	-241.9662	-310.9281	68.96193	2.31705	0.07662125	0.02189711	0.1891842
684	-241.0669	-309.8612	68.79439	2.612564	0.05039316	0.02189711	0.1891842
690	-240.859	-309.0576	68.19866	2.433598	0.2733656	0.0328741	0.2052427
696	-240.1867	-307.0706	66.88388	2.392509	1.176393	0.04790599	0.1950232
702	-244.8895	-311.613	66.72353	2.392509	1.176393	0.06694307	0.175636
708	-247.4242	-315.2667	67.84259	2.466341	0.3027108	0.06694307	0.1785586
714	-247.4179	-315.7474	68.32953	2.201875	0.3412599	0.04619619	0.2559761
720	-253.5243	-322.3651	68.84089	2.047377	0.2622062	0.04736299	0.5381637
726	-251.2232	-320.3979	69.17476	1.754485	0.2622062	0.03770666	0.5719493
732	-255.0988	-321.5946	66.49577	0.9333194	0.4825023	0.09306939	2.748141
738	-245.7846	-315.041	69.25639	0.8103241	0.3513955	0.05177848	1.260749
744	-249.0198	-318.8674	69.8476	1.076121	0.1738764	0.04480556	0.9223003
750	-243.1748	-313.0548	69.88003	1.46984	0.0936959	0.0407864	0.794913
756	-246.4788	-316.3332	69.85433	1.234073	0.1298051	0.06391961	0.794913
762	-245.8273	-315.3035	69.47624	1.548181	0.07358261	0.04883014	1.18134
768	-238.4296	-308.7176	70.28805	1.254196	0.0701204	0.03274288	0.7267524
774	-231.9123	-301.563	69.65071	1.469557	0.1630258	0.04319988	0.7267524
780	-241.5802	-310.1782	68.59801	1.605282	0.5502691	0.05197012	0.7620999
786	-234.394	-303.4908	69.09674	1.909252	0.2508501	0.02753828	0.5582577
792	-236.9071	-306.6596	69.75251	1.552989	0.1190143	0.02583741	0.8015178
798	-244.2109	-313.7845	69.57353	1.036048	0.2035684	0.0308209	1.196843
804	-242.7135	-312.5818	69.86823	1.62274	0.07183168	0.0308209	0.801297
810	-237.3474	-307.0376	69.69022	1.95587	0.07183168	0.0223133	0.4524276
816	-240.098	-309.7163	69.61823	2.046518	0.06508278	0.01389271	0.4209582
822	-239.659	-308.675	69.01603	2.282395	0.1430075	0.01261209	0.3639948
828	-245.895	-314.8637	68.96865	2.139217	0.1723968	0.02283963	0.2755521
834	-238.2352	-307.3798	69.14468	2.049047	0.1723968	0.03619546	0.4353389
840	-236.5007	-305.4554	68.95467	2.289157	0.1723968	0.02626911	0.5203565
846	-237.8273	-306.3693	68.54197	1.232818	0.4170249	0.04981922	1.398365
852	-236.591	-305.7178	69.12687	1.086878	0.2392455	0.05672317	1.33691
858	-241.1659	-310.8398	69.67387	1.023378	0.147931	0.05672317	1.167313
864	-244.8782	-313.833	68.95482	1.362006	0.3534066	0.05460112	1.021097
870	-249.101	-318.0105	68.90952	1.255294	0.3534066	0.05460112	1.161536
876	-251.4873	-319.4483	67.96105	1.721117	0.2487362	0.09400162	1.58923
882	-239.7095	-308.7271	69.01759	1.517629	0.2487362	0.09328175	0.8533658
888	-248.3641	-316.4875	68.12341	1.697089	0.4810557	0.1930974	0.6551784
894	-253.0656	-321.0472	67.98162	1.763703	0.5422	0.1930974	0.5938559
900	-243.8739	-311.9491	68.07511	1.878089	0.5422	0.1178878	0.7076447
906	-246.4197	-313.2795	66.8598	1.337207	0.9960287	0.1178878	1.760905
912	-239.7744	-308.3685	68.59411	1.18643	0.7411799	0.06306179	0.8928889
918	-245.697	-313.0866	67.38956	1.50184	0.9008377	0.06306179	1.506323
924	-244.1294	-312.4834	68.35405	0.9908178	0.5327913	0.06790118	1.506323
930	-241.685	-310.5115	68.82653	0.9908178	0.3727525	0.06790118	1.362389
936	-241.5258	-310.2751	68.74929	1.332292	0.3727525	0.06790118	1.142074
942	-241.4104	-309.6813	68.27091	1.133334	0.7573219	0.08514567	1.142074
948	-243.5052	-312.3311	68.82596	1.178235	0.3660172	0.08749337	1.142074
954	-237.9164	-307.6677	69.7513	1.118904	0.1164585	0.03061668	1.228725
960	-235.0272	-304.9011	69.87388	1.663692	0.09340503	0.0189979	0.6059789
966	-235.2357	-305.2053	69.96962	1.743201	0.02275154	0.01448144	0.8429976
972	-233.7239	-303.1847	69.4608	2.104669	0.05530279	0.01021567	0.2874142
978	-246.184	-315.3447	69.16073	2.217314	0.07561239	0.04406016	0.2657298
984	-249.8783	-319.5474	69.66912	1.542913	0.03286249	0.01144502	1.269185
990	-247.5678	-316.9857	69.41794	1.239459	0.04306874	0.008232734	1.617177
996	-239.2628	-309.1379	69.87514	1.539773	0.1178379	0.02427998	0.6355498
1002	-241.6023	-311.2466	69.64427	1.854715	0.08982892	0.03849576	0.4506914
1008	-247.8522	-317.6883	69.83613	1.62801	0.08982892	0.03636724	0.6756179
1014	-245.5194	-314.562	69.04265	1.416991	0.2422717	0.03634299	1.21096
1020	-247.8651	-316.7259	68.86081	1.596298	0.2422717	0.08527477	0.9960067
1026	-244.3693	-314.0934	69.72414	1.29829	0.08653291	0.02829546	1.214717
1032	-240.1858	-309.2746	69.08884	1.597486	0.3424866	0.02240252	0.7944249
1038	-241.6597	-311.0184	69.35869	1.424652	0.2672323	0.05315369	0.7042272
1044	-245.705	-314.7649	69.05994	1.507551	0.2688719	0.07825657	0.8334994
1050	-241.9547	-311.0849	69.13026	1.632086	0.2504737	0.07825657	0.5663478
1056	-238.8674	-308.3532	69.48577	1.457543	0.2504737	0.04118306	0.5688221
1062	-236.769	-305.819	69.05001	1.882405	0.2504737	0.04118306	0.4074626
1068	-240.3465	-309.8947	69.54825	1.5192	0.1115813	0.1075675	0.6119569
1074	-241.9424	-311.5294	69.58695	1.22625	0.1115813	0.07721797	1.097743
1080	-240.1951	-309.6674	69.47237	1.441322	0.1089732	0.04769507	1.146829
1086	-241.8764	-311.4478	69.57142	1.164249	0.1333352	0.04769507	1.218717
1092	-243.3224	-312.781	69.45856	1.092817	0.1715039	0.05797013	1.218717
1098	-245.901	-314.1514	68.25034	1.727709	0.585048	0.05154993	0.970168
1104	-240.1313	-308.8029	68.67162	1.444456	0.585048	0.05154993	0.8124502
1110	-257.2864	-325.5272	68.24078	1.33572	0.585048	0.05995538	1.293986
1116	-248.1372	-317.2802	69.14304	0.9989401	0.2819739	0.05995538	1.293986
1122	-246.9573	-314.8309	67.87358	1.565737	0.7660787	0.05883568	1.210898
1128	-245.5442	-313.7031	68.15894	1.473716	1.062366	0.02983546	0.8457296
1134	-241.6904	-310.3701	68.67968	1.676815	0.3892344	0.09011109	0.670733
1140	-250.6177	-319.6834	69.06577	1.297915	0.3892344	0.05893728	0.8711495
1146	-245.9001	-314.6536	68.75351	1.487892	0.3891562	0.03189868	1.127449
1152	-236.4228	-306.0645	69.64175	1.487892	0.1403645	0.0539778	0.7509495
1158	-249.2165	-317.3403	68.12381	0.7633775	0.5528932	0.08024271	1.771444
1164	-240.4652	-308.3904	67.92514	0.8450347	0.6326126	0.08024271	1.771444
1170	-241.7731	-309.2243	67.45119	1.248182	0.9917906	0.08024271	1.517882
1176	-241.3581	-310.4525	69.0944	1.079633	0.2502262	0.03476334	1.430136
1182	-233.5437	-302.7692	69.22547	1.369617	0.2037301	0.04717796	1.140874
1188	-250.7775	-318.7015	67.924	1.048135	0.4907352	0.04717796	1.892333
1194	-249.1218	-317.6942	68.5724	1.311593	0.4907352	0.06984255	1.116637
1200	-242.0016	-310.8727	68.87116	1.636672	0.2986113	0.03593063	1.042922
1206	-234.065	-303.5346	69.4696	1.323728	0.1279441	0.04656435	1.19161
1212	-237.9334	-306.9533	69.01996	0.9344752	0.2327878	0.06883058	1.504775
1218	-237.6339	-306.1342	68.5003	1.102221	0.3337951	0.06883058	1.583614
1224	-240.1666	-309.6546	69.488	0.8669723	0.2699883	0.05163476	1.174539
1230	-241.8543	-310.7333	68.87903	1.292707	0.394712	0.09328256	0.8950576
1236	-232.2792	-302.0728	69.79365	1.660035	0.09228932	0.01621726	0.7679665
1242	-233.995	-302.3305	68.33551	2.069391	0.4501727	0.04400418	0.7679665
1248	-235.1697	-304.0174	68.84769	1.845324	0.3103016	0.06295929	0.550022
1254	-238.7348	-307.4476	68.71282	1.907577	0.3431875	0.06295929	0.4527337
1260	-242.1052	-311.5139	69.40878	1.879399	0.1174426	0.05718321	0.4415124
1266	-250.6095	-320.0654	69.45593	1.991986	0.1174426	0.01599936	0.4415124
1272	-248.7707	-318.2817	69.511	1.625322	0.1174426	0.01599936	1.012097
1278	-251.1288	-321.1632	70.03437	1.720263	0.05080545	0.01599936	0.5339174
1284	-252.368	-321.8077	69.43968	1.915766	0.08677889	0.06728429	0.4072688
1290	-237.8652	-306.9157	69.05054	2.02535	0.1349767	0.05540318	0.2669026
1296	-245.5535	-314.4677	68.91426	1.92434	0.2308508	0.06556756	0.3650521
1302	-245.9809	-315.1508	69.16996	1.553532	0.2308508	0.09901994	0.5619917
1308	-246.505	-316.2972	69.79216	0.7518672	0.1086204	0.05112528	1.436312
1314	-252.6093	-321.1366	68.52723	0.9252706	0.196035	0.0807779	1.895954
1320	-241.2902	-310.3043	69.0141	1.026928	0.1596923	0.01751415	1.760175
1326	-250.0326	-319.2622	69.22962	1.23878	0.1001124	0.01751415	1.616766
1332	-247.1629	-314.9619	67.79899	1.640898	1.010267	0.06079966	0.9510792
1338	-257.0534	-325.6267	68.57323	1.379554	0.567051	0.06079966	0.9764431
1344	-256.106	-325.1179	69.01195	1.718352	0.2837687	0.06079966	0.3712141
1350	-250.8559	-320.3087	69.45272	1.784736	0.1251754	0.06079966	0.4322989
1356	-249.9078	-319.2526	69.34481	1.940008	0.09348103	0.06079966	0.3147277
1362	-252.8681	-321.7937	68.92559	2.3254	0.1502149	0.0193593	0.3217389
1368	-245.0133	-313.7268	68.71341	2.3254	0.1742221	0.03210193	0.2584537
1374	-247.6133	-316.8954	69.28211	1.794118	0.1934174	0.04431546	0.6094037
1380	-256.4002	-325.1038	68.70364	1.378594	0.4388083	0.08116982	0.9611983
1386	-255.0415	-323.9434	68.90192	1.394012	0.4388083	0.04016707	0.9467883
1392	-253.3564	-321.8126	68.45626	1.495226	0.4388083	0.02997832	1.30146
1398	-246.8543	-314.8853	68.03099	1.298174	0.4850506	0.04639169	1.652943
1404	-239.809	-309.2862	69.47723	1.150287	0.1175049	0.02758124	1.4298
1410	-249.4026	-319.1063	69.70368	1.047349	0.1175049	0.02319596	1.344135
1416	-249.7076	-318.3699	68.66229	1.235493	0.4021677	0.04465028	1.344135
1422	-239.5019	-307.7274	68.22547	1.326557	0.3540412	0.08731099	1.525781
1428	-235.9423	-305.4428	69.50044	0.9240349	0.3540412	0.0701159	0.8171438
1434	-238.3479	-307.097	68.7491	0.9904475	0.3540412	0.084541	1.392578
1440	-239.4331	-308.6014	69.16838	1.578019	0.2697049	0.07037532	0.581924
1446	-244.9731	-312.7809	67.8078	1.788128	0.9307273	0.07231736	0.7982715
1452	-246.2365	-314.9983	68.7618	1.742807	0.3756925	0.06381923	0.6733262
1458	-238.6663	-307.4164	68.75013	1.739117	0.483396	0.01996665	0.6936221
1464	-238.0902	-307.4752	69.38499	2.063953	0.09607075	0.009920187	0.3581517
1470	-233.1474	-302.8793	69.73189	1.787194	0.09607075	0.02394653	0.4114417
1476	-239.1183	-307.8553	68.73701	1.859547	0.3382303	0.0245324	0.9077589
1482	-244.975	-314.1826	69.20759	1.04505	0.3382303	0.04335071	1.162213
1488	-241.1448	-309.8149	68.67005	1.425468	0.3382303	0.1119177	1.014391
1494	-241.5886	-310.7215	69.13292	1.218884	0.3382303	0.1119177	0.7026644
1500	-244.6661	-313.2281	68.56199	1.096853	0.4831045	0.1315195	1.094868
1506	-238.6456	-306.9835	68.33783	1.907381	0.635878	0.03894719	0.4982263
1512	-234.0527	-303.167	69.1144	1.843894	0.2270451	0.03894719	0.7071068
1518	-248.3397	-317.0875	68.7478	1.89625	0.3173901	0.04454833	0.7992503
1524	-245.189	-314.5416	69.35256	1.550302	0.2471672	0.02445395	0.7992503
1530	-239.3669	-309.3651	69.99813	1.661516	0.05705541	0.02445395	0.6897159
1536	-240.8796	-309.4812	68.60158	1.77168	0.4970714	0.05536646	0.4784231
1542	-234.6215	-303.4254	68.8039	1.737384	0.4086813	0.0495896	0.4094945
1548	-239.4051	-307.3731	67.968	1.490652	0.9948567	0.09274833	0.7680139
1554	-242.5232	-311.6906	69.16739	1.425505	0.2525571	0.09274833	0.7680139
1560	-256.2558	-324.3162	68.06038	1.375654	0.6499514	0.1415712	1.030761
1566	-245.0373	-312.8404	67.80317	1.085701	0.6499514	0.2215341	1.28922
1572	-252.4601	-320.3344	67.87436	1.241506	0.8950989	0.2458942	0.6540185
1578	-249.6666	-318.2666	68.59999	1.133219	0.40712	0.1446361	1.107682
1584	-241.8436	-310.9066	69.06297	1.460657	0.40712	0.04775785	0.6722869
1590	-239.7277	-308.5895	68.86182	1.595739	0.40712	0.06098818	0.6722869
1596	-241.818	-309.7051	67.88713	1.867941	0.8914648	0.06561541	0.6630643
1602	-233.4062	-303.1302	69.72395	1.301567	0.1185727	0.02522305	1.103024
1608	-237.106	-306.5087	69.40266	1.258875	0.1356471	0.02647893	1.35224
1614	-238.6922	-307.8911	69.19881	1.061482	0.1356471	0.01775615	1.665461
1620	-241.6249	-310.795	69.17006	1.569101	0.2154183	0.02484474	1.069853
1626	-236.3235	-305.8364	69.51287	1.569101	0.1720268	0.02162441	0.8588014
1632	-237.6267	-306.634	69.00731	2.250963	0.1708273	0.01429569	0.5053826
1638	-232.2814	-301.6806	69.39914	1.87009	0.1623727	0.02857713	0.5053826
1644	-241.1565	-310.6261	69.46954	1.953451	0.1256754	0.01975853	0.5312068
1650	-243.2672	-313.3893	70.1221	1.31755	0.07718532	0.02822553	0.8478008
1656	-237.9354	-307.5775	69.64216	1.621881	0.1291679	0.01626887	0.8215123
1662	-247.1338	-315.7774	68.64358	1.514609	0.5974645	0.0379748	0.8215123
1668	-239.8006	-308.4285	68.62792	2.149565	0.2592613	0.05905008	0.3433181
1674	-242.1893	-311.1122	68.92291	1.870946	0.2529048	0.05905008	0.3433181
1680	-241.475	-310.126	68.65098	2.185387	0.2529048	0.05905008	0.4063947
1686	-241.8007	-310.4628	68.66215	2.160227	0.2658728	0.04519957	0.3352478
1692	-241.7742	-310.4103	68.63613	2.017337	0.2658728	0.08888253	0.3885884
1698	-236.6378	-306.2967	69.65888	2.031322	0.05735587	0.01448437	0.3885884
1704	-236.2545	-306.043	69.7885	1.930717	0.05735587	0.01448437	0.4889384
1710	-248.6499	-318.253	69.60311	1.913197	0.05060131	0.004534788	0.4889384
1716	-244.0564	-312.776	68.71968	2.191092	0.2152187	0.0110539	0.8719114
1722	-251.6014	-321.1757	69.57432	1.967629	0.07614809	0.01305821	0.7261916
1728	-244.6747	-314.0018	69.32706	1.506197	0.09189521	0.006499091	1.260726
1734	-241.5595	-310.8456	69.28611	1.76741	0.2320636	0.02577714	0.5921407
1740	-243.5945	-312.6773	69.08282	1.793411	0.2320636	0.03676478	0.8213318
1746	-240.0333	-308.5673	68.53406	2.027105	0.4576784	0.01645651	0.6370715
1752	-243.7601	-312.9327	69.17259	1.759744	0.1064569	0.01572251	1.235852
1758	-240.7197	-310.674	69.95428	1.311481	0.1064569	0.03278786	0.8790901
1764	-246.1556	-316.0139	69.8583	1.273983	0.1064569	0.01712771	1.060578
1770	-246.4994	-315.0411	68.54175	1.22302	0.2641163	0.0593975	1.617703
1776	-242.9684	-311.899	68.93059	1.051699	0.2338748	0.07694342	1.452457
1782	-239.2538	-308.4202	69.16639	1.266914	0.2338748	0.08015145	1.063828
1788	-244.63	-313.3608	68.73075	1.450507	0.3463459	0.1069041	0.9292391
1794	-242.254	-310.6568	68.4028	1.348187	0.4822235	0.09188075	1.157851
1800	-241.3816	-309.7721	68.39058	1.272436	0.4822235	0.1128016	1.157851
1806	-249.1003	-318.9035	69.80315	1.128657	0.1256114	0.1128016	0.728991
1812	-244.9148	-314.3995	69.48467	1.4494	0.2550969	0.02704448	0.7094383
1818	-254.2424	-323.9404	69.69799	1.359235	0.1349163	0.0319543	0.9879188
1824	-256.0106	-325.6424	69.63187	1.299169	0.1349163	0.05776199	0.9879188
1830	-248.6827	-318.5182	69.83546	1.160098	0.1178873	0.05776199	0.9884888
1836	-251.9938	-321.7482	69.75446	1.433355	0.1027641	0.02497597	1.010674
1842	-246.2186	-316.1638	69.94511	1.542272	0.08499441	0.03310886	0.7000911
1848	-246.7124	-315.9803	69.26783	1.778053	0.1778733	0.05271394	0.6895465
1854	-254.2061	-323.6091	69.40299	1.779501	0.1786911	0.02439297	0.6710854
1860	-250.4363	-319.8418	69.40549	1.425443	0.1786911	0.08813827	0.7597705
1866	-257.2954	-326.936	69.64057	1.567851	0.09027577	0.09558836	0.6109991
1872	-247.0268	-315.7737	68.74688	1.267942	0.3952547	0.09558836	1.045814
1878	-238.624	-307.5546	68.93059	1.355089	0.3952547	0.04044075	1.038093
1884	-235.0627	-304.7903	69.72762	1.162478	0.1020971	0.04423991	1.207171
1890	-239.507	-309.5404	70.03338	1.192537	0.05055845	0.02046	1.207171
1896	-248.4719	-318.105	69.63304	1.855291	0.1036458	0.02001899	0.6187664
1902	-245.7512	-315.3613	69.61004	1.506858	0.09652515	0.02474428	1.103832
1908	-240.8503	-311.021	70.17069	1.183925	0.02730542	0.01380537	1.182915
1914	-244.0083	-314.2835	70.27524	0.9990252	0.0552185	0.01793846	1.146103
1920	-248.1601	-318.2229	70.0628	1.434243	0.0552185	0.01793846	0.9305333
1926	-252.2702	-321.3809	69.11068	1.556517	0.2884211	0.06313435	0.7286362
1932	-251.5634	-320.6297	69.06633	1.609551	0.2310435	0.03272697	1.059504
1938	-251.704	-320.1848	68.48079	1.282782	0.6476395	0.05847247	1.059504
1944	-260.5596	-328.4002	67.84057	1.252254	0.7570582	0.02623167	1.608767
1950	-243.9503	-311.3146	67.36436	1.566787	1.008792	0.06141567	1.396856
1956	-244.474	-313.2226	68.74857	1.204959	0.3174818	0.1700138	0.9910309
1962	-245.0517	-313.9653	68.91358	1.337772	0.2209678	0.1593972	0.9702343
1968	-241.1609	-310.0708	68.90984	1.456271	0.4426737	0.03031025	0.9123926
1974	-249.3839	-317.349	67.96509	1.807091	0.4426737	0.03031025	1.436196
1980	-254.2782	-322.1775	67.89938	1.47968	0.9888111	0.0369056	1.143768
1986	-249.9095	-318.2988	68.38936	1.803083	0.610764	0.0369056	0.7553069
1992	-243.5176	-312.4951	68.97751	1.607515	0.3538739	0.05902106	0.6485721
1998	-243.5249	-312.9178	69.39297	1.567753	0.213908	0.05902106	0.5344804
2004	-247.4859	-316.5017	69.01588	1.831593	0.2555508	0.05902106	0.5344804
2010	-251.1833	-319.5887	68.40543	1.745687	0.566263	0.07861409	0.523882
2016	-252.8966	-321.0789	68.18231	1.926435	0.566263	0.08476209	0.4174293
2022	-246.9965	-315.4137	68.41713	1.947635	0.4971685	0.05689641	0.5293082
2028	-247.89	-316.6196	68.72962	1.760577	0.4148926	0.0505022	0.6817429
2034	-243.2878	-312.7538	69.46601	1.835998	0.1425205	0.03374352	0.4199794
2040	-240.167	-309.5867	69.41964	1.601443	0.1708493	0.0637643	0.6758654
2046	-244.3972	-313.6957	69.29849	1.555616	0.2365328	0.0637643	0.6136513
2052	-240.4373	-310.4411	70.00384	1.273976	0.1112725	0.03778933	0.8117893
2058	-235.929	-305.6985	69.76944	1.64732	0.1112725	0.03778933	0.4987056
2064	-243.7463	-313.6706	69.92436	1.512584	0.1112725	0.03159628	0.566895
2070	-251.9176	-320.6558	68.73818	1.293104	0.7452049	0.04193878	0.6854838
2076	-250.679	-318.5927	67.91366	1.161117	0.3624123	0.04193878	2.000777
2082	-244.2893	-313.0121	68.72287	1.677483	0.4662854	0.04552372	0.7201713
2088	-240.5661	-310.042	69.47582	1.34974	0.2120614	0.08924782	0.4859265
2094	-233.0678	-302.1138	69.04595	1.322744	0.3838898	0.05293304	0.9115647
2100	-245.9621	-313.9747	68.01261	1.244508	1.297309	0.05293304	0.9115647
2106	-244.2071	-312.8455	68.63836	1.642793	0.5751072	0.02647972	0.7668943
2112	-249.6945	-318.64	68.94555	2.265756	0.1687179	0.02238581	0.3500995
2118	-245.2616	-314.8486	69.58701	1.649657	0.1687179	0.0279168	0.4207836
2124	-242.2037	-312.2307	70.02703	1.524568	0.09275845	0.01607803	0.559452
2130	-241.2272	-311.0619	69.83473	1.824045	0.06956315	0.01607803	0.5554727
2136	-243.219	-313.0484	69.82936	1.561275	0.08092556	0.01628455	0.9097466
2142	-244.8805	-314.9221	70.04153	1.027816	0.09222015	0.02074522	1.171305
2148	-246.7196	-316.2715	69.55194	1.544052	0.1888949	0.01426364	0.7651269
2154	-249.17	-318.4217	69.25175	1.894791	0.1888949	0.01672351	0.6956194
2160	-245.1996	-313.9618	68.76218	1.509952	0.5284786	0.05336945	0.6956194
2166	-235.0789	-303.7541	68.67524	1.970859	0.2800032	0.08112365	0.3764941
2172	-237.0106	-306.892	69.88146	1.589862	0.07091864	0.06158419	0.5517166
2178	-238.3193	-307.6834	69.36411	1.645223	0.2080055	0.03075781	0.7701471
2184	-239.6883	-308.8119	69.12364	1.283667	0.2813193	0.0559539	1.083107
2190	-240.4788	-309.6162	69.13743	1.540846	0.2482885	0.0559539	0.8925366
2196	-240.445	-309.4884	69.04345	1.855249	0.2482885	0.04988888	0.5935091
2202	-247.3996	-316.3075	68.90786	1.368997	0.5035532	0.06428645	0.6603646
2208	-239.6779	-308.3586	68.68071	1.318883	0.4620967	0.02767928	1.235034
2214	-246.2004	-314.6756	68.47525	1.315793	0.2984688	0.0724239	1.490166
2220	-244.3218	-314.3043	69.9825	1.305983	0.1278127	0.02803357	0.7672496
2226	-247.3823	-316.6638	69.28158	1.33678	0.2209168	0.0227529	1.170103
2232	-247.1337	-316.3782	69.24448	1.106036	0.3290397	0.0227529	1.170103
2238	-237.5894	-306.4865	68.89711	1.735223	0.3290397	0.0661693	0.5650717
2244	-239.8635	-309.553	69.68948	1.760112	0.1116164	0.02751662	0.4305839
2250	-237.2701	-306.7077	69.43758	1.521545	0.1848482	0.02933027	0.9245072
2256	-253.7434	-321.5803	67.83693	1.894262	1.13509	0.01328828	0.4146845
2262	-245.1884	-313.6411	68.45267	1.474722	0.6555944	0.07434268	0.7815819
2268	-250.4005	-319.0857	68.68525	2.265706	0.2375942	0.02288851	0.2998155
2274	-245.0054	-313.455	68.44964	2.169121	0.2375942	0.09492834	0.2998155
2280	-242.4466	-310.6785	68.2319	1.88529	0.6715135	0.05473096	0.4821088
2286	-252.0086	-320.7452	68.7366	1.925002	0.3444828	0.05473096	0.5287172
2292	-242.9952	-311.4442	68.44901	1.843043	0.5457308	0.05473096	0.5623022
2298	-244.5812	-312.2191	67.63788	1.775554	1.36675	0.05473096	0.5267269
2304	-252.7683	-321.4677	68.69943	1.81922	0.4051773	0.05473096	0.6128993
2310	-245.6777	-314.0609	68.38321	1.756804	0.6514359	0.05473096	0.5519665
2316	-244.8717	-312.6644	67.79266	1.944938	0.6514359	0.1503253	0.4601579
2322	-245.7508	-313.9777	68.22688	1.831726	0.6239742	0.0784259	0.4323993
2328	-248.4862	-317.0279	68.54166	2.08995	0.3921055	0.04123494	0.4693188
2334	-257.074	-324.5556	67.48161	1.893384	1.207598	0.09053634	0.4693188
2340	-263.667	-330.68	67.01308	2.094796	1.432083	0.1109827	0.5139581
2346	-268.1986	-335.4107	67.21214	1.947478	0.7292101	0.304368	0.6665631
2352	-262.1752	-329.5463	67.3711	1.788354	0.7292101	0.304368	0.666881
2358	-257.6292	-325.339	67.70977	1.697097	0.7292101	0.1529323	0.9117128
2364	-244.1831	-312.479	68.29586	1.750805	0.7292101	0.04798889	0.6324893
2370	-252.6227	-321.6075	68.98479	1.475383	0.2599206	0.08141284	0.9638123
2376	-243.6217	-312.7903	69.16864	1.181594	0.2655366	0.1589252	0.6967099
2382	-246.0128	-314.3993	68.38649	1.219877	0.460732	0.0773547	1.363118
2388	-250.8769	-319.9229	69.04598	1.081043	0.2503081	0.06165488	1.363118
2394	-246.3494	-315.4696	69.12021	1.231718	0.2503081	0.05860138	1.190522
2400	-238.6577	-307.3232	68.66548	1.366551	0.5172829	0.1080586	0.7081756
2406	-240.9825	-310.6184	69.63593	1.649251	0.1228728	0.04398694	0.6850896
2412	-246.6761	-315.5258	68.84975	1.611395	0.4475936	0.04398694	0.6850896
2418	-248.1738	-316.4588	68.285	1.826321	0.715356	0.02976519	0.7100801
2424	-239.1112	-307.5183	68.4071	2.019199	0.5387446	0.02976519	0.5470041
2430	-238.5698	-306.9873	68.41746	1.882409	0.5205171	0.03261554	0.8226644
2436	-233.537	-303.4405	69.90354	1.5067	0.0965302	0.02631619	0.7826947
2442	-250.1694	-319.0113	68.84185	1.512625	0.4150092	0.06218624	0.8010187
2448	-246.3036	-315.116	68.8124	1.193856	0.3869694	0.1531229	0.8336223
2454	-250.9025	-320.1299	69.22745	1.346666	0.3869694	0.04908491	0.6335767
2460	-246.7544	-314.9298	68.17538	1.358498	0.8983728	0.0628842	0.9633492
2466	-249.9531	-318.5719	68.61887	1.297553	0.3906987	0.0628842	1.273452
2472	-251.0607	-319.0401	67.97937	1.474127	1.317102	0.02181819	0.8221678
2478	-245.5705	-313.9237	68.35323	1.764885	0.5658219	0.04505578	0.8847191
2484	-254.4143	-322.8179	68.40358	1.765193	0.48829	0.0276952	1.043914
2490	-240.4466	-310.391	69.94432	1.492515	0.09763517	0.02954418	0.7173655
2496	-239.5361	-308.9168	69.38076	1.638247	0.2112959	0.03252669	0.7298116
2502	-237.1585	-306.2464	69.08791	1.732938	0.3140632	0.0329539	0.594102
2508	-239.7279	-308.9595	69.23165	1.750991	0.2361994	0.03814178	0.6126266
2514	-256.9509	-324.672	67.7211	1.939803	1.10582	0.03814178	0.6923634
2520	-243.7336	-312.8207	69.08716	1.485804	0.3311202	0.03133217	0.9228189
2526	-247.2532	-316.371	69.11773	1.234887	0.2402513	0.04082957	1.286679
2532	-249.7433	-318.5299	68.78659	2.070129	0.2402513	0.04184913	0.2940001
2538	-247.7876	-314.8614	67.07377	2.436614	1.236648	0.01216493	0.2799622
2544	-245.5067	-313.6361	68.12944	1.752634	0.9643815	0.02945278	0.591873
2550	-244.7051	-312.7715	68.06646	1.541922	0.683166	0.104853	0.9553052
2556	-241.3659	-309.9784	68.6125	1.085711	0.1356091	0.06114331	1.929349
2562	-234.6626	-304.2569	69.59429	1.529402	0.1974804	0.02031231	0.6890814
2568	-237.6506	-307.2996	69.64892	1.475171	0.1974804	0.01679395	0.6890814
2574	-256.5916	-325.09	68.49844	1.427804	0.4153061	0.06325573	1.22439
2580	-246.2482	-315.1777	68.92954	1.036448	0.253723	0.04646563	1.537208
2586	-235.6362	-305.5307	69.89448	1.095635	0.1088415	0.0439687	1.095145
2592	-246.3864	-316.3265	69.94012	1.241405	0.1088415	0.02978496	0.9739632
2598	-248.4884	-318.3137	69.82522	1.041648	0.1088415	0.02978496	1.260056
2604	-246.2694	-315.6582	69.38884	1.095893	0.1088415	0.03096679	1.553271
2610	-243.4856	-313.1601	69.67445	1.136651	0.1088415	0.03096679	1.301767
2616	-251.6166	-320.8491	69.23249	1.407124	0.3489773	0.03392181	0.7814554
2622	-244.4903	-313.3776	68.8873	1.499816	0.3489773	0.05988037	0.9316208
2628	-240.75	-309.7403	68.99026	1.666416	0.3489773	0.01945583	0.821305
2634	-248.223	-317.8875	69.66448	1.283218	0.208041	0.06244385	0.5929596
2640	-247.1209	-316.2858	69.16493	1.24965	0.208041	0.02836773	1.354668
2646	-245.4538	-314.91	69.45623	1.402416	0.208041	0.03352295	0.9379551
2652	-244.6636	-314.3805	69.71699	1.469271	0.1583597	0.03352295	0.7204961
2658	-238.8151	-307.8634	69.04833	1.584682	0.3670377	0.04063242	0.6819968
2664	-243.6664	-313.3535	69.68714	1.516296	0.1516712	0.04923739	0.5514653
2670	-239.5672	-309.0517	69.48445	1.384444	0.1943284	0.07936899	0.6833595
2676	-234.9296	-304.1548	69.2252	1.906798	0.1943284	0.03647249	0.481917
2682	-237.8738	-307.2011	69.3273	1.966636	0.1450683	0.03647249	0.481917
2688	-244.1158	-313.2503	69.13457	1.505414	0.3286057	0.02272126	0.8878692
2694	-243.9352	-313.0951	69.1599	1.582805	0.3286057	0.02272126	0.7563459
2700	-254.4924	-322.9001	68.40771	1.667742	0.6738251	0.0428475	0.7563459
2706	-249.0325	-317.1492	68.11675	1.996796	0.6738251	0.0428475	0.6950142
2712	-249.3916	-317.1209	67.72929	1.616318	0.8174348	0.05267579	1.264057
2718	-246.7203	-314.9416	68.22133	1.640008	0.8174348	0.05885353	0.6829495
2724	-241.8048	-310.2948	68.49002	1.936372	0.3617367	0.09637775	0.555669
2730	-231.5996	-300.3967	68.79711	2.061344	0.260715	0.04417347	0.3552017
2736	-253.4203	-322.5019	69.08157	2.061344	0.168888	0.04898822	0.567891
2742	-240.3816	-309.1288	68.74711	1.980089	0.3281387	0.04898822	0.5087991
2748	-252.8352	-321.1875	68.35224	2.160321	0.2931609	0.04898822	0.2074845
2754	-242.9744	-310.8264	67.85205	2.687011	0.2664793	0.02851963	0.1672767
2760	-243.2966	-311.7661	68.46945	2.425843	0.2664793	0.02403451	0.3180001
2766	-242.1675	-311.254	69.08652	1.896143	0.2664793	0.02403451	0.5247741
2772	-245.4249	-313.7618	68.33692	1.982796	0.6208926	0.02375739	0.5711987
2778	-250.6321	-318.9612	68.32917	2.324422	0.4008222	0.02375739	0.3761064
2784	-249.7337	-317.1281	67.39438	2.324422	0.4852	0.1582923	0.2256853
2790	-242.7284	-311.0609	68.33247	2.65494	0.1163733	0.02082516	0.1569928
2796	-243.3983	-312.119	68.72068	2.270149	0.1449123	0.02538767	0.1891672
2802	-237.7751	-307.855	70.0799	1.730636	0.03981156	0.02148157	0.4908605
2808	-240.2053	-309.7784	69.5731	1.433898	0.13275	0.02122185	1.079283
2814	-240.9343	-310.3959	69.46162	1.535503	0.13275	0.01471421	1.08541
2820	-240.9284	-309.8579	68.92946	1.221318	0.3111744	0.04652452	1.285643
2826	-255.2407	-323.1805	67.93983	1.132486	0.2979876	0.04652452	2.080846
2832	-249.7633	-319.902	70.13867	1.043915	0.1104898	0.04132644	0.9088769
2838	-246.8901	-317.2895	70.39944	1.327804	0.04694035	0.01853552	0.6776217
2844	-240.653	-310.6963	70.04325	1.403947	0.04694035	0.01949912	1.023708
2850	-249.9489	-320.0288	70.07999	1.339385	0.04694035	0.03471047	1.001207
2856	-242.3992	-312.3752	69.97601	1.358642	0.07639981	0.02086153	0.9905883
2862	-242.6814	-312.3518	69.67037	1.412593	0.2121532	0.01860544	0.6868723
2868	-259.292	-328.2923	69.00021	1.88304	0.2884434	0.03475708	0.4529318
2874	-254.6527	-323.6797	69.02702	2.010724	0.2189522	0.02044641	0.3252678
2880	-255.4925	-325.2099	69.71738	1.155042	0.05166061	0.01851285	1.485725
2886	-251.5329	-321.8765	70.34353	1.198895	0.02732368	0.01587263	1.01725
2892	-241.3622	-310.3882	69.026	1.881443	0.2780425	0.0336654	0.4304937
2898	-248.4405	-317.7309	69.2904	1.821417	0.1781275	0.0336654	0.7343084
2904	-247.1508	-316.3576	69.20676	1.710672	0.245155	0.0336654	0.7343084
2910	-247.2874	-316.1663	68.87897	1.700619	0.3019127	0.0336654	0.9744761
2916	-243.2651	-312.6486	69.38341	1.503742	0.1953327	0.0336654	0.9471643
2922	-248.8953	-316.8384	67.94317	1.608198	0.9782997	0.09801479	0.5661763
2928	-251.4874	-318.8605	67.37307	1.585584	1.491669	0.1131467	0.7525276
2934	-246.8843	-314.4174	67.5331	1.349275	1.491669	0.04709347	1.157414
2940	-251.7017	-319.5755	67.87383	1.600211	1.164908	0.04709347	0.8236449
2946	-244.6214	-312.5335	67.91214	1.693746	1.147614	0.04381227	0.671733
2952	-251.1074	-320.3944	69.28705	1.684639	0.2341568	0.0121177	0.7346759
2958	-245.8953	-315.6427	69.74746	1.742244	0.09726133	0.02440296	0.656699
2964	-249.7987	-319.2183	69.41963	1.583825	0.2482968	0.02440296	0.622901
2970	-237.8067	-307.6494	69.84273	1.580397	0.1236363	0.02440296	0.4992715
2976	-248.2177	-316.8865	68.66875	1.881335	0.3806512	0.05708099	0.3928316
2982	-238.7975	-308.1396	69.34204	2.242612	0.08124011	0.01742522	0.3928316
2988	-242.8986	-312.2546	69.35594	1.235553	0.2861725	0.03555414	0.9913413
2994	-248.6087	-317.8225	69.21371	1.655971	0.2370428	0.02069761	0.8840255
3000	-247.0567	-315.7076	68.65088	1.514973	0.3753822	0.03534117	1.203985
3006	-241.3748	-310.3939	69.01912	1.80885	0.2868377	0.01547887	0.7748169
3012	-250.2578	-318.8595	68.60171	2.157293	0.2897991	0.02569737	0.8418544
3018	-243.1848	-312.1262	68.94141	2.229189	0.1283529	0.02982576	0.2395014
3024	-247.3619	-316.8429	69.48104	1.951805	0.07297535	0.0228684	0.2412091
3030	-235.2194	-303.1343	67.91485	2.796151	0.2879833	0.0228684	0.2358009
3036	-237.8771	-306.3573	68.48029	2.182657	0.2382519	0.05906818	0.2318858
3042	-240.0993	-309.2768	69.17751	2.416937	0.07028719	0.01703199	0.3374819
3048	-242.7543	-311.5434	68.78905	2.525265	0.1317196	0.01746207	0.318416
3054	-245.4132	-313.9345	68.52129	2.441312	0.175777	0.01746207	0.2101536
3060	-243.7791	-313.8133	70.03415	1.418192	0.08668407	0.01612645	0.8037294
3066	-236.9097	-307.2896	70.37994	1.060496	0.05670102	0.0196233	0.9815617
3072	-235.2771	-305.6401	70.36297	1.010581	0.05863263	0.04390773	0.9423189
3078	-231.4727	-301.8232	70.35048	1.010472	0.04559572	0.01067512	1.078126
3084	-237.4084	-307.5718	70.1634	1.656933	0.02951621	0.01416875	0.6378571
3090	-231.8535	-301.9526	70.09915	1.423705	0.08943669	0.01229706	0.6378571
3096	-236.0355	-304.6403	68.60473	1.547651	0.6041309	0.06017549	0.6378571
3102	-237.3564	-306.1483	68.7919	1.838198	0.4033676	0.03136472	0.3911125
3108	-240.1479	-309.8321	69.68422	1.889605	0.08554487	0.02668365	0.4806171
3114	-240.7489	-309.5995	68.85057	1.588602	0.3868602	0.05597728	0.8013361
3120	-240.3486	-309.373	69.02447	1.494217	0.3868602	0.05597728	0.6780524
3126	-236.0915	-304.8848	68.79331	1.868103	0.3868602	0.03583231	0.5679866
3132	-256.2357	-325.6049	69.36918	1.796157	0.156313	0.03981236	0.7175956
3138	-262.1497	-331.1712	69.02148	1.584826	0.2589477	0.04021324	1.021478
3144	-249.4851	-319.2106	69.72554	1.248283	0.1635518	0.0265947	0.9919683
3150	-247.5439	-317.0364	69.49248	1.690332	0.1370345	0.03667965	0.8130067
3156	-248.3923	-316.1975	67.80515	1.366938	1.367308	0.07234222	0.8337949
3162	-248.6252	-315.9333	67.30807	1.578998	1.940449	0.07044221	0.6892438
3168	-246.3255	-313.3531	67.02767	1.894714	1.940449	0.07044221	0.4019353
3174	-250.9216	-319.4918	68.57029	1.737893	0.3579392	0.08313269	0.8751115
3180	-247.7771	-316.6451	68.86796	1.978454	0.2120872	0.07377637	0.3576891
3186	-235.029	-303.3524	68.32345	2.014397	0.3537792	0.1137307	0.3735053
3192	-234.2739	-302.2972	68.02331	2.052954	0.4589708	0.1137307	0.3091243
3198	-246.182	-313.9205	67.73854	2.29371	0.4469791	0.1137307	0.2652949
3204	-240.4966	-308.8085	68.31188	2.171765	0.5068281	0.02695306	0.5692696
3210	-247.3284	-314.8353	67.50693	1.771285	1.53853	0.01402221	0.8235441
3216	-240.2054	-308.1746	67.96914	1.792698	1.109797	0.01648738	0.6081441
3222	-238.3481	-306.5696	68.22145	1.898019	0.6960169	0.04333274	0.6151473
3228	-244.1706	-313.551	69.38042	1.99778	0.1292113	0.01302784	0.4078382
3234	-251.6775	-320.5584	68.88096	1.58807	0.3587808	0.01302784	0.992529
3240	-242.3318	-311.7111	69.37933	1.781964	0.1132072	0.01640092	1.00484
3246	-240.2758	-309.1844	68.90856	1.523814	0.4296913	0.05386635	0.7058474
3252	-248.3409	-317.0465	68.70563	1.793353	0.4296913	0.05386635	0.5122975
3258	-239.0486	-308.1038	69.05522	1.697472	0.2350695	0.05725856	0.8384781
3264	-243.0383	-311.9973	68.95894	1.596165	0.3153075	0.05725856	0.8377849
3270	-241.3449	-310.4668	69.12185	1.644846	0.2674746	0.01957005	0.9124152
3276	-242.9612	-311.3651	68.40391	1.482348	0.7205832	0.07135646	0.7370786
3282	-254.9384	-322.5806	67.64226	1.485864	1.645186	0.05415589	0.7359836
3288	-254.8262	-321.6722	66.84599	1.841202	2.339744	0.0637025	0.7068222
3294	-247.1024	-315.7307	68.62837	1.938507	0.3601675	0.06756036	0.4894481
3300	-240.4255	-309.0695	68.64407	1.788138	0.3601675	0.07747424	0.739878
3306	-246.4025	-315.529	69.12644	1.718617	0.2495289	0.04187379	0.3036703
3312	-249.4493	-317.693	68.24375	1.989309	0.5762569	0.05773991	0.453532
3318	-256.5549	-325.0413	68.48637	1.522201	0.5762569	0.09198173	0.7082933
3324	-243.7968	-313.3815	69.58474	1.439003	0.2223876	0.04078959	0.5577105
3330	-248.9841	-318.5753	69.59119	1.671986	0.1162469	0.03037274	0.8473781
3336	-247.4119	-316.6645	69.25264	1.635701	0.2342347	0.02072249	0.8711491
3342	-244.0835	-313.6318	69.54838	1.635701	0.1708956	0.02059944	0.7274807
3348	-241.3491	-310.2561	68.90707	1.561842	0.2687386	0.03012887	1.167989
3354	-241.4246	-311.5954	70.17079	1.269727	0.06600698	0.02946973	0.9031286
3360	-240.0135	-308.9633	68.94981	1.581257	0.3668643	0.02778378	0.9014928
3366	-243.9021	-312.8738	68.9717	1.573628	0.3668643	0.06645107	0.5863187
3372	-249.7752	-318.7583	68.98305	1.64872	0.3668643	0.051686	0.5009452
3378	-237.9914	-307.7744	69.78303	1.762587	0.08640276	0.01655634	0.6582946
3384	-244.0519	-313.5778	69.52583	1.786243	0.1270076	0.01655634	0.7684566
3390	-245.0409	-314.5805	69.5396	1.650437	0.1270076	0.07053616	0.5409881
3396	-247.7603	-315.7961	68.03577	1.193151	0.9903594	0.05953278	1.175627
3402	-253.5883	-322.4051	68.81681	1.285693	0.3585714	0.05953278	1.185065
3408	-242.7111	-311.8508	69.13966	1.194479	0.2506738	0.05953278	1.201016
3414	-245.2616	-314.2682	69.00661	1.295228	0.2506738	0.04149439	1.302937
3420	-239.3504	-308.9697	69.61931	1.358487	0.144551	0.04149439	0.9874297
3426	-239.3399	-307.8479	68.50799	1.619285	0.647856	0.04149439	0.7414415
3432	-238.8224	-307.7785	68.95607	1.705423	0.3307559	0.05704462	0.4070395
3438	-243.4546	-312.1034	68.64881	2.022723	0.3139888	0.05704462	0.361913
3444	-256.7571	-326.4141	69.65705	1.496771	0.08681837	0.05704462	0.9638981
3450	-240.8854	-310.6659	69.78054	1.556677	0.1270302	0.03900853	0.5805629
3456	-240.8066	-309.7386	68.93198	1.708321	0.2698321	0.09541874	0.5452634
3462	-241.4444	-310.4013	68.95684	1.569948	0.2698321	0.09541874	0.7828667
3468	-257.2343	-326.4089	69.17459	1.557315	0.2698321	0.05618476	0.7518108
3474	-248.9327	-317.4719	68.5392	1.643868	0.6068271	0.02729912	0.8317524
3480	-250.7153	-318.9741	68.25882	1.343397	0.3616524	0.122446	1.363325
3486	-249.6146	-318.1676	68.55297	1.130271	0.2935935	0.122446	1.417223
3492	-252.1566	-319.9149	67.75825	1.380915	0.9980861	0.122446	0.9939087
3498	-253.3147	-320.4066	67.09184	1.82765	1.544495	0.122446	0.3459414
3504	-248.7523	-316.5816	67.82926	2.058439	0.9399728	0.03652286	0.542514
3510	-256.3355	-323.8364	67.50086	1.634354	1.93998	0.03133266	0.5147034
3516	-246.7012	-315.7859	69.08476	2.154838	0.1671305	0.03133266	0.465256
3522	-236.0555	-304.6271	68.57155	2.430759	0.1671305	0.02288684	0.2166414
3528	-242.8592	-311.5447	68.68546	2.475674	0.1227145	0.02288684	0.2166414
3534	-242.1196	-310.8582	68.73859	2.4367	0.1227145	0.01879434	0.2197498
3540	-255.1525	-321.0802	65.92764	2.199347	3.325008	0.04509844	0.2131771
3546	-248.0697	-316.1493	68.07967	2.4131	0.4362718	0.01372883	0.2867034
3552	-253.4227	-321.8153	68.39259	2.077461	0.4362718	0.05079423	0.3829412
3558	-241.7209	-310.4536	68.73264	1.915688	0.2504505	0.09867271	0.3851123
3564	-240.5643	-309.3885	68.82423	2.11576	0.2504505	0.02662791	0.3289209
3570	-245.3252	-314.4221	69.0969	2.039602	0.1919135	0.03363571	0.5968865
3576	-241.0025	-310.9062	69.90367	1.751313	0.03816484	0.009524561	0.777371
3582	-245.5861	-315.71	70.12387	1.294327	0.09741162	0.02164387	0.7843338
3588	-243.7724	-313.0524	69.28004	1.858484	0.1963722	0.03330367	0.4649415
3594	-241.5718	-311.2063	69.63453	1.747492	0.1252956	0.03330367	0.5128952
3600	-236.0782	-305.9824	69.90421	1.627388	0.07672257	0.03887282	0.633538
3606	-237.483	-307.5766	70.09361	1.437987	0.07672257	0.03887282	0.633538
3612	-231.9118	-302.118	70.2062	1.395346	0.07672257	0.01687125	0.633538
3618	-234.9808	-304.6088	69.62799	1.708825	0.07672257	0.01588845	0.9864652
3624	-236.2959	-306.1685	69.87258	1.593018	0.09942164	0.0129167	0.6765534
3630	-233.8921	-303.5281	69.63591	1.720686	0.1304108	0.01744429	0.6765534
3636	-239.5763	-309.3746	69.79821	1.711171	0.08222781	0.02880529	0.7150006
3642	-233.1768	-303.1651	69.98833	1.530001	0.08222781	0.02880529	0.6997365
3648	-236.7068	-306.3265	69.61975	1.921248	0.08222781	0.03543328	0.581185
3654	-242.1964	-311.9365	69.74008	1.659809	0.08222781	0.01655784	0.8931742
3660	-239.4978	-309.6443	70.14651	1.330003	0.0659737	0.01655784	0.8931742
3666	-249.3407	-318.295	68.95427	1.766727	0.2869462	0.01285031	0.8931742
3672	-244.1883	-313.7224	69.53404	1.862228	0.1030286	0.04850417	0.4732223
3678	-242.9784	-311.3941	68.41578	2.080686	0.4627049	0.04223251	0.5319203
3684	-235.5919	-304.5089	68.91703	1.976518	0.3037567	0.02350159	0.532149
3690	-239.2223	-308.2464	69.02418	1.529849	0.3894808	0.03989277	0.7450552
3696	-232.7358	-301.473	68.73724	1.415444	0.4116636	0.08855598	0.9033645
3702	-241.1975	-311.1208	69.92331	1.377049	0.09838929	0.02742586	0.9033645
3708	-245.6106	-314.1652	68.55463	1.011322	0.1755187	0.04268768	1.987746
3714	-244.8589	-314.331	69.47212	1.143415	0.1755187	0.08605618	1.028755
3720	-239.3259	-308.7736	69.44766	1.462633	0.1755187	0.08605618	0.6576887
3726	-247.6668	-316.1514	68.48462	1.334741	0.5679318	0.09173609	0.9636088
3732	-246.4991	-315.44	68.94099	1.603658	0.4778019	0.02197021	0.5772452
3738	-242.9873	-311.4967	68.5094	1.931444	0.4778019	0.04637267	0.4297577
3744	-244.0064	-312.6322	68.62571	1.733622	0.4778019	0.06259156	0.5797554
3750	-240.2219	-308.8723	68.6504	1.454436	0.4778019	0.06259156	0.9582601
3756	-238.2904	-307.8544	69.56395	1.357358	0.1168659	0.02443691	1.203151
3762	-234.6229	-304.3926	69.76968	1.609286	0.1168659	0.02443691	0.712029
3768	-242.3028	-311.8969	69.59411	1.799404	0.1168659	0.0367787	0.5550314
3774	-252.7701	-321.8358	69.06574	1.138221	0.1450278	0.03903011	1.630198
3780	-254.5012	-323.2826	68.78134	0.8823532	0.2395294	0.06195736	1.726454
3786	-243.4398	-312.7306	69.29081	1.477254	0.229679	0.03612996	0.9562094
3792	-245.9904	-314.0066	68.01618	1.626212	0.7223957	0.1428155	0.6363234
3798	-247.1437	-314.6244	67.48068	1.754118	1.682171	0.03723701	0.6499377
3804	-242.7101	-310.6488	67.93864	1.272749	0.6491182	0.04414919	1.565678
3810	-248.8342	-316.5878	67.75363	2.30421	0.7369349	0.0496848	0.4840214
3816	-239.3524	-307.6671	68.3147	1.681464	0.4024841	0.1821359	0.6553008
3822	-248.4729	-316.5834	68.11048	1.681464	0.50285	0.2014583	0.5614407
3828	-244.3535	-312.7324	68.37897	1.606233	0.50285	0.1348243	0.6426648
3834	-236.5647	-305.5266	68.96198	1.746171	0.3280106	0.05114062	0.5687907
3840	-240.7354	-309.7019	68.96652	1.668351	0.197541	0.05114062	1.103708
3846	-244.5756	-313.9927	69.41703	1.248913	0.187374	0.05114062	1.103708
3852	-243.2728	-312.7659	69.49311	1.591008	0.1681131	0.05114062	0.6919708
3858	-242.7956	-311.9646	69.16903	1.740711	0.2561136	0.04445548	0.5793986
3864	-251.0612	-319.7471	68.68588	1.902883	0.3258852	0.07768923	0.5433815
3870	-238.2227	-305.8829	67.66025	2.063959	0.8903692	0.07768923	0.409939
3876	-240.7715	-309.9327	69.16126	1.829983	0.2045563	0.05878236	0.5087017
3882	-246.8302	-315.6859	68.85568	1.996513	0.2555607	0.05839871	0.5176248
3888	-244.1542	-312.9951	68.8409	1.314922	0.3618527	0.05839871	1.137222
3894	-241.6541	-311.1815	69.52739	1.540057	0.175459	0.05839871	0.5931836
3900	-249.9188	-317.0485	67.12976	1.813609	1.048758	0.2296803	0.7559647
3906	-247.8347	-316.5505	68.71579	1.569523	0.2500824	0.08899513	1.1235
3912	-239.6612	-308.9232	69.26201	1.583524	0.2035457	0.03942817	0.9363652
3918	-239.6284	-309.7943	70.16587	1.300865	0.07237089	0.03560557	0.8016827
3924	-241.6703	-311.9135	70.24323	1.210231	0.05747024	0.03560557	0.905458
3930	-242.6674	-312.7362	70.06886	1.468575	0.08420281	0.01527261	0.6879498
3936	-235.3643	-304.5806	69.21639	1.693436	0.2761988	0.0159821	0.6879498
3942	-249.1414	-318.2916	69.15023	1.833375	0.2258836	0.04689503	0.5578179
3948	-245.5897	-314.8113	69.22164	1.768116	0.2258836	0.04689503	0.5053352
3954	-238.4095	-306.2076	67.79813	1.698616	0.6751689	0.2100159	0.402024
3960	-237.2655	-306.5321	69.26662	1.890813	0.129299	0.0715752	0.402024
3966	-239.7469	-309.1635	69.41664	1.991651	0.129299	0.02111437	0.5224069
3972	-237.9826	-307.2165	69.23399	2.144774	0.129299	0.01316628	0.4078625
3978	-242.2767	-311.4105	69.1338	2.166211	0.129299	0.04565942	0.441322
3984	-241.4326	-309.8192	68.38658	1.639261	0.6582701	0.0615738	0.7209214
3990	-241.9387	-311.0669	69.12817	1.473798	0.2418751	0.104452	0.7209214
3996	-236.6137	-305.7763	69.16256	1.705153	0.2561699	0.03987751	0.7209214
4002	-240.1515	-309.2269	69.0754	1.679773	0.2561699	0.04607285	0.8357289
4008	-246.5586	-316.2319	69.67324	1.654516	0.1255294	0.02513435	0.7367542
4014	-243.1368	-312.3572	69.22042	1.546795	0.158059	0.01032823	1.179171
4020	-241.11	-310.0509	68.94084	1.62612	0.2208388	0.01454845	1.213921
4026	-237.4587	-306.1178	68.65913	1.743617	0.4641833	0.05886513	0.4327149
4032	-241.5987	-309.932	68.3333	1.669929	0.6741657	0.05206359	0.7925166
4038	-235.6139	-305.0172	69.4033	1.388844	0.2237207	0.0531777	0.8533959
4044	-251.0125	-320.4438	69.43129	1.788068	0.1563113	0.04288173	0.5504877
4050	-242.6854	-312.1703	69.48492	1.490021	0.19757	0.04288173	0.7820342
4056	-245.6198	-314.3127	68.69292	1.763003	0.3378117	0.1025683	0.5136084
4062	-243.6193	-312.4378	68.81849	0.9852887	0.1971452	0.06500233	1.702049
4068	-243.1618	-312.284	69.12215	1.336188	0.319428	0.0386494	1.032255
4074	-250.0388	-319.827	69.78817	1.351553	0.160154	0.03507061	0.7711645
4080	-249.2236	-318.3352	69.11161	2.024967	0.2065572	0.02686137	0.5170689
4086	-244.7622	-314.1519	69.3897	1.882342	0.1632917	0.02686137	0.5170689
4092	-246.4494	-315.5668	69.11736	1.948861	0.2214644	0.0327553	0.4555641
4098	-255.4038	-323.912	68.50821	2.275478	0.3134923	0.03054332	0.3410864
4104	-253.7411	-322.0529	68.31177	2.187855	0.3134923	0.03708742	0.1990408
4110	-250.2105	-318.4773	68.26683	2.4691	0.3134923	0.03708742	0.3230757
4116	-242.568	-312.3093	69.74121	1.64687	0.1265703	0.02510845	0.6113367
4122	-246.1581	-316.0902	69.93214	1.467827	0.1265703	0.01481353	0.5965862
4128	-236.3467	-306.0268	69.6801	1.345104	0.07916323	0.0163305	1.259026
4134	-239.2441	-308.6766	69.4325	1.506058	0.1917585	0.02343334	0.9452603
4140	-247.6753	-317.0073	69.33196	1.62996	0.1917585	0.02163435	0.9245834
4146	-247.2479	-317.0684	69.82055	1.766094	0.07790886	0.01326523	0.6267772
4152	-247.9858	-318.1846	70.19879	1.586461	0.03326098	0.01326523	0.6683212
4158	-241.7479	-311.6083	69.8604	1.586461	0.05651843	0.03167564	0.9372404
4164	-238.2508	-308.2222	69.97133	1.450061	0.09130515	0.0206372	0.8176575
4170	-241.6298	-310.8813	69.25152	1.60187	0.2107631	0.03772667	0.9137601
4176	-240.8951	-309.9218	69.02667	1.969065	0.2225277	0.03983282	0.6518328
4182	-238.1669	-308.1366	69.96968	1.230988	0.07529766	0.02836424	1.10302
4188	-238.001	-308.0753	70.07429	1.035804	0.08383752	0.03975427	1.10302
4194	-235.6402	-305.2143	69.57405	1.990343	0.08383752	0.03111907	0.5159226
4200	-258.3783	-327.0119	68.63352	2.41882	0.1567494	0.03493719	0.2424907
4206	-246.7945	-314.9577	68.16323	2.47965	0.2425	0.05029917	0.2110409
4212	-237.4384	-307.9012	70.4628	1.290031	0.03049448	0.01342041	0.7459178
4218	-241.6101	-311.7896	70.17946	1.527626	0.03049448	0.008109772	0.7055022
4224	-242.9599	-312.7059	69.74607	1.843772	0.03106258	0.004578979	0.6184486
4230	-244.3816	-314.9352	70.55355	1.240838	0.03810296	0.0170211	0.6256225
4236	-242.7226	-311.9012	69.1786	1.265697	0.3701765	0.06129205	0.8038404
4242	-244.9419	-313.7088	68.76693	1.73801	0.3648537	0.07766441	0.5495809
4248	-240.8873	-309.9229	69.03567	1.744874	0.2819884	0.05841445	0.4466728
4254	-246.0619	-315.0974	69.03556	1.816799	0.2819884	0.02516885	0.742882
4260	-234.3056	-303.5019	69.19632	1.886746	0.2162439	0.03323677	0.4987869
4266	-238.3705	-308.0927	69.72221	1.764728	0.09903893	0.03323677	0.4702541
4272	-237.794	-307.1788	69.38481	1.778172	0.188272	0.03323677	0.540916
4278	-249.2591	-317.3309	68.0718	1.251656	1.096419	0.07033497	0.9374821
4284	-240.1428	-307.9931	67.85027	1.883432	0.8211061	0.07770841	0.7380585
4290	-241.7925	-309.6967	67.90418	1.524965	1.353238	0.04787945	0.6344055
4296	-243.9877	-311.4984	67.5107	1.873935	0.7671664	0.2153802	0.4725889
4302	-250.6553	-318.9494	68.29414	1.553139	0.3902432	0.2153802	0.7766924
4308	-243.643	-313.3317	69.68869	1.482924	0.1842693	0.01866878	0.6777833
4314	-236.1543	-305.8184	69.66408	1.579425	0.1183325	0.01866878	0.8981406
4320	-240.8946	-311.0012	70.10663	1.161658	0.05360344	0.01866878	1.15853
4326	-242.0252	-311.8081	69.78281	1.265501	0.05360344	0.01167638	1.321788
4332	-246.9362	-315.9505	69.01428	0.9695423	0.2902177	0.06459144	1.386192
4338	-248.3579	-317.4985	69.14067	1.112399	0.2224038	0.08550691	1.230289
4344	-253.7234	-322.8318	69.10832	1.065746	0.2486782	0.09655029	1.195505
4350	-240.3132	-309.5974	69.28419	1.098819	0.2959988	0.03345855	1.172742
4356	-238.4826	-308.3346	69.85204	1.064832	0.1296903	0.01945078	1.172742
4362	-238.6031	-308.6436	70.04045	1.316674	0.0320159	0.01892411	1.172742
4368	-244.9526	-313.7158	68.76318	1.427386	0.1879856	0.01029764	1.557978
4374	-247.2841	-315.5814	68.29727	2.044325	0.3327218	0.09416797	0.2668524
4380	-245.5798	-313.8476	68.26781	1.812834	0.4612232	0.1365508	0.4615266
4386	-241.9386	-310.9065	68.96795	1.695951	0.378122	0.04058234	0.5164357
4392	-248.8494	-316.1872	67.33786	1.844035	1.721537	0.04907999	0.4481152
4398	-250.4128	-317.2813	66.86852	1.889588	2.58849	0.03752665	0.4643065
4404	-260.6105	-327.9825	67.37199	1.965328	1.288127	0.08324772	0.5470536
4410	-261.2555	-329.1777	67.92216	2.165049	0.5695176	0.08324772	0.3732918
4416	-245.5714	-313.4975	67.92612	2.188634	0.7369776	0.02618221	0.3555108
4422	-259.7967	-327.949	68.15231	1.921596	0.7667774	0.03551508	0.5987517
4428	-242.033	-310.2664	68.23342	1.732101	0.8745905	0.03551508	0.5183865
4434	-253.168	-320.4616	67.29357	1.618498	1.908766	0.08133382	0.5183865
4440	-237.6311	-305.635	68.00386	1.618498	0.8945328	0.04519914	0.9673875
4446	-252.5764	-321.228	68.65166	1.338243	0.492252	0.1192612	0.767579
4452	-249.2395	-316.7066	67.46715	1.532211	0.492252	0.07607192	1.77455
4458	-250.1456	-317.5266	67.381	1.265362	2.245533	0.05316426	0.8977143
4464	-256.6395	-325.179	68.53954	2.245367	0.25745	0.0676992	0.4122648
4470	-244.3642	-312.9327	68.56848	2.10199	0.25745	0.07496035	0.3105974
4476	-242.384	-311.5794	69.19536	2.098067	0.1072054	0.04380209	0.3002455
4482	-248.7081	-316.8304	68.12234	1.967202	0.2646403	0.1678144	0.2073738
4488	-243.4941	-312.7106	69.21646	1.623863	0.1663319	0.0915211	0.2954967
4494	-233.55	-302.9626	69.41262	1.63596	0.150273	0.08224399	0.4518417
4500	-238.9158	-307.7189	68.80301	1.820031	0.3789336	0.02080537	0.7821315
4506	-244.109	-312.4289	68.31986	2.1812	0.3789336	0.07322005	0.4797901
4512	-244.8023	-312.8163	68.01397	1.82788	0.8200433	0.07322005	0.4797901
4518	-251.1396	-318.9764	67.83684	2.334218	0.4149971	0.1252951	0.3733689
4524	-248.325	-317.7555	69.43049	1.691702	0.186798	0.04313995	0.5247286
4530	-245.0417	-314.4111	69.36938	1.80874	0.186798	0.02877777	0.5796212
4536	-257.0275	-326.4758	69.44822	1.571539	0.186798	0.02877777	0.8505665
4542	-243.0248	-312.71	69.68518	1.218863	0.186798	0.02408646	0.9948352
4548	-233.6941	-303.4476	69.75346	1.589058	0.1094209	0.02639684	0.8008738
4554	-237.6589	-307.5419	69.88305	1.395764	0.1398417	0.02501433	0.7303171
4560	-234.6872	-304.087	69.39976	1.527954	0.216029	0.04851123	0.7303171
4566	-256.9337	-326.3273	69.39361	1.646096	0.08773119	0.1112759	0.8077638
4572	-245.0452	-314.1525	69.10725	1.457252	0.2572413	0.1112759	0.6656094
4578	-238.55	-307.7847	69.23478	1.363586	0.2572413	0.04447796	1.012844
4584	-237.6506	-306.8601	69.20955	1.117836	0.1441398	0.04447796	1.522454
4590	-250.554	-318.6249	68.07088	0.9175215	0.1441398	0.04447796	2.424624
4596	-253.6685	-321.7441	68.07567	0.9778873	0.8952238	0.1763689	0.9967994
4602	-245.3876	-313.6456	68.25807	1.293423	0.6522166	0.1721374	0.7792639
4608	-244.337	-312.692	68.35504	1.653866	0.2755585	0.210414	0.9049221
4614	-249.8716	-317.9672	68.09561	1.563691	0.6636171	0.1650807	0.5906745
4620	-246.8654	-315.6708	68.80538	1.556835	0.2261862	0.2070224	0.4681385
4626	-237.6517	-306.669	69.01724	1.845961	0.1673925	0.1118213	0.4517999
4632	-228.38	-297.7227	69.34262	1.689657	0.2201217	0.03892002	0.5855412
4638	-244.7601	-314.5172	69.75712	1.663208	0.09592732	0.04697808	0.5925904
4644	-233.1201	-302.6172	69.49715	1.938297	0.09592732	0.04697808	0.4910367
4650	-242.5976	-312.4183	69.82068	1.329688	0.09592732	0.01499617	1.081164
4656	-253.1755	-323.2562	70.08073	1.394293	0.02805192	0.0173671	1.081164
4662	-247.8851	-318.0279	70.14284	1.330121	0.02805192	0.0210479	1.081164
4668	-249.847	-319.7143	69.86726	1.472113	0.03265564	0.009965904	1.145288
4674	-246.7727	-316.9823	70.20962	1.055763	0.0522711	0.028546	1.145288
4680	-251.7875	-320.8825	69.09493	0.9635282	0.3120784	0.0904448	1.184882
4686	-244.0993	-312.7374	68.63814	1.060476	0.5557909	0.05905612	1.233112
4692	-247.3172	-315.1555	67.83829	1.188592	0.5557909	0.1175157	1.554493
4698	-244.6881	-312.5273	67.8392	1.163864	1.003691	0.04064594	1.425291
4704	-249.881	-316.361	66.48003	1.308739	4.264479	0.05372241	0.9332954
4710	-240.3035	-308.4533	68.14971	1.531382	0.3381923	0.2028936	1.109924
4716	-236.2259	-304.7298	68.50389	1.801734	0.3381923	0.1403919	0.5348923
4722	-234.7708	-304.1298	69.35899	1.696532	0.1915879	0.05162527	0.4307262
4728	-242.6975	-312.0976	69.40005	1.467656	0.2091399	0.05162527	0.8208885
4734	-240.5186	-309.9148	69.39623	1.573102	0.2091399	0.05162527	0.6641024
4740	-238.3165	-307.3535	69.03704	2.173895	0.1736804	0.01021911	0.5413285
4746	-240.0626	-309.9795	69.91688	1.438577	0.03987444	0.008634941	1.077721
4752	-240.7226	-309.9755	69.25291	1.31631	0.06873127	0.01047598	1.618528
4758	-239.7297	-309.6661	69.93649	1.433789	0.03474653	0.009083741	1.095123
4764	-239.1514	-309.3642	70.21277	1.4683	0.03793103	0.01733823	0.815163
4770	-241.659	-311.9645	70.30556	1.424263	0.01261065	0.006734909	0.5976146
4776	-244.2672	-314.3661	70.09886	1.448228	0.01261065	0.006734909	0.8856961
4782	-246.9339	-316.656	69.72216	1.555566	0.01261065	0.003179378	0.8984327
4788	-244.1186	-313.7716	69.65306	1.4683	0.0441635	0.003179378	0.9807276
4794	-249.4648	-319.1981	69.73332	1.572966	0.08554264	0.01828083	0.9789402
4800	-243.2279	-313.4883	70.26037	1.468178	0.04790149	0.02605813	0.6317464
4806	-250.299	-320.5576	70.25861	1.539023	0.03702994	0.01866485	0.6317464
4812	-242.2278	-311.5277	69.29987	1.705692	0.2305849	0.04046827	0.5410029
4818	-244.5821	-313.7215	69.13942	2.080188	0.181217	0.01518971	0.5685991
4824	-243.6068	-313.4878	69.88095	1.535221	0.09831976	0.04839918	0.5325755
4830	-247.5959	-317.0144	69.41853	1.875786	0.09831976	0.04839918	0.2905776
4836	-247.458	-315.5596	68.10163	2.502578	0.2200323	0.04839918	0.1764523
4842	-246.6999	-314.9255	68.22559	2.560544	0.1220749	0.01802296	0.1222067
4848	-238.3524	-305.0539	66.70145	2.96334	0.3860274	0.06884416	0.09580591
4854	-239.4321	-306.2855	66.85337	2.945024	0.5056284	0.05862334	0.1414656
4860	-235.9919	-303.4875	67.49562	2.800996	0.1883458	0.04998882	0.1027655
4866	-239.4161	-307.4182	68.00217	2.800996	0.1063992	0.0334351	0.1221201
4872	-239.8743	-307.8378	67.9635	2.928425	0.1253661	0.03014749	0.1500382
4878	-243.2696	-312.1814	68.91177	2.226978	0.1402644	0.02290873	0.2344883
4884	-241.6704	-308.7771	67.10668	2.68566	0.4697114	0.06936812	0.1387393
4890	-247.9524	-316.6251	68.67275	2.117266	0.342755	0.02586482	0.4271883
4896	-241.6233	-311.2452	69.62196	1.955835	0.07744418	0.03034599	0.6059999
4902	-242.0549	-311.2585	69.20352	1.75788	0.1774348	0.07386344	0.3713254
4908	-248.9804	-318.6302	69.64978	1.448515	0.1774348	0.0400165	0.7111061
4914	-261.3581	-329.9372	68.57908	1.744773	0.4722721	0.0583382	0.7234298
4920	-237.156	-306.2534	69.09742	1.82519	0.2222455	0.0583382	0.607041
4926	-245.0778	-313.8537	68.7759	1.80874	0.3736948	0.0583382	0.4956822
4932	-250.5614	-317.8047	67.24336	2.056937	1.354123	0.07452191	0.3905994
4938	-245.0478	-312.9627	67.91493	1.823289	0.8566829	0.07452191	0.6874922
4944	-250.7089	-318.7913	68.08235	1.606043	0.8083544	0.1020545	0.6531627
4950	-249.5625	-317.9686	68.40615	1.729304	0.6948501	0.03557766	0.6677058
4956	-254.3047	-323.8536	69.54889	1.174028	0.2031909	0.062079	0.9479811
4962	-239.4732	-308.5894	69.11621	1.730907	0.2173861	0.07581076	0.6199349
4968	-238.2852	-307.5673	69.28215	1.746474	0.2173861	0.03885761	0.6199349
4974	-240.2799	-308.2569	67.97691	2.181642	0.6192745	0.06005823	0.5511355
4980	-237.8462	-306.1529	68.30674	2.26908	0.3452814	0.05380421	0.3164779
4986	-238.3698	-307.6453	69.27549	1.920639	0.1695309	0.02597156	0.3474561
4992	-241.8869	-309.5522	67.66535	1.379117	1.399679	0.1048653	0.777881
4998	-247.3972	-316.3288	68.93163	1.268663	0.4406408	0.07843339	0.8385963
5004	-237.3484	-305.4758	68.12742	1.560948	0.9045082	0.07991679	0.6294699
5010	-232.7044	-301.8401	69.13565	1.221754	0.3050202	0.04817156	1.113265
5016	-243.6997	-312.1903	68.49061	1.507464	0.4236044	0.04390483	1.232113
5022	-243.3087	-312.4211	69.11232	0.9687966	0.3557341	0.02953348	1.328357
5028	-238.7673	-308.8655	70.09824	1.182767	0.08241618	0.04998217	0.8855363
5034	-239.0931	-308.7667	69.67363	1.597122	0.1539972	0.0245516	0.6573242
5040	-243.0892	-312.7473	69.65812	1.415105	0.1539972	0.07424626	0.5487647
5046	-240.2645	-309.9003	69.63582	1.216816	0.1539972	0.04856599	1.04329
5052	-249.0956	-318.3196	69.22392	1.330792	0.2076008	0.04856599	1.160361
5058	-243.2281	-312.7271	69.49905	0.9386508	0.2453266	0.03124559	1.242082
5064	-241.6968	-311.7633	70.06649	1.221367	0.09064319	0.03124559	0.9371325
5070	-256.5314	-326.4987	69.96722	1.431837	0.09064319	0.03124559	0.8064308
5076	-256.6952	-325.5356	68.84046	1.835055	0.2427836	0.09310869	0.6719595
5082	-246.0955	-315.1045	69.00905	0.9752832	0.2079543	0.07064952	1.52827
5088	-249.648	-316.9496	67.30164	0.8650209	1.146792	0.07064952	1.825127
5094	-251.2059	-319.4028	68.19692	0.96355	0.652911	0.06819312	1.511201
5100	-238.4225	-308.1846	69.76209	1.070813	0.1535922	0.03905199	1.107182
5106	-236.4736	-304.6202	68.14665	1.281767	0.9701078	0.03905199	1.107182
5112	-240.1016	-308.6362	68.53464	1.41354	0.3943747	0.08129944	1.166319
5118	-234.6053	-304.0791	69.47382	1.62264	0.1801794	0.01939645	0.8118964
5124	-248.0047	-316.5848	68.58007	1.933382	0.4342131	0.04864719	0.5445032
5130	-253.5644	-322.4048	68.84044	1.669093	0.4342131	0.04864719	0.5644687
5136	-253.612	-321.9962	68.38427	2.041352	0.4709153	0.03367321	0.7573014
5142	-243.1011	-311.825	68.72393	2.029012	0.3380563	0.0375323	0.5719896
5148	-243.7418	-313.3135	69.57166	1.831091	0.1105822	0.04016438	0.5533133
5154	-233.5403	-303.3378	69.79758	1.283915	0.1140943	0.04208825	0.9960745
5160	-239.9939	-309.332	69.33811	1.295486	0.1204012	0.009041857	1.384187
5166	-229.6066	-299.0323	69.42571	1.381019	0.1866865	0.02668833	1.081047
5172	-240.9998	-310.4645	69.46469	1.495467	0.1408998	0.02668833	1.081047
5178	-243.7137	-313.1337	69.41996	1.843072	0.1408998	0.01169902	0.7286916
5184	-239.2604	-308.8597	69.59932	1.87908	0.09539968	0.0288818	0.6642674
5190	-238.8753	-308.1263	69.25097	1.687186	0.1689206	0.08818875	0.6211008
5196	-235.4865	-304.7745	69.28794	1.923323	0.1689206	0.03636843	0.46768
5202	-237.3625	-305.9943	68.63185	2.238844	0.2407834	0.03636843	0.2863031
5208	-237.2082	-306.2423	69.03404	1.828727	0.2889785	0.03181737	0.3758477
5214	-244.1715	-312.2849	68.11334	1.441235	0.6391359	0.05557818	1.266197
5220	-246.2988	-315.0798	68.78095	1.418113	0.2813699	0.05557818	1.266197
5226	-247.3165	-315.0348	67.71832	1.540429	0.9477223	0.08142086	1.09455
5232	-252.2628	-320.3088	68.04599	1.423181	0.9477223	0.1085102	0.723898
5238	-251.839	-320.1714	68.3324	1.491255	0.5908409	0.1085102	0.8404107
5244	-245.3103	-314.6614	69.35114	1.261083	0.2604476	0.1085102	0.5156191
5250	-250.7849	-320.1542	69.36937	1.314554	0.2135177	0.03719809	1.078793
5256	-240.1706	-309.7037	69.53316	1.312841	0.2135177	0.03410263	0.9316682
5262	-249.2375	-317.8436	68.60606	1.286444	0.455206	0.1261179	0.9316682
5268	-249.052	-318.6325	69.58046	1.162505	0.1491313	0.03514766	1.216146
5274	-247.4278	-316.8218	69.39399	1.206879	0.1925376	0.03514766	1.216146
5280	-248.6852	-318.3735	69.68829	1.403076	0.1925376	0.038723	0.6464195
5286	-236.8026	-306.0076	69.20499	1.881445	0.1817049	0.0488025	0.3971658
5292	-232.5633	-301.9053	69.34197	1.748134	0.1817049	0.0488025	0.4046049
5298	-237.4579	-306.8081	69.35013	1.779979	0.1680574	0.0518132	0.4331579
5304	-247.9252	-315.2275	67.30221	2.272465	0.8424343	0.09776667	0.2852652
5310	-251.7987	-319.3756	67.57688	2.272465	0.6388116	0.1037645	0.319434
5316	-247.0544	-314.6555	67.6011	2.290898	0.6388116	0.09376697	0.319434
5322	-246.2124	-315.7581	69.54563	1.456821	0.1981651	0.04332411	0.7358507
5328	-245.5892	-315.7015	70.11223	1.08161	0.06743033	0.08458076	0.875097
5334	-240.19	-309.3297	69.13967	1.361741	0.2964256	0.07389089	0.8577221
5340	-244.0161	-313.2356	69.2195	1.465355	0.2964256	0.04926811	0.7769504
5346	-239.5631	-308.7799	69.21671	1.657437	0.2964256	0.03087831	0.581978
5352	-244.8235	-314.2645	69.441	1.656055	0.1593263	0.0446678	0.7695638
5358	-234.9078	-304.4471	69.53928	1.606128	0.1593263	0.0446678	0.69296
5364	-242.3499	-312.0623	69.71242	1.432986	0.1593263	0.0446678	0.69296
5370	-249.0941	-318.6331	69.53899	1.909749	0.08750024	0.04283932	0.365243
5376	-239.18	-308.6771	69.4971	1.256418	0.1859119	0.04751976	1.042992
5382	-245.0841	-314.5982	69.51403	1.337128	0.1859119	0.02618711	1.042992
5388	-239.9582	-309.8608	69.90266	1.301819	0.08045366	0.02672814	1.083007
5394	-238.8725	-307.9409	69.06835	1.533217	0.3297538	0.02672814	0.9146538
5400	-257.3723	-326.7579	69.38556	1.533217	0.1428199	0.0769111	0.8696464
5406	-245.3685	-314.6997	69.3312	1.555814	0.2070206	0.0769111	0.5730684
5412	-240.9966	-309.7328	68.73619	1.442199	0.3851529	0.02343102	1.216257
5418	-242.7758	-311.7201	68.94424	1.167167	0.3080897	0.06129181	1.263154
5424	-236.9514	-305.845	68.89364	1.311444	0.4429611	0.09533904	0.7200154
5430	-239.5583	-308.1137	68.55536	1.211389	0.503111	0.1114235	1.035461
5436	-242.4617	-310.9917	68.52997	1.037187	0.4650845	0.1114235	1.26918
5442	-252.1666	-320.6412	68.47455	0.8896998	0.4650845	0.2201705	1.12974
5448	-242.4195	-311.3455	68.92595	1.416607	0.2867683	0.09015282	0.9760857
5454	-240.2689	-308.6619	68.39302	1.416607	0.6553398	0.09015282	0.8414574
5460	-239.3503	-307.448	68.09767	1.489937	0.6553398	0.1523555	0.8143546
5466	-244.109	-312.1459	68.03687	1.488089	0.6553398	0.1523555	0.8902076
5472	-247.484	-316.3095	68.82547	1.576993	0.5100821	0.03345327	0.6900581
5478	-244.6007	-314.1079	69.50725	1.299551	0.2446788	0.03122014	0.8940551
5484	-243.7667	-312.8239	69.0572	1.302416	0.2625868	0.05990581	1.15059
5490	-256.1117	-323.4439	67.33221	1.766925	1.247805	0.1463562	0.4009392
5496	-243.2815	-311.7095	68.42802	1.525627	0.7501931	0.06640014	0.5534378
5502	-241.3901	-309.405	68.01489	1.346794	0.820269	0.0783138	1.140941
5508	-240.5347	-308.7639	68.2292	1.316857	0.7496795	0.0783138	1.049012
5514	-241.876	-311.3203	69.44428	0.9956192	0.1396926	0.0783138	1.320211
5520	-235.4023	-305.0385	69.63619	1.380879	0.1396926	0.03753486	0.9848809
5526	-241.7644	-311.814	70.04952	1.393988	0.07315791	0.0320029	0.8471967
5532	-238.8425	-308.8847	70.04215	1.4737	0.07315791	0.04459941	0.6434248
5538	-234.5145	-303.1149	68.60041	1.916364	0.3883381	0.05206296	0.3354031
5544	-240.5716	-309.8014	69.22974	2.086204	0.1201974	0.007344151	0.6239849
5550	-240.0793	-309.3361	69.25678	2.182747	0.1201974	0.01782482	0.5622919
5556	-245.7603	-314.6835	68.92325	1.676407	0.1201974	0.007188438	1.374521
5562	-242.4534	-312.4334	69.97999	1.385457	0.05026918	0.01144467	1.060142
5568	-241.4475	-309.4062	67.95863	1.325306	0.4654489	0.05700536	1.671267
5574	-249.8957	-319.4437	69.54804	0.9875287	0.1234112	0.03065766	1.473002
5580	-239.9983	-309.6601	69.66183	1.692883	0.1234112	0.03065766	0.6681661
5586	-245.299	-314.8389	69.53982	1.814894	0.1234112	0.03065766	0.6681661
5592	-245.6181	-314.8982	69.28013	1.460994	0.2862231	0.03065766	0.8511339
5598	-242.8015	-312.056	69.25454	1.523919	0.24038	0.0540593	0.807765
5604	-239.8153	-309.3579	69.5426	1.529925	0.179488	0.03525718	0.7752926
5610	-249.7214	-318.1745	68.4531	1.87247	0.5829139	0.03525718	0.5862444
5616	-248.6085	-317.7945	69.18598	1.721478	0.220745	0.03525718	0.8305486
5622	-244.0189	-314.0542	70.03528	1.049497	0.07724268	0.06771582	1.024679
5628	-249.4258	-319.1973	69.77152	1.573019	0.1161579	0.02336081	0.7736414
5634	-242.8974	-312.8984	70.00099	1.373017	0.07081891	0.02336081	0.9719671
5640	-243.5943	-313.5806	69.9864	1.797009	0.01879883	0.008403174	0.3875509
5646	-251.8479	-320.8418	68.99388	2.340436	0.0512815	0.002934856	0.541762
5652	-255.2076	-324.6318	69.42419	1.865291	0.0512815	0.003207118	0.739706
5658	-239.1282	-308.9973	69.8691	1.630363	0.02432748	0.003207118	0.5104676
5664	-236.329	-306.1198	69.79087	1.675493	0.02432748	0.003283046	0.6621909
5670	-236.1863	-306.173	69.98669	1.395363	0.007338577	0.00610516	0.9432247
5676	-239.7975	-309.9967	70.19922	0.9553145	0.02089257	0.009391417	1.326068
5682	-242.0078	-310.9663	68.95852	1.383064	0.1935449	0.01832248	1.463314
5688	-241.9025	-310.3365	68.43397	1.314146	0.6584334	0.01832248	1.210807
5694	-237.8155	-306.8043	68.9887	1.504973	0.3548848	0.04666455	0.8722602
5700	-239.7534	-308.9421	69.18872	1.410573	0.2511033	0.0801597	0.8393853
5706	-239.6551	-308.5002	68.84505	2.121151	0.2625372	0.01148267	0.5724416
5712	-242.7642	-312.2305	69.46631	2.063052	0.0650415	0.006421373	0.4027181
5718	-248.1035	-317.8358	69.73222	1.916983	0.0650415	0.01260181	0.4027181
5724	-243.5164	-312.9636	69.44718	2.215523	0.06620705	0.01260181	0.4645212
5730	-241.4816	-309.9483	68.46678	2.041654	0.4138165	0.04375397	0.3344386
5736	-239.7296	-308.7115	68.9819	2.404287	0.1137185	0.02597262	0.3344386
5742	-236.1227	-305.4127	69.28998	2.109496	0.09437751	0.02231537	0.2743731
5748	-240.0177	-309.1626	69.14489	1.993964	0.1819054	0.02231537	0.7380665
5754	-238.3777	-306.5649	68.18713	2.3043	0.4082454	0.03228157	0.2717533
5760	-241.017	-310.5905	69.57357	1.956995	0.05784212	0.03228157	0.2717533
5766	-238.3211	-307.683	69.36187	2.207259	0.05784212	0.01002763	0.3010399
5772	-241.4495	-310.2596	68.8101	1.880161	0.289067	0.031014	0.9007216
5778	-242.126	-310.5696	68.44359	1.678769	0.5608932	0.03143766	0.9591103
5784	-244.2211	-311.1032	66.8821	1.343485	1.766973	0.04000145	1.556638
5790	-252.4501	-318.858	66.4079	1.462552	3.709763	0.02953604	1.147657
5796	-248.7449	-315.0206	66.27568	1.278803	3.709763	0.1028507	1.122932
5802	-247.1784	-313.9834	66.80498	1.528451	1.643128	0.1612998	1.122932
5808	-252.1733	-319.2797	67.10646	1.976198	1.643128	0.08162642	0.4995185
5814	-246.7238	-313.952	67.22818	1.850743	1.643128	0.08162642	0.4580498
5820	-243.48	-311.4575	67.97751	1.953244	0.6480395	0.0984191	0.4174565
5826	-243.1884	-311.299	68.11062	1.835393	0.6480395	0.0984191	0.4936604
5832	-255.9468	-323.4332	67.48643	1.619097	1.010156	0.2121101	0.6168361
5838	-251.6359	-320.3848	68.74887	1.87321	0.2990166	0.08400511	0.4672873
5844	-242.5259	-309.8558	67.32982	2.005638	1.456242	0.05546366	0.4439069
5850	-253.1957	-320.8471	67.65134	2.566613	0.5053293	0.05546366	0.2785272
5856	-242.183	-311.0886	68.90561	2.073028	0.2582061	0.01090825	0.5311159
5862	-242.17	-311.0111	68.84108	2.065984	0.2582061	0.03283646	0.3413423
5868	-240.2217	-309.6725	69.45081	2.045046	0.0899254	0.01945816	0.3291254
5874	-245.6229	-315.276	69.65308	1.833773	0.1093062	0.01945816	0.4621342
5880	-249.5818	-319.4169	69.83512	1.602468	0.1198154	0.02336846	0.5415487
5886	-243.8247	-313.541	69.71628	1.326231	0.2207385	0.02336846	0.7021868
5892	-236.3832	-305.9001	69.51688	1.86474	0.1329253	0.01738451	0.595544
5898	-242.7448	-312.6435	69.89873	1.369377	0.1636875	0.02111106	0.6038633
5904	-234.8016	-304.4221	69.62055	1.490826	0.2130441	0.02532366	0.5819977
5910	-242.2768	-312.2302	69.95339	1.543477	0.09405937	0.03008299	0.6252585
5916	-235.1119	-304.9997	69.88775	1.613465	0.09405937	0.03008299	0.6139869
5922	-233.6391	-303.5037	69.86467	1.81386	0.06328062	0.01820549	0.6025983
5928	-230.2791	-300.1336	69.85447	1.708385	0.07419855	0.01820549	0.7302681
5934	-235.503	-305.0808	69.57778	1.652219	0.1697479	0.01820549	0.6540874
5940	-234.3575	-303.7045	69.34692	1.694524	0.1940106	0.04767224	0.6488762
5946	-243.0604	-312.3945	69.33412	1.744157	0.1940106	0.04767224	0.5119073
5952	-246.2405	-315.877	69.63654	1.523178	0.177091	0.03767447	0.6096087
5958	-243.132	-312.6338	69.5018	1.136266	0.177091	0.03767447	1.215468
5964	-247.0653	-316.3511	69.28581	1.335206	0.2688754	0.02940043	1.030753
5970	-239.5077	-309.6419	70.13416	1.350905	0.07785579	0.02940043	0.7787485
5976	-249.8493	-318.571	68.72171	1.967462	0.3419299	0.02585054	0.7787485
5982	-242.0557	-312.1194	70.06376	1.250386	0.06731254	0.01204785	1.033979
5988	-239.4421	-309.2805	69.83835	1.32615	0.06731254	0.01997837	1.189244
5994	-237.4	-307.0249	69.62487	1.065828	0.06731254	0.02917678	1.543403
6000	-246.4477	-316.0577	69.61001	0.7823391	0.2694463	0.02917678	1.235356
6006	-244.1736	-313.7934	69.6198	1.478243	0.1092334	0.008834177	1.019105
6012	-240.0469	-309.5019	69.45494	1.754612	0.1092334	0.009002952	0.9065148
6018	-246.2144	-315.9611	69.74673	1.841883	0.08302402	0.01588254	0.5834522
6024	-243.9639	-313.1982	69.23428	1.991692	0.1792978	0.01588254	0.5748208
6030	-242.6714	-312.0976	69.42622	1.743338	0.1792978	0.03628082	0.4302432
6036	-245.0261	-313.2536	68.22757	2.17975	0.3932443	0.07472066	0.3470349
6042	-247.3035	-315.4714	68.16789	2.261136	0.3580056	0.07472066	0.301816
6048	-246.1165	-314.8769	68.76039	1.914454	0.3665194	0.03307773	0.3600177
6054	-248.599	-318.0425	69.44351	1.566435	0.2228243	0.0146111	0.7469608
6060	-235.947	-305.9318	69.98474	1.366324	0.1071251	0.0146111	0.8155444
6066	-235.2736	-305.0192	69.74555	1.718122	0.1071251	0.02113477	0.6397974
6072	-243.0366	-312.7373	69.70067	1.743645	0.0963489	0.008352565	0.3996516
6078	-242.4053	-312.3374	69.93204	1.743645	0.03251474	0.009169878	0.7761312
6084	-241.9413	-311.1694	69.22814	1.619185	0.2178171	0.006386932	0.8091474
6090	-235.7514	-304.9625	69.21117	1.831463	0.1819936	0.02659995	0.8509113
6096	-243.8311	-313.0072	69.17613	1.934925	0.1819936	0.02659995	0.7606046
6102	-245.3817	-314.7764	69.39471	1.645042	0.1819936	0.04319629	0.7557371
6108	-239.2928	-308.3729	69.08009	1.989955	0.1819936	0.01898662	0.2678092
6114	-254.8836	-324.2117	69.32809	1.450983	0.2605069	0.03907178	0.8352395
6120	-247.1284	-316.33	69.20165	1.860446	0.2122964	0.02951087	0.3603358
6126	-241.3935	-310.7678	69.37436	1.827167	0.1815904	0.02951087	0.4733878
6132	-248.5403	-317.0638	68.52352	1.384128	0.8482315	0.0335182	0.7539
6138	-244.6576	-313.7292	69.07157	2.023808	0.1913225	0.03887078	0.3791173
6144	-251.9862	-320.7378	68.75151	1.766728	0.3040149	0.1005494	0.4023654
6150	-247.1372	-315.9775	68.8403	1.827443	0.3040149	0.07054521	0.4406718
6156	-245.4263	-313.6208	68.19444	1.463666	0.469224	0.1609247	1.01887
6162	-251.9684	-320.7782	68.8098	1.102298	0.469224	0.1609247	0.7143022
6168	-240.2413	-308.6924	68.45116	1.917923	0.469224	0.05145095	0.7143022
6174	-242.9919	-312.6577	69.66576	1.562468	0.1404212	0.05145095	0.4357406
6180	-249.2448	-317.104	67.85923	1.139746	0.5260732	0.1522453	1.514227
6186	-246.16	-315.3816	69.22153	1.943885	0.1693495	0.01536557	0.7604191
6192	-239.2945	-309.055	69.7605	1.620776	0.1129078	0.01412002	0.7369568
6198	-249.8798	-319.6409	69.76104	1.376487	0.1129078	0.02047083	1.029375
6204	-246.276	-315.7115	69.43543	1.062243	0.1129078	0.02047083	1.555829
6210	-249.7822	-319.7576	69.97537	1.300364	0.06253719	0.01830509	1.112284
6216	-248.7241	-317.6238	68.89972	1.436526	0.3117488	0.01743667	1.220366
6222	-246.0333	-313.5719	67.53859	1.754839	1.169052	0.01743667	1.122472
6228	-252.0435	-319.9597	67.91618	1.586179	1.169052	0.01512522	0.9120966
6234	-244.8425	-313.7064	68.86385	1.588398	0.429641	0.01512522	0.87222
6240	-248.0266	-317.2083	69.18171	1.879533	0.226341	0.03058772	0.4520376
6246	-249.4739	-317.1169	67.64297	2.414785	0.8271456	0.01346403	0.4520376
6252	-242.7017	-311.5519	68.85018	2.332184	0.134913	0.0126016	0.2511011
6258	-241.8933	-311.7672	69.87388	1.799921	0.04186035	0.007089024	0.4124063
6264	-242.6694	-312.0915	69.4221	1.459136	0.09530188	0.007089024	1.226217
6270	-239.0735	-308.8565	69.78299	1.157009	0.06920034	0.02541373	1.356519
6276	-252.8395	-320.8826	68.0431	1.385468	0.1758805	0.008386975	2.086784
6282	-236.8421	-306.3449	69.50271	1.530597	0.1758805	0.06391453	0.6097954
6288	-241.6863	-311.095	69.4087	1.275327	0.1758805	0.05120012	1.119986
6294	-249.772	-317.8956	68.12365	1.252376	1.046389	0.02658225	1.135041
6300	-254.9444	-321.8094	66.86508	1.633302	2.646607	0.05683006	0.8117359
6306	-251.636	-319.3306	67.69465	1.747454	1.190288	0.05683006	0.7709454
6312	-255.2511	-322.5986	67.34749	1.590663	0.941327	0.1057985	1.285433
6318	-252.2755	-320.5147	68.2392	1.298335	0.4516304	0.2346314	0.9462796
6324	-253.3359	-321.7897	68.45383	1.191894	0.3616616	0.2587803	0.9462796
6330	-245.5134	-313.9567	68.44326	1.713111	0.4371999	0.1281221	0.4716319
6336	-262.697	-330.0246	67.32764	1.823178	1.621438	0.06682442	0.4145762
6342	-252.2863	-321.5798	69.29345	1.674221	0.2073057	0.04930061	0.6991791
6348	-252.9113	-321.8341	68.92279	2.029423	0.2201879	0.04930061	0.3694565
6354	-249.7885	-318.9422	69.15363	1.846893	0.2201879	0.03818924	0.6717939
6360	-247.3542	-315.8487	68.49446	1.644144	0.3539797	0.05696532	1.173096
6366	-238.5747	-307.1407	68.56603	1.590132	0.4209654	0.1119714	0.7506598
6372	-247.9082	-316.3585	68.4503	1.785657	0.4209654	0.1119714	0.5922442
6378	-239.3903	-309.1832	69.79295	1.463643	0.1344919	0.02684162	0.7830439
6384	-244.5795	-314.0717	69.49215	1.348423	0.1226999	0.09716778	0.9396598
6390	-245.729	-315.4624	69.73333	1.521309	0.07401991	0.1025992	0.6058497
6396	-237.9831	-307.6439	69.66086	1.540018	0.1712035	0.03376171	0.5983987
6402	-239.7584	-309.7717	70.01333	1.512664	0.0666303	0.02244238	0.8254951
6408	-251.6239	-321.7021	70.07818	1.284448	0.05227747	0.02304712	1.073108
6414	-253.6062	-323.7407	70.1345	1.613177	0.05227747	0.01535423	0.5093115
6420	-241.7331	-311.1868	69.45371	1.971295	0.09275523	0.006475748	0.5093115
6426	-242.5071	-312.0573	69.55014	2.072848	0.02139107	0.004455585	0.4223865
6432	-240.7648	-309.6133	68.84857	1.764452	0.2620113	0.106613	0.5430567
6438	-239.4377	-307.7551	68.31735	2.03707	0.3670049	0.1110106	0.448217
6444	-231.0367	-299.7236	68.68692	1.923073	0.3670049	0.05361371	0.4269764
6450	-243.4908	-311.5904	68.09954	1.792881	0.8378139	0.05361371	0.62198
6456	-253.2928	-321.4396	68.14683	1.84869	0.7378082	0.0609323	0.44881
6462	-237.7743	-305.9875	68.2132	1.687631	0.7753392	0.05751428	0.7129538
6468	-233.8388	-302.7154	68.87656	1.624532	0.3550225	0.06872377	0.7129538
6474	-245.7638	-314.3573	68.59345	1.440054	0.6696393	0.06872377	0.6011744
6480	-239.4045	-309.0538	69.64932	1.681434	0.134392	0.03312787	0.6011744
6486	-240.858	-311.0249	70.16691	1.551358	0.04366073	0.02072928	0.718964
6492	-248.8807	-318.0268	69.1461	1.608305	0.337847	0.02628344	0.68739
6498	-248.3835	-317.451	69.06751	1.351424	0.337847	0.04770858	0.9867656
6504	-237.7894	-307.2661	69.47662	1.315683	0.2360108	0.04770858	0.8454662
6510	-240.0975	-310.0726	69.97513	1.635083	0.07506167	0.02682872	0.5818661
6516	-243.0136	-312.0831	69.0695	1.697328	0.325537	0.04035324	0.5711315
6522	-243.4255	-312.3371	68.91158	1.896911	0.325537	0.02940339	0.5996954
6528	-251.9348	-320.9963	69.06154	1.429744	0.325537	0.09598752	0.6062322
6534	-239.0237	-307.9237	68.89997	1.649295	0.3494178	0.07597705	0.5114601
6540	-246.3238	-315.3914	69.06761	1.292068	0.3494178	0.07597705	0.8743689
6546	-239.3814	-308.1232	68.74183	1.326413	0.3930391	0.08287533	1.052774
6552	-245.0149	-314.0048	68.98991	0.9906707	0.1504041	0.0551099	1.71878
6558	-251.5618	-320.9655	69.40364	0.8225203	0.09930571	0.04541458	1.71878
6564	-246.3158	-313.7618	67.44606	1.235491	0.8010743	0.1065748	1.599133
6570	-240.6885	-309.0006	68.3121	1.517262	0.5726131	0.09350067	0.9374662
6576	-241.9595	-311.5016	69.54211	1.446141	0.1570849	0.02869865	0.9915911
6582	-251.9923	-320.4856	68.49328	1.405028	0.7032337	0.05079115	0.8832075
6588	-256.6847	-323.7957	67.11096	1.961841	2.035262	0.02807711	0.4068302
6594	-242.2672	-311.0983	68.83104	1.700089	0.3212312	0.07782287	0.7126141
6600	-242.9283	-312.0694	69.14108	1.33722	0.1548674	0.04938134	1.359149
6606	-244.5293	-312.6597	68.1304	1.602045	0.5954857	0.04938134	1.194923
6612	-237.4455	-305.9569	68.51147	1.756459	0.5954857	0.0425283	0.5991414
6618	-239.9833	-309.296	69.31277	1.067347	0.3097198	0.02495127	1.1767
6624	-254.0182	-321.6262	67.60796	1.570138	1.171225	0.1472386	0.5612044
6630	-253.5519	-321.0543	67.50236	1.55712	1.171225	0.1472386	0.7940242
6636	-245.948	-313.5962	67.64826	1.757978	1.498594	0.03234861	0.5996773
6642	-239.4135	-308.1081	68.69463	1.800947	0.3958059	0.06705144	0.4647536
6648	-249.3487	-317.2641	67.91535	1.211195	1.327905	0.08523593	0.8549724
6654	-253.6446	-322.8072	69.16265	1.295053	0.3339941	0.08523593	0.7311533
6660	-245.1802	-314.106	68.92575	1.60236	0.4228664	0.03380133	0.7311533
6666	-251.4293	-320.1915	68.76228	1.454857	0.3788385	0.07975187	0.9460715
6672	-256.7888	-325.4327	68.64396	1.835404	0.3788385	0.04103757	0.864434
6678	-263.2254	-332.9156	69.69029	1.798273	0.0877529	0.03321258	0.674323
6684	-244.8228	-313.4536	68.63078	2.522039	0.110355	0.006922607	0.2395691
6690	-243.9175	-312.3512	68.43376	2.56189	0.1494801	0.006922607	0.2353129
6696	-246.0673	-314.8512	68.78395	2.305514	0.1494801	0.02852063	0.2353129
6702	-243.0731	-310.4598	67.38667	2.351893	0.613549	0.1059318	0.2353129
6708	-241.9726	-309.9495	67.97696	2.209938	0.3798296	0.1035451	0.2577352
6714	-251.8828	-320.562	68.6792	1.756291	0.3151759	0.1043722	0.3426656
6720	-251.9233	-320.3611	68.43782	2.296527	0.3107662	0.02952312	0.2902389
6726	-250.8339	-318.323	67.48905	2.638593	0.5443053	0.02736813	0.2043631
6732	-245.7475	-312.6115	66.86399	2.79423	0.8356785	0.04541328	0.2043631
6738	-244.8868	-312.7094	67.82259	2.79423	0.2546103	0.04541328	0.2043631
6744	-245.144	-313.038	67.89393	2.41652	0.5598063	0.03966248	0.3683803
6750	-247.6996	-315.2421	67.54246	1.856964	1.067658	0.09966146	0.7027233
6756	-246.3647	-313.2897	66.92505	2.322393	1.067658	0.1297461	0.3111271
6762	-245.8165	-312.9448	67.12828	2.098895	1.361105	0.09573239	0.4990627
6768	-242.5373	-310.9148	68.3775	1.964878	0.4076982	0.09573239	0.472461
6774	-258.7152	-326.0659	67.35071	2.151747	1.009078	0.09573239	0.3777825
6780	-241.4211	-309.0002	67.57916	1.91424	1.009078	0.1062386	0.5160371
6786	-262.1245	-330.3522	68.22765	2.062298	0.3716911	0.1062386	0.3254947
6792	-252.1972	-319.3012	67.10405	2.073469	1.754675	0.04207383	0.6162581
6798	-239.2564	-306.9704	67.71401	1.789795	1.305554	0.04207383	0.6162581
6804	-241.0858	-308.7772	67.69143	1.851812	1.044896	0.08312614	0.4162158
6810	-249.6022	-318.0595	68.45731	1.851812	0.5472255	0.05228448	0.4954601
6816	-257.4248	-326.9035	69.47872	1.337545	0.1363274	0.154167	0.5327328
6822	-256.4743	-324.2176	67.74329	1.745561	0.8601359	0.06318269	1.048551
6828	-254.733	-322.9265	68.19342	1.871422	0.3847046	0.1839052	0.5162631
6834	-258.0772	-326.6068	68.52959	1.692998	0.3847046	0.1329242	0.4138426
6840	-258.2129	-326.1765	67.96361	1.996405	0.8194144	0.04944407	0.4911946
6846	-263.3745	-331.8134	68.43897	1.996242	0.4085425	0.06635573	0.6590034
6852	-248.369	-316.3401	67.97117	1.931176	0.7434446	0.08014815	0.5014429
6858	-243.7503	-312.5182	68.76791	1.931176	0.3257052	0.03645168	0.7513135
6864	-248.8429	-317.6867	68.84379	1.503381	0.3257052	0.03793775	1.126065
6870	-245.7567	-313.6147	67.85806	1.192947	0.5397015	0.2141591	1.305781
6876	-248.2901	-317.1764	68.88629	1.229023	0.3791338	0.04239987	1.21162
6882	-239.4789	-308.2498	68.77086	1.448128	0.4859858	0.0334122	0.9743771
6888	-246.0507	-314.5095	68.45887	1.852266	0.4859858	0.0334122	0.8738763
6894	-244.8176	-314.0706	69.25298	1.854865	0.1884086	0.0334122	0.6885223
6900	-242.4329	-311.8421	69.40919	1.743308	0.1547673	0.05696391	0.5590674
6906	-244.3789	-312.8715	68.49259	1.891526	0.2174011	0.2072867	0.4558385
6912	-248.7597	-317.2823	68.52252	1.686726	0.285211	0.2072867	0.4698489
6918	-249.9924	-318.3621	68.36973	1.113196	0.643098	0.1553888	0.9434136
6924	-242.6502	-311.6324	68.98221	1.119279	0.3823472	0.1107144	0.9186408
6930	-242.1764	-311.033	68.85654	1.113244	0.2074284	0.08272923	1.498174
6936	-235.4718	-304.505	69.03325	1.197933	0.366585	0.08272923	0.9429629
6942	-243.261	-312.3384	69.07744	1.429741	0.366585	0.05225655	0.7896261
6948	-237.9533	-306.9385	68.98524	1.676322	0.2534276	0.01961005	1.05588
6954	-242.038	-310.4399	68.40194	1.676322	0.3027322	0.009557858	1.403223
6960	-249.2998	-317.3004	68.00059	1.070072	0.5294677	0.009619959	1.822808
6966	-249.8074	-318.5204	68.71298	0.7598521	0.2294725	0.07864972	1.822808
6972	-241.0892	-309.0329	67.9437	0.9839123	0.2294725	0.01678516	2.355951
6978	-238.1976	-306.4408	68.24311	1.021161	0.1931445	0.04449395	2.144423
6984	-242.5671	-310.9442	68.37703	1.244835	0.4131268	0.03555316	1.572142
6990	-245.5225	-314.5553	69.03285	1.105352	0.1767837	0.03423974	1.616505
6996	-244.6526	-314.3304	69.67782	1.367616	0.1377069	0.0131918	1.014654
7002	-249.922	-318.3968	68.4748	0.8232134	0.4739526	0.09219188	1.530091
7008	-259.5006	-327.5843	68.08374	1.008659	0.7296345	0.1260169	1.292005
7014	-246.6986	-314.7703	68.0717	1.756655	0.7110792	0.0849098	0.7480595
7020	-245.6313	-313.8897	68.25842	1.919595	0.5302995	0.0849098	0.4762788
7026	-248.5275	-316.9132	68.38569	1.928108	0.4858328	0.06922318	0.4287959
7032	-242.9757	-311.7053	68.72953	1.59563	0.3581355	0.06533945	0.9487085
7038	-247.9445	-316.7318	68.78735	1.686303	0.3581355	0.06533945	0.7703055
7044	-255.2118	-323.6844	68.47258	1.785932	0.5631234	0.05668294	0.547387
7050	-246.9779	-316.1522	69.17422	1.329112	0.331665	0.08810136	0.6300011
7056	-247.6731	-316.7553	69.08223	1.572558	0.2427962	0.09331329	0.70795
7062	-256.2562	-324.9739	68.7177	1.535034	0.4635533	0.09331329	0.4940929
7068	-252.0863	-320.2768	68.19048	1.892898	0.5905462	0.0806942	0.4002733
7074	-260.896	-329.1813	68.28536	2.368081	0.2991052	0.05977146	0.3204435
7080	-254.0582	-322.6252	68.567	2.168032	0.2750759	0.05977146	0.3441777
7086	-252.9608	-321.1261	68.16529	2.217907	0.4566693	0.05977146	0.6511615
7092	-247.2642	-315.191	67.92683	1.89791	0.8209057	0.051647	0.7900846
7098	-247.9109	-316.1021	68.19123	1.420246	0.8209057	0.09542387	0.7995952
7104	-257.0665	-324.422	67.35545	1.201843	0.8705833	0.1649691	1.472
7110	-251.7998	-320.7694	68.96965	1.481753	0.4115238	0.03004194	0.8821846
7116	-261.3212	-329.9748	68.65361	1.09436	0.3656838	0.03004194	1.565867
7122	-250.2189	-319.4488	69.22992	1.21928	0.2664919	0.03502949	1.17126
7128	-252.568	-322.309	69.741	1.581822	0.1259171	0.0144962	0.7506942
7134	-248.8453	-318.131	69.28568	1.804936	0.1496913	0.0144962	0.93074
7140	-249.5217	-318.3215	68.79976	1.884528	0.2360076	0.01976902	1.077781
7146	-244.7131	-313.4225	68.70939	1.615237	0.4277754	0.08175246	0.6631455
7152	-245.5473	-313.677	68.12963	1.287646	0.8616853	0.1334546	0.7933312
7158	-251.9824	-319.2003	67.21791	1.082235	1.301277	0.1334546	1.441409
7164	-244.1866	-312.5136	68.32699	1.190422	0.4497069	0.04746344	1.556799
7170	-244.041	-313.1855	69.14444	1.777311	0.217101	0.04746344	0.74302
7176	-247.9036	-316.7666	68.86297	1.554544	0.217101	0.04746344	1.258688
7182	-254.9036	-323.3662	68.46259	1.846721	0.4033047	0.1058257	0.5130974
7188	-248.1257	-315.8314	67.70564	2.076989	0.7488368	0.1058257	0.4802588
7194	-245.7124	-313.9881	68.27574	1.844957	0.5741817	0.07483688	0.6490924
7200	-238.1419	-306.7452	68.60322	1.500751	0.5741817	0.05926761	0.7989654
7206	-233.711	-303.1522	69.44116	1.214437	0.2248293	0.05926761	0.9678906
7212	-240.3091	-309.4434	69.13428	1.245155	0.2761765	0.06707245	1.069775
7218	-247.0356	-316.2123	69.17665	1.202792	0.2761765	0.06707245	1.069775
7224	-248.3059	-317.2305	68.92459	1.382568	0.3866815	0.02842425	1.08497
7230	-245.5902	-315.7479	70.15767	1.103778	0.07143328	0.0416863	1.004833
7236	-244.9711	-314.3598	69.38868	1.45977	0.09083962	0.03203686	1.329596
7242	-254.2722	-324.3779	70.10569	1.248974	0.1351102	0.02021556	0.64239
7248	-247.5065	-317.1031	69.59655	1.214053	0.07261618	0.02987509	1.431817
7254	-255.2137	-324.2831	69.06935	1.547649	0.1759065	0.1336989	0.8113574
7260	-247.9086	-317.0879	69.17926	1.449365	0.3676619	0.03012485	0.7655433
7266	-259.077	-327.6852	68.60814	1.652324	0.3676619	0.04528066	1.091047
7272	-245.2504	-314.7279	69.47755	1.533331	0.1542904	0.04528066	0.8955402
7278	-243.9788	-313.5805	69.60172	1.276848	0.1282505	0.1028104	0.8448917
7284	-247.9351	-317.6976	69.76256	1.553262	0.1282505	0.03515159	0.6689778
7290	-251.8996	-321.745	69.8454	1.255055	0.08991251	0.03450709	1.109721
7296	-254.4906	-323.675	69.18446	1.987372	0.1275558	0.07053219	0.4080286
7302	-245.4053	-314.8463	69.44102	1.838121	0.1017299	0.07053219	0.4173498
7308	-251.3792	-319.4835	68.1043	2.377205	0.1734784	0.07053219	0.1408459
7314	-243.7388	-311.9956	68.25678	2.377205	0.1298101	0.07053219	0.1408459
7320	-240.9987	-309.5567	68.55797	2.192768	0.3622732	0.0274977	0.4547994
7326	-248.225	-315.9602	67.73517	2.068211	0.8673915	0.05538794	0.7153294
7332	-245.0278	-314.4368	69.40906	1.400744	0.1639925	0.04407148	1.073018
7338	-240.708	-310.4094	69.70141	1.393776	0.1507734	0.04407148	0.8160184
7344	-235.1437	-304.1929	69.04926	1.659276	0.3101729	0.0211905	0.8596346
7350	-259.9104	-328.6533	68.74284	1.811203	0.2406423	0.0211905	1.181746
7356	-249.2357	-318.0657	68.83007	1.64462	0.4581417	0.02369933	0.7734764
7362	-242.7488	-311.4322	68.68332	1.950376	0.3153212	0.07203582	0.4366087
7368	-238.7649	-306.8259	68.06097	1.942682	0.6162018	0.09338009	0.4366087
7374	-241.8434	-310.9986	69.15516	1.551439	0.3061156	0.04131496	0.7704678
7380	-243.8542	-312.3543	68.50005	1.962319	0.3938838	0.07250987	0.4225552
7386	-243.5792	-311.5893	68.01011	2.246734	0.4928678	0.07969569	0.5617676
7392	-252.7441	-320.6153	67.87122	2.315581	0.7027683	0.02869699	0.4198669
7398	-250.8602	-317.4774	66.61718	2.083502	2.008722	0.1161416	0.4576951
7404	-239.6203	-308.603	68.98272	1.654563	0.2767024	0.07045606	0.7632871
7410	-240.0468	-309.3099	69.26302	1.433917	0.2725694	0.0665942	0.7155739
7416	-243.5402	-311.7011	68.16092	1.451682	0.8774034	0.0665942	0.8826726
7422	-251.2403	-319.2053	67.96502	1.825606	0.8774034	0.05483917	0.7225737
7428	-242.91	-310.7447	67.83469	1.753973	1.119641	0.06074169	0.4459441
7434	-254.0123	-323.2962	69.28399	1.678057	0.2179014	0.0377215	0.7513657
7440	-250.3571	-320.1198	69.76269	1.797276	0.09200593	0.0191229	0.4600399
7446	-242.2172	-311.6168	69.3996	2.06591	0.09200593	0.01727228	0.3103259
7452	-248.8527	-317.9984	69.14572	2.385683	0.09200593	0.01910009	0.3840232
7458	-248.1294	-317.419	69.28957	2.214268	0.1028559	0.01910009	0.4236983
7464	-248.9658	-318.0079	69.04209	2.321737	0.1374171	0.01506777	0.4236983
7470	-251.2981	-319.427	68.12896	2.036436	0.745836	0.01506777	0.5286087
7476	-241.0289	-310.2087	69.17978	1.764135	0.2629567	0.0319216	0.4077051
7482	-244.7404	-313.7931	69.0527	1.883792	0.2745233	0.02031552	0.6447277
7488	-238.0364	-307.4291	69.39267	1.353028	0.2745233	0.03866909	0.835485
7494	-244.5328	-314.3986	69.86581	1.319748	0.1323029	0.03866909	0.8197939
7500	-236.8118	-306.3629	69.55108	1.232196	0.130252	0.03866909	1.226015
7506	-236.6365	-306.2025	69.56598	1.676513	0.1738534	0.01916949	0.5864166
7512	-239.9991	-308.8539	68.8548	1.823508	0.3950171	0.01916949	0.6365741
7518	-241.2192	-308.9822	67.763	2.33974	0.6846412	0.03720492	0.3214733
7524	-249.0702	-317.9388	68.86865	2.22143	0.1343523	0.03618283	0.2265052
7530	-249.3122	-318.84	69.52778	1.778827	0.1343523	0.03351779	0.370693
7536	-242.9363	-312.6221	69.68587	1.596677	0.1343523	0.03351779	0.7020126
7542	-251.5308	-320.6905	69.15966	1.608553	0.06776912	0.01118367	1.481373
7548	-248.5143	-317.5644	69.05004	0.9268811	0.1614725	0.03482061	1.764884
7554	-241.0639	-310.5505	69.48668	1.544617	0.1777465	0.06482848	0.5837612
7560	-236.6896	-305.8707	69.18109	1.756755	0.1884665	0.07736055	0.5837612
7566	-238.3463	-308.369	70.02265	1.417833	0.1136818	0.02718445	0.5837612
7572	-231.8686	-301.9171	70.04851	1.190658	0.09914872	0.01749585	0.9863279
7578	-231.239	-301.3697	70.13073	1.57185	0.02356467	0.006213568	0.6388634
7584	-237.3736	-307.6241	70.25053	1.482008	0.03124272	0.03704963	0.6919818
7590	-249.7656	-319.0961	69.3305	1.351863	0.2486009	0.01117201	1.019029
7596	-243.5018	-313.618	70.11621	1.327025	0.07524925	0.01117201	0.8457278
7602	-243.0264	-313.0572	70.03089	1.733719	0.04802876	0.01776682	0.5673869
7608	-235.8876	-305.8063	69.91873	1.649862	0.08460875	0.01962057	0.626176
7614	-236.9975	-306.4669	69.46939	1.932468	0.1318093	0.01890067	0.5137769
7620	-235.2244	-304.6724	69.44802	1.353345	0.09912661	0.01890067	1.369426
7626	-232.8287	-302.4175	69.5888	1.920284	0.09912661	0.01890067	0.616622
7632	-238.6754	-307.0988	68.4234	2.073626	0.477354	0.01061182	0.6231474
7638	-235.8271	-304.6572	68.83009	1.031601	0.477354	0.09850398	1.037367
7644	-233.5975	-302.2467	68.64924	1.517837	0.477354	0.09850398	0.6540259
7650	-244.0527	-312.623	68.57034	1.695987	0.43911	0.09850398	0.5636108
7656	-237.9736	-306.0758	68.10218	1.866517	0.43911	0.1816432	0.4790314
7662	-242.6889	-311.5752	68.88633	1.815066	0.2391491	0.100206	0.4719749
7668	-238.6322	-306.9981	68.36593	1.283129	0.717196	0.1289261	0.7318544
7674	-241.262	-310.6579	69.39593	0.6740226	0.2199598	0.05945782	1.479112
7680	-249.561	-319.1974	69.63637	1.005779	0.1817305	0.0637208	1.084323
7686	-257.5061	-326.991	69.48486	1.462653	0.1817305	0.05386703	0.8105735
7692	-240.0676	-309.5565	69.48896	1.497244	0.2103176	0.03109383	0.7909819
7698	-239.0169	-307.5922	68.57532	1.145725	0.5210821	0.1544729	0.8845289
7704	-243.5649	-312.4111	68.84624	1.62796	0.2741432	0.07910465	0.922206
7710	-255.3991	-324.3955	68.99642	1.027278	0.216319	0.07452321	1.466801
7716	-254.9655	-324.2562	69.2907	0.7234841	0.216319	0.07452321	1.474007
7722	-249.254	-318.8414	69.58732	0.9369012	0.1471248	0.05631388	1.31635
7728	-249.8706	-318.4128	68.54222	1.357614	0.4600479	0.02959269	1.313942
7734	-245.9442	-315.8804	69.93621	1.499407	0.09528961	0.02635532	0.7538194
7740	-248.4786	-318.4819	70.00326	1.420816	0.08380591	0.02635532	0.8379133
7746	-247.9719	-317.0072	69.03525	1.077383	0.2697618	0.07742863	1.273811
7752	-258.5665	-326.8901	68.32365	1.535996	0.6081497	0.1238027	0.6541085
7758	-250.7212	-319.2955	68.57431	1.60194	0.3601471	0.1238027	0.8226891
7764	-249.1346	-318.022	68.88735	1.925074	0.2593618	0.05869933	0.3888208
7770	-244.577	-312.3189	67.7419	1.85261	1.010531	0.05869933	0.7791182
7776	-251.7193	-319.8954	68.1761	1.845426	0.5245386	0.123819	0.4546117
7782	-263.1087	-331.1409	68.03228	1.493932	0.6860211	0.1277439	0.9419641
7788	-267.0587	-334.9095	67.85083	1.241484	0.8301303	0.1277439	1.185088
7794	-255.4899	-324.3168	68.82688	1.557706	0.2924963	0.1277439	0.71696
7800	-244.6074	-313.966	69.35857	1.267755	0.2382762	0.05159439	0.9991478
7806	-241.2837	-310.9224	69.6387	1.28439	0.1416741	0.05159439	1.002072
7812	-247.6063	-316.8618	69.25548	1.202919	0.1416741	0.05159439	1.402514
7818	-248.9423	-318.9833	70.041	1.410577	0.1029311	0.02569932	0.6767474
7824	-247.159	-316.8043	69.64529	1.410577	0.1029311	0.03943329	1.077629
7830	-256.7962	-326.8748	70.07853	1.250877	0.1029311	0.03943329	0.7778973
7836	-260.7481	-330.8473	70.09924	1.233721	0.1215039	0.03698887	0.6692955
7842	-252.5112	-322.6332	70.12202	1.447763	0.06842939	0.03562473	0.6692955
7848	-252.9552	-323.234	70.27879	1.246422	0.08168695	0.03698339	0.614677
7854	-241.9137	-311.3923	69.47851	1.532982	0.1575115	0.04753248	0.8690526
7860	-251.2804	-320.0137	68.73336	1.33963	0.411165	0.1524016	0.665614
7866	-249.5905	-318.6537	69.06317	1.287012	0.4400286	0.05137804	0.8167077
7872	-248.4051	-316.9396	68.5345	1.624947	0.6015269	0.04644281	0.7545156
7878	-244.6157	-312.8324	68.21672	1.393803	0.6015269	0.05158991	1.280542
7884	-247.8352	-316.747	68.91182	1.047793	0.1231912	0.02633312	1.89596
7890	-253.4938	-322.9559	69.46206	1.155801	0.1231912	0.02633312	1.423549
7896	-251.3797	-320.8581	69.47839	1.155801	0.1231912	0.01768272	1.423549
7902	-251.2206	-321.1452	69.92462	1.274017	0.09659922	0.01768272	1.037294
7908	-249.952	-318.6118	68.65982	1.334418	0.4900609	0.02495555	1.206965
7914	-243.3107	-312.6742	69.36355	1.334418	0.2133547	0.05348169	0.9872926
7920	-248.5375	-315.7101	67.17264	1.229194	1.538233	0.1666856	1.111355
7926	-246.4843	-314.0969	67.61261	1.163586	1.538233	0.07686565	1.091291
7932	-246.8806	-315.3094	68.42884	1.261602	0.6730804	0.06223966	1.078293
7938	-242.5507	-310.255	67.70435	1.491826	1.191361	0.05000004	1.078293
7944	-244.7292	-313.4301	68.70097	1.65853	0.5221446	0.05000004	0.5189631
7950	-250.8149	-319.229	68.41409	1.898207	0.5221446	0.02742936	0.8305023
7956	-238.448	-307.7383	69.29035	1.98489	0.166231	0.01490614	0.4828973
7962	-241.5875	-311.062	69.47445	1.77594	0.166231	0.02890115	0.5502766
7968	-237.3185	-306.3559	69.03743	2.127301	0.166231	0.03900512	0.3646407
7974	-240.6305	-308.8764	68.24593	2.164196	0.4692304	0.04585493	0.347405
7980	-243.5485	-312.0153	68.46684	1.866351	0.5212473	0.04585493	0.6737271
7986	-253.8058	-321.2922	67.48643	2.0874	1.238307	0.04291373	0.4501248
7992	-240.1227	-308.3521	68.2294	2.566462	0.1876778	0.04291373	0.1968351
7998	-244.0473	-311.5661	67.51876	2.815677	0.3158654	0.04936056	0.170114
8004	-243.6128	-312.5137	68.90092	1.998492	0.2598566	0.03100129	0.7207501
8010	-240.7418	-309.5277	68.78595	1.929904	0.347944	0.03311674	0.3633684
8016	-246.6656	-314.0223	67.35671	2.072393	1.432136	0.03311674	0.3701602
8022	-250.6124	-318.0252	67.41287	2.153743	1.196426	0.04445312	0.3701602
8028	-246.8	-315.5819	68.78191	1.752329	0.2261075	0.1295849	0.3194421
8034	-255.8061	-324.829	69.02289	1.53607	0.2768976	0.05904518	0.9273698
8040	-245.575	-315.439	69.86396	0.9786137	0.1942558	0.06077701	0.8505094
8046	-248.0758	-317.312	69.23624	1.43937	0.1942558	0.06077701	1.029478
8052	-248.3557	-317.7224	69.36673	1.915391	0.1619785	0.02356418	0.5532282
8058	-245.3137	-314.9419	69.62818	1.816077	0.1197238	0.01968398	0.5444606
8064	-246.9743	-316.2322	69.25784	2.044699	0.1197238	0.05362169	0.5311778
8070	-235.7015	-304.3809	68.67943	2.068933	0.2992109	0.05362169	0.4038722
8076	-238.6949	-307.221	68.52606	2.010949	0.3429084	0.05362169	0.2830453
8082	-239.7959	-307.6149	67.81893	2.493401	0.3429084	0.04663945	0.17636
8088	-246.4909	-314.3976	67.90666	2.283047	0.5016159	0.0710529	0.308233
8094	-245.2968	-314.225	68.92822	1.844181	0.3154805	0.04525638	0.5309858
8100	-243.1563	-312.305	69.14876	1.756574	0.2974461	0.02497502	0.5179792
8106	-240.8623	-309.7469	68.88458	1.788727	0.2974461	0.0640576	0.6727462
8112	-243.6747	-312.5542	68.87946	1.826022	0.2648762	0.0640576	0.3119305
8118	-234.7555	-304.0307	69.2752	1.669728	0.2648762	0.02089919	0.6752198
8124	-245.9775	-315.1468	69.16927	1.720706	0.2648762	0.04501642	0.5570724
8130	-247.4496	-317.1821	69.73245	1.304279	0.1368565	0.07196113	0.7765463
8136	-243.8223	-312.751	68.92872	1.664064	0.403097	0.04505339	0.4832671
8142	-247.7207	-315.7033	67.98258	1.745053	0.7637566	0.1149295	0.4858283
8148	-248.6805	-316.8815	68.20103	1.792598	0.535021	0.1277262	0.4817995
8154	-246.665	-314.2501	67.58508	1.514054	0.914623	0.2070094	0.8173853
8160	-247.8275	-315.1009	67.27344	1.887179	0.9444915	0.2070094	0.6756484
8166	-253.4216	-321.1758	67.75423	1.829951	0.6304628	0.1895556	0.3494952
8172	-259.672	-328.1101	68.43806	1.657075	0.3556653	0.1895556	0.5801836
8178	-259.6955	-327.5122	67.81664	1.97483	0.5294513	0.1895556	0.4846697
8184	-252.6505	-320.3505	67.70001	1.574248	0.6890062	0.2807321	0.6524469
8190	-249.4294	-319.0759	69.64651	1.070752	0.1385528	0.08783248	1.045119
8196	-254.1858	-322.4177	68.2319	1.201274	0.6374694	0.05471643	1.369384
8202	-254.8171	-322.8057	67.98859	1.334472	0.6374694	0.06029299	1.433425
8208	-246.4829	-315.6739	69.19101	1.102028	0.2944543	0.0417675	1.219175
8214	-253.0301	-321.9668	68.93672	1.374298	0.2944543	0.03807988	1.219175
8220	-251.1869	-320.8132	69.62637	1.553707	0.1627407	0.03917217	0.6560549
8226	-243.5091	-312.8354	69.32639	1.451153	0.2448424	0.04003797	0.8802124
8232	-245.6917	-314.8396	69.14791	1.657923	0.1933893	0.09115484	0.7061508
8238	-249.7386	-319.3897	69.65105	1.716148	0.1390875	0.0232383	0.5248317
8244	-242.4955	-312.0496	69.55412	1.454246	0.1496746	0.0744409	0.732996
8250	-240.955	-309.8928	68.9378	1.463651	0.2457799	0.0744409	1.088596
8256	-251.0898	-320.1092	69.01946	1.630511	0.2457799	0.07545211	0.8207356
8262	-240.1657	-309.6038	69.43803	1.411621	0.2457799	0.03382019	0.8256346
8268	-240.2638	-309.513	69.24917	2.085335	0.1277926	0.01480441	0.7232222
8274	-237.1456	-306.8545	69.70883	1.412652	0.1277926	0.0671882	0.7351764
8280	-249.1702	-319.424	70.25381	1.275015	0.09167004	0.01883476	0.6467081
8286	-243.0538	-313.0742	70.02037	1.750377	0.04159869	0.01883476	0.6425881
8292	-245.0861	-314.9636	69.87743	1.81109	0.04122381	0.007758616	0.6234092
8298	-240.4395	-309.7976	69.35807	2.015936	0.1241786	0.01129813	0.6281881
8304	-237.3618	-307.3002	69.93834	1.560207	0.05450876	0.01129813	0.9006985
8310	-244.4996	-313.5738	69.07425	1.55912	0.1657543	0.01129813	1.280153
8316	-240.5516	-309.6848	69.13321	2.081657	0.1657543	0.02726508	0.3605656
8322	-240.5791	-309.2794	68.70025	1.269675	0.3902807	0.02726508	1.368197
8328	-236.8377	-305.471	68.63335	1.649115	0.3902807	0.03641477	1.068847
8334	-234.9368	-303.0912	68.15433	1.708089	0.8691342	0.0298044	0.806598
8340	-238.6849	-307.8232	69.13831	1.283464	0.3061984	0.07564883	0.9136222
8346	-237.7062	-307.1677	69.46151	1.226995	0.2539259	0.07564883	0.7356021
8352	-235.6874	-304.7984	69.11094	1.577572	0.2539259	0.07564883	0.7356021
8358	-237.1827	-306.3632	69.18042	1.679478	0.2539259	0.05774698	0.4866091
8364	-236.1456	-305.6736	69.52804	1.668334	0.1640702	0.04056548	0.5847539
8370	-244.0857	-312.9218	68.83607	1.83918	0.3847776	0.0354379	0.5175058
8376	-245.2747	-313.8459	68.57116	1.902007	0.3626767	0.08647435	0.5175058
8382	-249.6372	-317.6411	68.00394	1.662003	0.9240026	0.08647435	0.4854247
8388	-242.8063	-311.3834	68.57713	1.535433	0.4349185	0.1108146	0.7831316
8394	-245.7376	-314.293	68.55548	1.54196	0.4349185	0.1354133	0.6496105
8400	-255.2458	-322.0501	66.80422	2.050017	1.846283	0.1026804	0.4601264
8406	-246.4651	-315.1417	68.67659	1.838332	0.3093489	0.1026804	0.546404
8412	-242.5488	-311.3665	68.81766	2.065722	0.1987593	0.08380202	0.5575363
8418	-244.2492	-313.0586	68.80947	2.077292	0.1987593	0.08380202	0.4636809
8424	-243.8989	-311.9823	68.08342	1.909721	0.60069	0.03481721	1.014766
8430	-244.6691	-313.2496	68.58046	1.433279	0.3145883	0.04380566	1.399513
8436	-246.2343	-314.4353	68.20097	1.395583	0.3664827	0.04380566	1.627988
8442	-245.6673	-314.2814	68.61407	1.328525	0.3664827	0.1339611	1.022484
8448	-248.9878	-318.053	69.0652	1.687188	0.1662629	0.08440294	0.9272146
8454	-242.7394	-312.2402	69.50083	1.802878	0.1488874	0.02081015	0.6433779
8460	-242.1032	-311.5166	69.41332	1.987837	0.1282357	0.02196854	0.4309036
8466	-243.458	-313.4514	69.99337	1.721354	0.05863188	0.02132772	0.466225
8472	-239.6559	-309.2083	69.55241	1.731207	0.1525755	0.03273019	0.530109
8478	-240.7454	-310.5526	69.80727	1.763759	0.08187588	0.02780274	0.5952842
8484	-249.1307	-318.7271	69.59635	1.737437	0.1387197	0.01151865	0.5952842
8490	-247.0794	-317.2982	70.2188	1.403507	0.0340494	0.01151865	0.8768617
8496	-248.2253	-318.7353	70.50996	0.9222539	0.0340494	0.008470796	1.027412
8502	-248.4952	-317.3939	68.89871	1.414955	0.1817517	0.03409256	1.475613
8508	-235.2229	-305.1564	69.93351	1.043661	0.07806452	0.03651008	1.25511
8514	-247.6894	-317.4405	69.75111	0.8840827	0.07806452	0.09076827	1.321501
8520	-242.5727	-312.2374	69.66466	1.074136	0.07806452	0.01927106	1.489482
8526	-242.8196	-312.5806	69.761	1.436116	0.1565922	0.02685922	0.7554433
8532	-233.8217	-303.1906	69.36895	1.247356	0.2218587	0.06278668	0.9986758
8538	-249.4092	-317.7479	68.3387	1.392818	0.4692495	0.02591109	1.444228
8544	-237.1687	-305.5261	68.35742	1.259841	0.4764292	0.08227393	1.314648
8550	-243.7247	-312.8877	69.16304	1.083968	0.1887683	0.04645004	1.464048
8556	-239.044	-308.2063	69.16234	1.123466	0.3452347	0.04765223	1.099767
8562	-249.4409	-317.3871	67.9462	1.074837	0.8376078	0.06698645	1.446945
8568	-242.7784	-311.795	69.01669	0.9081654	0.277263	0.06698645	1.446945
8574	-239.5169	-307.8115	68.2946	1.57231	0.7134722	0.06698645	0.8072809
8580	-241.9228	-311.2598	69.33694	1.494258	0.2567998	0.04700847	0.7201147
8586	-244.0288	-312.6894	68.66061	1.693771	0.3225914	0.1023242	0.8082778
8592	-244.9292	-313.3358	68.40667	1.527688	0.8549111	0.03133101	0.715347
8598	-251.9069	-321.3617	69.45475	1.44747	0.1420298	0.01879043	1.145937
8604	-249.0653	-318.4707	69.40543	1.651219	0.1461169	0.02611951	0.970486
8610	-245.544	-315.1727	69.6287	1.653143	0.1461169	0.02863115	0.6620921
8616	-249.2512	-318.1072	68.856	1.88652	0.2558828	0.02729667	0.9494416
8622	-243.8722	-312.3046	68.4324	1.338545	0.2558828	0.02729667	1.737351
8628	-246.9813	-315.6714	68.69008	1.652076	0.3436893	0.1225503	0.6093196
8634	-247.2381	-316.2404	69.00235	1.646158	0.3241084	0.05029163	0.7294235
8640	-241.7071	-311.4904	69.78331	1.403566	0.1005223	0.01852258	1.032611
8646	-245.909	-315.8206	69.91164	1.497117	0.1005223	0.01026439	0.7213809
8652	-243.4509	-313.3623	69.91133	1.389246	0.1005223	0.02519445	0.9015409
8658	-236.7055	-306.0506	69.34512	1.178389	0.114533	0.02719904	1.518516
8664	-243.6542	-313.3472	69.69303	0.9356115	0.114533	0.03014082	1.430281
8670	-242.4	-311.8302	69.4302	1.146988	0.1321075	0.02887197	1.42151
8676	-240.9661	-310.6979	69.73178	1.645958	0.1310877	0.02887197	0.5271923
8682	-247.5007	-315.2392	67.73848	1.55159	1.36416	0.07958509	0.5606207
8688	-244.7064	-312.0837	67.37725	2.011831	0.8072514	0.1824887	0.3607687
8694	-244.5372	-312.1807	67.64346	2.029186	0.8072514	0.1138589	0.4407078
8700	-243.506	-311.6249	68.11885	2.064309	0.5621995	0.07253831	0.4580988
8706	-244.5896	-313.2636	68.67401	2.066934	0.2443384	0.07253831	0.3329971
8712	-246.1446	-315.435	69.29036	1.857951	0.183688	0.02865977	0.678009
8718	-242.8671	-312.6444	69.77734	1.740008	0.09756925	0.01216685	0.5248021
8724	-241.8052	-311.3595	69.55434	2.122287	0.041338	0.01586618	0.288303
8730	-242.2568	-311.6169	69.36004	2.219834	0.05217857	0.03509549	0.2936709
8736	-241.3849	-310.2024	68.81744	1.990501	0.315828	0.03509549	0.4184683
8742	-233.9703	-302.9079	68.93753	1.900164	0.315828	0.03179461	0.5038104
8748	-247.07	-315.1913	68.12133	2.216021	0.4619782	0.07057481	0.4020373
8754	-241.7146	-311.6756	69.96103	1.243651	0.01674205	0.01632483	1.330177
8760	-247.1602	-316.6152	69.45498	1.324679	0.1416891	0.03166555	1.220765
8766	-245.4758	-315.768	70.29221	1.268886	0.02615614	0.03757748	0.9389133
8772	-239.0185	-309.4361	70.41758	1.377417	0.02615614	0.01746561	0.7244318
8778	-239.3341	-309.2762	69.94214	1.254832	0.03959613	0.01746561	1.2781
8784	-244.2979	-313.3425	69.04459	1.785808	0.2356309	0.00836316	0.8463013
8790	-257.3824	-326.8891	69.50663	2.016179	0.08120905	0.01434605	0.7302596
8796	-248.5277	-318.42	69.89227	1.331047	0.08120905	0.02770622	1.058751
8802	-237.724	-307.7327	70.00877	1.601009	0.06503517	0.01837662	0.7254975
8808	-247.0857	-317.1126	70.02685	1.707142	0.04055277	0.0109826	0.6624702
8814	-246.3451	-316.3582	70.01307	1.695506	0.03368204	0.008184926	0.6812436
8820	-248.2182	-318.2126	69.99435	1.443735	0.04052553	0.009084098	1.003988
8826	-240.8034	-310.4911	69.68776	1.53423	0.09228986	0.009084098	0.9716115
8832	-244.5575	-313.0365	68.47899	1.313065	0.4096543	0.03110153	1.465015
8838	-252.0526	-319.3685	67.31592	1.14451	0.7787123	0.09119656	1.820676
8844	-252.823	-320.5789	67.75582	1.130316	0.7839805	0.09396629	1.502587
8850	-250.1959	-318.7845	68.5887	1.172562	0.3057816	0.04932547	1.583845
8856	-249.2131	-317.1775	67.9644	1.480782	0.6633985	0.05119702	1.345669
8862	-257.7317	-326.2455	68.51373	1.369225	0.6633985	0.05119702	0.9556668
8868	-251.3023	-320.1687	68.8664	1.330778	0.2274088	0.1119556	1.169455
8874	-247.418	-316.171	68.75302	1.250009	0.4368982	0.1386287	0.7815969
8880	-250.535	-319.5293	68.99423	0.9923155	0.2723925	0.07614342	1.374694
8886	-253.992	-323.3431	69.35119	0.7021197	0.2051103	0.05109747	1.554608
8892	-243.4363	-311.3873	67.95101	0.8780521	0.4033498	0.05109747	2.079352
8898	-242.4499	-311.0912	68.64127	0.8660766	0.4033498	0.06940455	1.547304
8904	-235.1008	-304.6841	69.58336	1.314145	0.2174549	0.04496274	0.7942094
8910	-239.4816	-308.7393	69.25774	1.277291	0.1814876	0.01837709	1.342025
8916	-250.5731	-320.3626	69.78945	1.323111	0.09565492	0.07034405	0.8961355
8922	-245.5452	-314.1005	68.55534	1.623493	0.5462858	0.07034405	0.6612655
8928	-243.2774	-311.7182	68.44079	1.750276	0.5462858	0.07034405	0.6344341
8934	-243.6047	-312.0525	68.44781	1.660761	0.5462858	0.07034405	0.777101
8940	-243.4438	-312.9682	69.52438	1.423019	0.2013069	0.04294405	0.8037515
8946	-243.1458	-312.5682	69.42239	1.664574	0.1826867	0.01582233	0.8109934
8952	-238.6035	-308.8706	70.26711	1.432779	0.03018626	0.01711971	0.8354962
8958	-235.4384	-305.3833	69.94493	1.595049	0.03018626	0.00470562	0.7388164
8964	-243.2183	-313.1739	69.95565	1.246816	0.0186751	0.004576163	1.131483
8970	-252.25	-321.5392	69.28921	1.355565	0.1269134	0.05380535	1.288939
8976	-246.0648	-314.8994	68.83459	1.270585	0.1269134	0.1388204	1.425149
8982	-255.506	-324.0239	68.51795	1.400061	0.4366314	0.03925471	1.297498
8988	-243.3804	-311.7975	68.41712	1.000197	0.4366314	0.03745205	1.681949
8994	-246.6929	-316.0306	69.33768	1.323745	0.1787495	0.03745205	1.191864
9000	-246.0778	-313.4651	67.38727	1.786324	1.553853	0.03745205	0.8706495
9006	-244.205	-312.4307	68.22569	2.055056	0.5403224	0.05993902	0.5228944
9012	-245.4298	-313.858	68.42815	2.420866	0.2555187	0.02092968	0.262291
9018	-236.7719	-305.9353	69.16338	1.94538	0.2023623	0.03515829	0.4474643
9024	-243.6654	-312.7774	69.11197	2.032416	0.1658181	0.0520679	0.4716382
9030	-248.7864	-317.8974	69.11106	1.772372	0.140191	0.06185969	0.9959971
9036	-248.9301	-317.6419	68.71177	1.828643	0.4274208	0.03655204	0.6729209
9042	-240.5673	-309.6513	69.08404	1.557294	0.3364783	0.03655204	0.798855
9048	-252.366	-321.536	69.17002	1.559271	0.3364783	0.03655204	0.6575489
9054	-251.9513	-320.4949	68.54363	1.394489	0.3364783	0.09429574	1.227083
9060	-243.8198	-312.9222	69.10243	1.494572	0.2110967	0.09429574	0.8970449
9066	-254.0325	-322.999	68.9665	1.128131	0.2110967	0.2368943	0.9181062
9072	-251.8857	-320.2874	68.40167	1.484914	0.3115596	0.2368943	0.8624274
9078	-248.2383	-316.2328	67.99451	1.548837	0.2650865	0.349904	1.057076
9084	-239.1169	-306.4682	67.35128	1.860453	1.373388	0.08316084	0.6964059
9090	-243.7042	-311.9796	68.27544	1.860453	0.6957614	0.04008334	0.6149553
9096	-246.9889	-315.8989	68.91008	1.570343	0.2676551	0.1316125	0.6165373
9102	-251.4787	-320.2739	68.79515	1.653313	0.385628	0.07233627	0.365521
9108	-255.8808	-324.843	68.9622	1.80943	0.2472121	0.06778383	0.688232
9114	-272.474	-341.0454	68.57138	1.207683	0.2250229	0.08208128	1.604039
9120	-248.0945	-317.2228	69.12837	1.124075	0.2250229	0.03935533	1.405243
9126	-252.287	-320.7638	68.47675	1.262854	0.3639886	0.03451812	1.560168
9132	-247.149	-314.2912	67.14217	1.488627	2.563304	0.01716222	0.8928136
9138	-244.1735	-312.504	68.33051	1.789265	0.3407401	0.01848851	1.345588
9144	-244.1312	-312.7831	68.65192	1.477419	0.3331965	0.01452022	1.345588
9150	-248.663	-318.4736	69.81064	1.248827	0.1544123	0.02167514	0.949972
9156	-248.1258	-317.1783	69.05252	1.816569	0.2803931	0.02099206	0.7389517
9162	-249.368	-318.2429	68.87491	1.694968	0.2803931	0.04600177	0.9756482
9168	-247.6488	-317.3216	69.67272	1.396049	0.1342296	0.04600177	0.9070955
9174	-239.6736	-309.2756	69.60204	1.426601	0.1342296	0.05400093	0.9070955
9180	-247.4098	-316.1581	68.74832	1.461028	0.2870811	0.05541918	1.246879
9186	-246.5964	-315.6511	69.05467	1.154679	0.2870811	0.05541918	1.246879
9192	-243.5698	-312.4673	68.89756	1.476412	0.3339116	0.02111543	1.143026
9198	-245.0349	-314.7117	69.67681	1.195282	0.1119563	0.06428158	1.09898
9204	-243.8702	-313.3941	69.52389	1.48952	0.1119563	0.02354281	1.142181
9210	-245.1265	-314.9149	69.78842	1.528884	0.1372915	0.02354281	0.6880573
9216	-249.1812	-318.9821	69.80087	1.313612	0.04753907	0.008788244	1.258248
9222	-241.9229	-311.9748	70.05182	1.563695	0.06251188	0.04073373	0.5542375
9228	-247.6515	-317.1922	69.54073	1.809216	0.1319632	0.03366998	0.5542375
9234	-249.3294	-318.0315	68.70213	1.606588	0.3924298	0.0684092	0.8739567
9240	-246.7282	-316.232	69.50379	1.224333	0.06217417	0.009411921	1.513172
9246	-247.9571	-317.9977	70.04054	1.517312	0.04887217	0.05213934	0.7180624
9252	-247.595	-317.7973	70.20233	1.467966	0.03564938	0.05213934	0.6245858
9258	-243.6261	-312.526	68.89999	1.570113	0.3430041	0.06514565	0.8193215
9264	-240.6398	-309.9617	69.32189	1.217924	0.2233614	0.06514565	1.057814
9270	-245.1445	-314.1957	69.05121	1.1828	0.2233614	0.0496961	1.383147
9276	-239.9683	-308.9311	68.96277	1.723785	0.2233614	0.02341338	1.101558
9282	-236.8287	-305.9032	69.07451	1.627654	0.2665489	0.007651786	0.8809637
9288	-233.036	-302.644	69.60798	1.790239	0.1053108	0.03729174	0.666133
9294	-245.4643	-315.3554	69.89109	1.572785	0.09288723	0.03729174	0.6388732
9300	-250.9866	-320.523	69.53641	0.9764068	0.09288723	0.03103138	1.581991
9306	-243.904	-313.6547	69.75065	1.046157	0.09288723	0.03001341	1.370299
9312	-246.6952	-315.8717	69.17653	1.121679	0.2482014	0.02408891	1.370299
9318	-249.9434	-319.0501	69.10676	1.198795	0.2482014	0.02081271	1.370299
9324	-256.889	-325.5337	68.64463	1.392749	0.05213948	0.01094662	2.045317
9330	-239.0979	-308.8552	69.75734	1.335013	0.07838984	0.00901297	1.152387
9336	-250.8376	-318.8545	68.01691	1.12771	0.2874185	0.01299381	2.111457
9342	-247.1893	-315.7682	68.57899	1.064356	0.2874185	0.01299381	1.775425
9348	-249.2422	-318.8368	69.59466	1.303177	0.05395179	0.01299381	1.446558
9354	-241.6291	-311.3806	69.75148	1.183038	0.07618302	0.02417061	1.337568
9360	-241.8242	-311.5837	69.75956	1.243245	0.07618302	0.0349591	1.247101
9366	-244.5996	-313.2893	68.68969	1.17562	0.3878907	0.09278579	1.204487
9372	-245.6189	-314.4296	68.81064	1.784158	0.2870952	0.09278579	0.6028436
9378	-249.7812	-318.3565	68.57525	2.006673	0.4101206	0.04220647	0.5822333
9384	-246.5024	-316.4071	69.9047	0.9739729	0.08785037	0.04220647	1.276857
9390	-234.4667	-303.9499	69.48324	1.512848	0.169647	0.02598612	0.9503642
9396	-238.7549	-307.4327	68.67787	1.535187	0.3334494	0.01828343	1.28302
9402	-236.0254	-305.3977	69.37231	2.112857	0.1105007	0.01828343	0.4877884
9408	-243.5665	-312.6963	69.12981	2.444809	0.07016323	0.01629171	0.318994
9414	-242.7738	-312.4199	69.64617	1.676679	0.1360796	0.01629171	0.6971833
9420	-250.0232	-319.6865	69.66334	1.720755	0.1032084	0.01629171	0.7996727
9426	-240.2919	-309.7903	69.49839	1.402824	0.134402	0.01800217	1.171388
9432	-238.495	-308.2816	69.7866	1.257785	0.08029481	0.02362292	1.233268
9438	-242.6782	-311.722	69.04379	1.401512	0.3352259	0.05414357	0.9314019
9444	-245.2914	-314.2484	68.95703	1.591645	0.2839923	0.07450535	0.8325362
9450	-241.2175	-310.4745	69.25704	1.591645	0.2839923	0.02583897	0.7377259
9456	-247.6612	-316.6587	68.99758	1.35725	0.3555877	0.08892276	0.7901571
9462	-244.9789	-313.4357	68.45683	1.38061	0.5539892	0.05835879	1.11766
9468	-250.4298	-319.5512	69.12138	1.351598	0.3011297	0.03277949	1.083874
9474	-255.5489	-324.5645	69.0156	1.623165	0.3217738	0.03940856	0.8263345
9480	-243.8721	-312.8454	68.97331	1.643371	0.3217738	0.0438896	0.8263345
9486	-235.4221	-304.3352	68.913	1.251488	0.3217738	0.1123405	0.9796459
9492	-239.7006	-309.0152	69.31464	1.2156	0.2103075	0.09244573	0.9796459
9498	-243.9412	-313.1559	69.21478	1.094195	0.2304247	0.03227582	1.375196
9504	-241.0801	-310.3512	69.27108	1.586085	0.2089985	0.08132984	0.5863268
9510	-245.017	-314.5968	69.57985	1.383834	0.1725336	0.08132984	0.6038223
9516	-247.8855	-316.9116	69.02618	1.287585	0.1326191	0.08132984	1.428914
9522	-251.5097	-319.9409	68.43122	1.832282	0.4863001	0.08132984	0.4571342
9528	-237.1121	-306.8542	69.7421	1.577444	0.1114399	0.01336762	0.8256175
9534	-237.7086	-306.7604	69.05178	1.992367	0.2378269	0.01799886	0.3994296
9540	-232.4214	-301.5215	69.10015	2.14553	0.126279	0.01799886	0.2580519
9546	-243.6506	-313.6694	70.01873	1.524693	0.0960881	0.0160278	0.5093634
9552	-247.0992	-317.4081	70.30898	1.374276	0.04711201	0.03954107	0.607837
9558	-248.6064	-318.6618	70.05534	1.528727	0.04677168	0.03954107	0.7882206
9564	-242.6323	-312.0867	69.45442	1.130243	0.3030637	0.03954107	0.9373011
9570	-253.1875	-320.5708	67.38327	1.020899	1.139005	0.19542	1.306274
9576	-241.381	-310.4756	69.09461	1.515373	0.3463694	0.03322989	0.8318196
9582	-245.1572	-313.9461	68.78881	1.748791	0.3463694	0.02593197	0.9480031
9588	-242.2451	-311.4315	69.18639	1.443495	0.3455668	0.03298683	0.8099322
9594	-239.7541	-308.9555	69.20139	1.347871	0.3455668	0.03682723	0.8866201
9600	-244.2663	-314.0862	69.81994	1.511899	0.08533136	0.03682723	0.8866201
9606	-249.663	-319.6648	70.00175	1.128916	0.08533136	0.02199866	1.142284
9612	-244.5309	-313.3299	68.79907	1.243675	0.3740115	0.07548037	1.142284
9618	-248.8386	-317.7219	68.88332	1.256134	0.276689	0.09374285	1.174519
9624	-252.0099	-320.8314	68.82143	1.228371	0.2560869	0.1952612	0.9620357
9630	-249.8845	-318.5749	68.6904	1.070645	0.3370263	0.1952612	1.059297
9636	-248.9521	-317.5261	68.57408	1.207778	0.4324796	0.1952612	0.8356359
9642	-239.5186	-309.734	70.2154	0.9543395	0.09784273	0.06902891	0.8240855
9648	-239.8554	-309.4627	69.60728	1.642441	0.1360402	0.04297588	0.6673359
9654	-243.3087	-311.3751	68.06648	1.642441	1.002054	0.04297588	0.739037
9660	-244.8253	-312.7657	67.9404	1.459599	1.075027	0.1048933	0.6453745
9666	-240.2095	-309.1097	68.90022	1.483107	0.2965979	0.1048933	0.8334495
9672	-245.6958	-314.0687	68.37286	1.446542	0.6573763	0.08965883	0.8285306
9678	-250.5431	-319.8667	69.32354	1.059201	0.2299999	0.04771801	1.256537
9684	-250.678	-317.9181	67.2401	1.004923	0.6760867	0.06752414	2.12541
9690	-246.0754	-314.5339	68.45848	0.7722134	0.1043234	0.02664242	2.419727
9696	-236.6415	-306.2586	69.61718	1.324613	0.159259	0.06568752	0.8370925
9702	-246.7188	-314.9294	68.21057	1.380503	0.4658057	0.04189138	1.501686
9708	-242.7413	-311.8263	69.08498	1.277746	0.1471361	0.02970851	1.539645
9714	-242.2461	-310.762	68.51591	1.12351	0.54054	0.1374526	1.003044
9720	-240.3568	-308.5182	68.16137	1.514493	0.6900319	0.1374526	0.6926642
9726	-243.7589	-310.545	66.78602	2.062983	1.282603	0.1662721	0.259221
9732	-238.2272	-306.2992	68.07201	1.992402	0.723733	0.04852759	0.4148027
9738	-239.8591	-308.2997	68.44057	1.814445	0.5899359	0.04852759	0.4376962
9744	-246.627	-314.2685	67.64156	2.532466	0.5899359	0.04852759	0.3172074
9750	-244.7328	-311.9467	67.2139	2.444486	0.5567816	0.1461906	0.2309756
9756	-245.1758	-312.5831	67.40732	2.470795	0.4237869	0.08941576	0.1591012
9762	-241.3104	-310.194	68.88361	1.94048	0.2093245	0.08941576	0.4356853
9768	-249.0506	-317.8603	68.80968	1.887409	0.3523363	0.04192689	0.4221114
9774	-234.8346	-304.4674	69.63286	1.211418	0.2185259	0.03223106	0.9271095
9780	-241.9868	-312.2815	70.2947	1.56905	0.02600111	0.01639501	0.5685136
9786	-241.0336	-310.6022	69.5686	2.138324	0.02600111	0.01245147	0.2746884
9792	-243.4471	-312.9626	69.51547	2.264301	0.02600111	0.007794159	0.4630334
9798	-243.3338	-312.7405	69.40664	1.558935	0.02600111	0.004335537	1.30349
9804	-239.1097	-309.0283	69.91859	1.298177	0.05202355	0.009423756	1.162291
9810	-235.992	-305.9271	69.93504	1.290317	0.05211644	0.009423756	1.154326
9816	-237.6625	-307.98	70.31747	1.387522	0.03281616	0.01838617	0.8154053
9822	-237.5733	-307.6848	70.11149	1.567358	0.02785294	0.02042375	0.8709699
9828	-241.3668	-311.4833	70.11653	1.665243	0.02785294	0.009240622	0.6253351
9834	-231.9341	-301.8154	69.88127	1.796999	0.03318049	0.009240622	0.3018914
9840	-237.0748	-306.5141	69.43934	1.998343	0.1003204	0.0252938	0.3285459
9846	-235.7096	-304.9056	69.19595	2.180716	0.1156183	0.0213481	0.3209086
9852	-245.6199	-314.4453	68.82543	2.1982	0.1156183	0.05373247	0.2068018
9858	-251.0037	-319.12	68.11626	2.08904	0.6258755	0.04949915	0.4728086
9864	-253.2124	-322.6585	69.44607	1.974894	0.103138	0.04306764	0.4592551
9870	-253.6929	-324.0269	70.33403	1.47401	0.02218827	0.01285543	0.6954299
9876	-245.4077	-315.065	69.65728	1.72696	0.1191523	0.01190823	0.6622674
9882	-250.211	-318.7524	68.54146	1.72696	0.4839059	0.07265527	0.6622674
9888	-251.8869	-319.8627	67.97582	2.425806	0.4839059	0.04306486	0.350503
9894	-249.3831	-317.5049	68.12186	2.19201	0.4734625	0.03505843	0.2463846
9900	-248.7838	-316.638	67.85417	2.234049	0.3515554	0.1486911	0.2668399
9906	-245.5208	-314.0203	68.49956	2.447962	0.2011411	0.03710899	0.2668399
9912	-249.172	-317.4085	68.23648	2.181442	0.3191443	0.08962234	0.2829672
9918	-243.6845	-313.1151	69.43065	1.783812	0.103127	0.06301585	0.3001749
9924	-255.1406	-324.5758	69.43525	1.821367	0.103127	0.01840184	0.9511946
9930	-246.168	-315.6446	69.47654	1.417067	0.103127	0.02401195	1.274355
9936	-240.5494	-310.3612	69.81177	1.617185	0.103127	0.02213208	0.7314328
9942	-244.3126	-313.9633	69.65073	1.499576	0.103127	0.02213208	1.05291
9948	-249.4821	-319.4193	69.93717	1.411141	0.103127	0.01842663	0.8478282
9954	-257.8602	-324.6797	66.81955	1.474832	0.7029348	0.1956797	1.73824
9960	-259.2236	-326.8381	67.61452	1.501956	0.6015223	0.3528841	0.831967
9966	-254.0335	-322.1429	68.1094	1.265074	0.2793685	0.3528841	1.172493
9972	-255.627	-323.239	67.61191	1.163174	0.7899816	0.2820381	1.097125
9978	-251.6308	-319.6474	68.0166	1.269798	0.7899816	0.1662463	0.9125791
9984	-248.86	-318.3118	69.45175	1.114556	0.2606141	0.03638578	1.073301
9990	-246.7561	-316.0556	69.29955	1.489267	0.2032353	0.02880123	1.043077
9996	-246.8367	-315.9112	69.07449	1.321306	0.407941	0.0224771	0.977221
10002	-240.9252	-311.1081	70.18291	1.192221	0.1079634	0.03008045	0.7430456
10008	-242.1341	-311.5693	69.4352	1.449445	0.1341533	0.0136864	1.177414
10014	-242.8541	-312.9593	70.10523	1.432625	0.05752882	0.01371886	0.8594337
10020	-242.7397	-311.7618	69.0221	1.554535	0.2063229	0.07641212	1.017494
10026	-243.5619	-312.3365	68.77454	1.049194	0.5084652	0.08814302	1.067085
10032	-252.2882	-321.3803	69.09209	1.076762	0.5084652	0.03514785	0.9793879
10038	-247.5921	-316.4264	68.83423	1.775122	0.3139557	0.0768179	0.4217713
10044	-244.6485	-314.3125	69.66406	1.050148	0.1305832	0.0359284	1.293091
10050	-243.4512	-313.4411	69.98993	1.131899	0.09400142	0.01874722	1.119487
10056	-242.3213	-312.089	69.76773	1.240555	0.09400142	0.03094359	1.189392
10062	-241.16	-310.9399	69.77984	1.631122	0.09400142	0.01886783	0.8180485
10068	-237.5903	-307.1674	69.57711	1.975273	0.09400142	0.02050635	0.5213087
10074	-250.2091	-318.3521	68.14298	2.036393	0.4517078	0.1022024	0.3505731
10080	-239.8005	-307.2719	67.47142	2.073433	0.971622	0.07836167	0.3014123
10086	-247.1834	-315.3251	68.14172	2.257354	0.3403118	0.09120326	0.3078552
10092	-245.9771	-313.2863	67.30924	2.287013	0.7914152	0.09120326	0.2476287
10098	-242.4702	-310.322	67.85182	2.067417	0.671931	0.09120326	0.3950374
10104	-240.7709	-308.5414	67.77047	2.116237	0.6583481	0.08389332	0.301207
10110	-236.6376	-306.5009	69.8633	1.304843	0.1061686	0.04946681	0.8994204
10116	-241.3738	-311.1783	69.8045	1.338645	0.1335437	0.0574637	0.7420849
10122	-241.703	-311.4925	69.78957	1.456997	0.1069779	0.0574637	0.7429978
10128	-239.3271	-308.8163	69.48917	1.292425	0.187932	0.0574637	0.9588635
10134	-231.4877	-301.3427	69.85503	1.399638	0.0788884	0.01657205	1.058281
10140	-252.2308	-321.2978	69.06702	1.016432	0.1349569	0.01657205	1.790898
10146	-246.2133	-316.6277	70.41434	1.094294	0.05210059	0.04981683	0.7848882
10152	-244.9238	-313.873	68.94916	1.057117	0.0675986	0.0154478	2.034888
10158	-240.1551	-309.8683	69.7133	1.402011	0.07158414	0.01461094	1.209193
10164	-243.6802	-312.2463	68.56617	1.10661	0.1879893	0.03781607	1.905385
10170	-245.0819	-313.1857	68.10384	1.103437	0.3786419	0.03710154	1.905385
10176	-240.6583	-309.9782	69.3199	0.8674887	0.343732	0.05601067	1.153464
10182	-236.3979	-305.5981	69.20021	1.237208	0.343732	0.02898811	1.043062
10188	-237.6506	-307.7995	70.14892	1.142077	0.06924535	0.02898811	1.043062
10194	-243.2972	-312.6083	69.31102	1.259565	0.1532423	0.02898811	1.367007
10200	-242.3402	-311.9249	69.58465	1.200529	0.07968862	0.02008401	1.448062
10206	-239.189	-309.184	69.995	1.318627	0.1131011	0.04272418	0.7138571
10212	-237.9395	-307.2119	69.27248	1.454679	0.3082258	0.05357076	0.6120061
10218	-240.8541	-309.7897	68.93555	1.4435	0.3938751	0.08880142	0.6120061
10224	-234.1232	-303.874	69.75075	1.738339	0.0959139	0.03197813	0.4095282
10230	-236.2137	-305.797	69.58328	1.437361	0.1145416	0.02700425	1.11653
10236	-245.8115	-315.7134	69.90182	1.220153	0.1145416	0.02464659	1.028911
10242	-252.2092	-322.4296	70.22044	1.324244	0.04205219	0.01634086	0.9483398
10248	-248.9601	-318.2855	69.32534	2.353815	0.04898312	0.009489622	0.3790067
10254	-254.5975	-323.4482	68.85076	2.491199	0.03458265	0.004147891	0.2367639
10260	-241.8194	-311.0671	69.24776	2.236501	0.04389477	0.004147891	0.3810634
10266	-236.1906	-306.1906	70.00006	1.640557	0.04389477	0.006245719	0.5678067
10272	-237.5805	-307.3313	69.75079	1.364975	0.0652766	0.005527298	1.08211
10278	-240.7692	-310.5829	69.81371	1.396147	0.0652766	0.004909924	0.9528387
10284	-238.4156	-308.4454	70.02986	1.336036	0.0651699	0.03734004	0.9504226
10290	-242.3274	-312.6307	70.30332	1.089189	0.0651699	0.03151369	0.9504226
10296	-239.5064	-309.3574	69.85105	1.296327	0.1370555	0.02325629	0.9179886
10302	-236.3984	-306.1084	69.70999	1.390722	0.1078145	0.06390694	0.8867246
10308	-238.4987	-307.5603	69.06165	1.445295	0.3555565	0.07890544	0.5950748
10314	-234.8013	-303.6717	68.87038	1.490448	0.3833958	0.07890544	0.7662289
10320	-246.252	-315.6771	69.42506	1.184676	0.2361447	0.1050532	0.7291733
10326	-251.9661	-320.5675	68.60148	1.399119	0.4276084	0.1050532	0.9588744
10332	-252.6796	-320.954	68.2744	1.648709	0.596405	0.1050532	0.7080622
10338	-259.4465	-327.0675	67.62097	1.332907	1.676816	0.1050532	0.5442214
10344	-257.7499	-326.1151	68.36526	1.567809	0.4658475	0.1633651	0.6724522
10350	-248.5026	-317.3438	68.84115	1.515947	0.2806631	0.1633651	0.5353768
10356	-250.7053	-318.7847	68.07945	1.25597	0.6623143	0.1633651	1.038496
10362	-245.409	-314.0922	68.6832	1.4211	0.2959587	0.1633651	0.9071835
10368	-240.1025	-309.4774	69.37484	1.475906	0.1980543	0.05860678	0.8395934
10374	-236.5551	-305.5269	68.97177	2.017372	0.237034	0.03863401	0.5777769
10380	-233.404	-302.9556	69.55162	1.992485	0.0711042	0.03863401	0.3639044
10386	-237.585	-305.8148	68.22975	1.743404	0.802608	0.03721538	0.7061822
10392	-250.9696	-320.7689	69.79932	1.345451	0.1408262	0.05372781	0.7268857
10398	-247.646	-316.8064	69.16035	1.724648	0.2521247	0.05372781	0.499597
10404	-250.1244	-317.6412	67.51682	1.733373	1.07447	0.1192551	0.7970867
10410	-253.4184	-321.7853	68.36694	1.337357	0.4415689	0.1113479	1.188901
10416	-249.7711	-318.1798	68.40868	1.172873	0.7474216	0.053317	1.130778
10422	-259.9635	-327.1439	67.18043	1.898808	1.326853	0.1337149	0.3998993
10428	-256.783	-324.0908	67.30778	1.949363	1.56191	0.04914944	0.3722638
10434	-249.5434	-319.1489	69.60549	1.657264	0.1506059	0.03196021	0.639345
10440	-253.6998	-323.1926	69.49276	1.929454	0.1095316	0.03809911	0.5085687
10446	-257.3733	-325.5337	68.16034	2.25544	0.5449101	0.03094241	0.5085687
10452	-252.4123	-320.3993	67.98698	1.43821	1.140659	0.03786837	0.9565022
10458	-240.8785	-308.5715	67.69295	1.883884	1.140659	0.05966577	0.5477263
10464	-241.7985	-310.8324	69.03394	1.609617	0.3441322	0.05463473	0.609212
10470	-245.0679	-313.2311	68.16316	1.637065	0.7598375	0.06175468	0.8502537
10476	-248.1974	-316.1841	67.98666	1.369313	0.7035512	0.06175468	1.332484
10482	-250.8779	-319.2685	68.39067	1.477966	0.4506919	0.03521145	1.332484
10488	-243.5272	-312.4252	68.89795	1.459121	0.3550988	0.02987729	1.092694
10494	-245.0459	-313.0003	67.95441	1.966832	0.5799943	0.03015364	1.129942
10500	-240.6565	-309.2221	68.56553	1.272994	0.3121439	0.03884706	1.554645
10506	-241.2335	-309.5388	68.30529	1.301155	0.2363448	0.03884706	1.851944
10512	-240.0804	-309.2927	69.21232	1.573432	0.2876282	0.04992929	0.6321102
10518	-239.8012	-307.5356	67.73438	1.876446	1.141245	0.05092741	0.422601
10524	-249.6553	-317.1234	67.46815	1.974198	1.371674	0.04636478	0.4308746
10530	-247.4918	-315.2221	67.73033	1.907825	0.6441236	0.1537316	0.307603
10536	-250.2542	-318.9418	68.6876	1.839923	0.3685222	0.07152837	0.5423994
10542	-249.3432	-318.4489	69.10579	1.322381	0.3685222	0.07152837	0.7621493
10548	-246.0941	-315.8092	69.71505	1.332711	0.157968	0.04183707	0.8578476
10554	-234.535	-304.6968	70.16174	1.352286	0.07866102	0.04383449	0.5901179
10560	-236.166	-306.3469	70.18095	1.386449	0.02246326	0.006803996	0.8792659
10566	-237.2629	-307.4826	70.21967	1.432584	0.02246326	0.008265944	0.8293362
10572	-236.8136	-307.0829	70.26937	1.224266	0.02246326	0.008265944	1.004404
10578	-247.5173	-317.311	69.7937	1.255484	0.09058758	0.03282092	1.159707
10584	-255.9362	-325.5542	69.61797	1.884253	0.08656387	0.029554	0.6880952
10590	-249.2733	-319.395	70.12168	1.277225	0.09036628	0.029554	0.817391
10596	-245.5284	-314.5983	69.06994	1.155265	0.2957122	0.029554	1.319208
10602	-244.2478	-313.0695	68.82173	1.869664	0.2957122	0.029554	0.8884635
10608	-242.0756	-310.5974	68.52178	2.102356	0.4226453	0.03019606	0.4663619
10614	-242.9234	-312.1391	69.21566	1.743346	0.2200949	0.0544311	0.4351219
10620	-242.0893	-310.9072	68.81787	2.079679	0.2200949	0.05366863	0.3309869
10626	-239.7295	-308.7178	68.98827	1.947735	0.2200949	0.06081669	0.5156945
10632	-243.1002	-311.8283	68.72806	1.709654	0.4303281	0.06081669	0.6223847
10638	-244.4002	-312.8662	68.46594	1.65917	0.4303281	0.1333516	0.6223847
10644	-241.905	-311.2787	69.37376	1.651746	0.2003081	0.04390281	0.6807741
10650	-246.9236	-316.1415	69.21787	1.414509	0.2003081	0.05179218	1.095394
10656	-247.9018	-317.3813	69.47951	1.382594	0.2003081	0.03517135	0.9505319
10662	-245.2081	-314.1208	68.91269	1.576486	0.4236508	0.03517135	0.7774548
10668	-240.5536	-309.5428	68.98923	1.821812	0.3173401	0.03517135	0.5663232
10674	-256.5174	-325.5923	69.07483	1.816411	0.2352654	0.04654976	0.7186564
10680	-245.8316	-315.0318	69.20029	1.773165	0.2352654	0.01860065	0.7596557
10686	-239.6168	-309.7607	70.14383	1.355512	0.05520934	0.01860065	0.9281238
10692	-234.2888	-303.2485	68.95975	1.500741	0.2472748	0.04221139	1.174335
10698	-240.8899	-309.6278	68.73788	1.418715	0.5908602	0.04221139	0.8093474
10704	-244.6166	-313.6041	68.98752	1.712307	0.3292475	0.05357019	0.5331285
10710	-239.7513	-308.4796	68.72832	1.364145	0.3292475	0.08238621	1.15329
10716	-257.91	-326.6549	68.74496	1.586117	0.3292475	0.09412319	0.8626751
10722	-250.864	-319.127	68.263	1.230638	0.6582461	0.09412319	1.141051
10728	-244.6363	-314.2778	69.64154	1.242476	0.1239378	0.06157517	1.056105
10734	-246.6223	-316.235	69.61273	1.433147	0.1098068	0.02726514	1.110121
10740	-244.0416	-313.6716	69.63002	1.715614	0.1098068	0.05324985	0.5120892
10746	-243.3998	-312.8095	69.4097	1.976916	0.1134859	0.04010108	0.4325179
10752	-242.7841	-312.0115	69.22742	1.25573	0.1826195	0.09902514	1.079194
10758	-240.0668	-309.1202	69.05346	1.53369	0.1826195	0.09902514	0.9779342
10764	-245.5606	-314.1521	68.59149	1.239259	0.5849992	0.08043073	0.9779342
10770	-245.8267	-315.0657	69.23894	1.197391	0.2098482	0.1392098	0.8807395
10776	-241.2696	-309.707	68.43741	1.24232	0.478279	0.08380553	1.255226
10782	-244.3652	-312.6272	68.26198	0.9424304	0.2341873	0.06225823	2.047961
10788	-258.0639	-326.8466	68.78267	0.7761394	0.2341873	0.1651141	1.509646
10794	-251.7974	-320.3843	68.58694	1.063743	0.2341873	0.1651141	1.440143
10800	-264.2708	-331.7766	67.50581	0.8551515	0.4476679	0.04011532	2.363938
10806	-257.4628	-325.6937	68.2309	1.24933	0.4476679	0.04011532	1.613277
10812	-244.642	-313.2497	68.60767	1.21195	0.3649574	0.04002283	1.479546
10818	-242.3232	-312.5377	70.21444	1.200981	0.05702959	0.03469399	0.9535855
10824	-242.4877	-312.6603	70.17255	1.297565	0.07080446	0.01072937	0.8320678
10830	-240.9677	-310.889	69.92128	1.654733	0.08124568	0.01072937	0.4940523
10836	-233.4729	-303.0202	69.54728	2.065519	0.08017952	0.01575259	0.523698
10842	-241.689	-311.4897	69.80066	1.619061	0.1261794	0.01575259	0.523698
10848	-237.3079	-307.5661	70.25818	1.209988	0.05820269	0.03121092	0.9069935
10854	-244.3643	-314.5568	70.19249	1.427563	0.0487911	0.01408726	0.8139064
10860	-236.0323	-305.5677	69.53535	1.401587	0.1781233	0.03652532	0.9370253
10866	-235.589	-304.9776	69.38853	1.695506	0.1734788	0.02743735	0.8296758
10872	-245.068	-314.6344	69.56638	1.650496	0.145083	0.04568266	0.3830047
10878	-243.6751	-313.0837	69.40864	1.886155	0.1134838	0.01930625	0.8607072
10884	-240.0703	-310.1274	70.05714	1.517538	0.05196764	0.01930625	0.8607072
10890	-243.6929	-313.9496	70.25664	1.281505	0.05196764	0.01265495	0.8838974
10896	-249.42	-319.3086	69.88859	1.069878	0.1582284	0.03918012	0.9699826
10902	-249.5976	-319.0443	69.44668	1.423422	0.257818	0.03115508	0.7720895
10908	-254.0936	-323.2783	69.1847	1.446779	0.3618389	0.052531	0.5585811
10914	-250.7656	-319.7082	68.94259	1.729277	0.1973064	0.05366957	1.058147
10920	-253.0475	-320.8612	67.81371	1.978941	0.8287067	0.08171874	0.5157659
10926	-255.7593	-323.7347	67.97542	1.773126	0.8287067	0.09154537	0.4839378
10932	-250.1385	-318.2681	68.12957	1.788856	0.8287067	0.0509087	0.6167885
10938	-235.5524	-303.6769	68.12453	1.871879	0.8287067	0.03798097	0.573353
10944	-251.2643	-319.5071	68.24286	1.914851	0.5384887	0.08451549	0.4315499
10950	-243.1413	-310.8318	67.69059	1.694005	1.303236	0.06687788	0.6105873
10956	-238.3837	-307.4884	69.10473	1.45979	0.3453384	0.03251405	0.8923736
10962	-237.8674	-307.3322	69.46475	1.866749	0.1383161	0.02865419	0.4028447
10968	-247.9373	-317.4933	69.55597	1.617161	0.1383161	0.02469886	0.8791828
10974	-242.4737	-311.9191	69.44543	1.846505	0.1383161	0.02469886	0.7196955
10980	-237.0036	-306.5775	69.57394	1.398724	0.1383161	0.04110908	1.016925
10986	-237.8068	-307.4868	69.68001	1.36076	0.1383161	0.03897821	0.958477
10992	-235.7477	-305.536	69.78835	1.498692	0.1383161	0.01705592	0.7440661
10998	-244.282	-313.0381	68.75603	1.648007	0.4169073	0.05414633	0.7831051
11004	-240.6046	-308.9101	68.30551	1.163157	0.5210556	0.05414633	1.47824
11010	-244.9259	-313.7325	68.80668	1.302947	0.4432605	0.07020901	0.9776601
11016	-242.7212	-311.0481	68.32682	1.029781	0.5831915	0.07020901	1.430502
11022	-240.058	-308.3122	68.25417	1.375348	0.4187242	0.07020901	1.430502
11028	-245.3384	-314.3827	69.04425	0.82969	0.1510538	0.07020901	1.740131
11034	-241.8229	-311.3876	69.56468	0.82969	0.04995565	0.02588164	1.824179
11040	-234.793	-305.1204	70.32742	0.7942676	0.03104524	0.0145225	1.365251
11046	-241.44	-310.7694	69.32938	1.42403	0.2004923	0.04234437	1.025053
11052	-245.8433	-315.6079	69.76453	1.562127	0.128531	0.04234437	0.5110133
11058	-243.6232	-312.503	68.87981	1.947888	0.2613776	0.06041304	0.5110133
11064	-243.5865	-312.3373	68.75084	1.871449	0.3318518	0.06041304	0.6548075
11070	-247.4247	-315.9547	68.52995	1.594164	0.4397775	0.06041304	1.017218
11076	-248.4568	-316.3917	67.93496	1.204064	0.4397775	0.02753674	1.901061
11082	-243.1076	-312.6674	69.55987	1.112828	0.1744058	0.0748604	1.026717
11088	-248.0251	-316.1426	68.11753	1.459327	0.7222527	0.1394601	0.7716822
11094	-239.4252	-307.0828	67.65764	1.445523	1.093575	0.1597065	0.7716822
11100	-246.4188	-314.2047	67.78581	1.341533	1.093575	0.1597065	0.73576
11106	-241.7776	-309.7806	68.00304	1.50455	0.7932912	0.1597065	0.6075888
11112	-246.9958	-315.4826	68.48677	1.732526	0.468919	0.05129246	0.9120513
11118	-247.2362	-316.1334	68.89726	1.667831	0.3041783	0.04763846	0.9120513
11124	-249.2463	-317.7498	68.50346	1.493455	0.6388439	0.06264564	0.7950242
11130	-251.0524	-320.119	69.06664	1.444246	0.3000152	0.033531	1.04744
11136	-252.614	-320.3129	67.69893	1.55755	1.304049	0.07043701	0.8022434
11142	-243.3568	-312.2838	68.92698	1.722155	0.3149637	0.07043701	0.4708448
11148	-243.0194	-311.6716	68.6522	1.826928	0.3555227	0.04679008	0.88685
11154	-244.4294	-313.5443	69.1149	1.317852	0.4322159	0.03237674	0.8468611
11160	-240.9362	-309.6328	68.69661	1.519218	0.4964109	0.06995376	0.7400272
11166	-245.9595	-314.4239	68.46438	1.430622	0.5859959	0.05305544	1.043786
11172	-245.9928	-314.771	68.77823	1.088566	0.07901188	0.008973127	2.051766
11178	-241.0896	-309.7422	68.6526	0.8652423	0.1950436	0.01406387	2.032936
11184	-242.1975	-311.942	69.74452	1.106208	0.1950436	0.03111318	0.9971264
11190	-246.9343	-316.117	69.1827	1.357316	0.2695429	0.05305943	0.9971264
11196	-250.509	-318.9938	68.4848	1.104576	0.2695429	0.03872066	1.804791
11202	-241.0583	-310.8859	69.82763	1.195976	0.08885578	0.01489665	1.220451
11208	-243.0151	-311.9789	68.9638	1.208927	0.2080303	0.01489665	1.553328
11214	-263.052	-330.3964	67.34442	1.267199	1.248355	0.0237392	1.603188
11220	-263.8993	-332.4813	68.582	1.230654	0.3923139	0.02775211	1.484862
11226	-254.6972	-322.8409	68.1437	0.9879348	0.674461	0.08155166	1.463665
11232	-260.0106	-328.6408	68.6302	1.114844	0.674461	0.03511225	1.148773
11238	-255.3022	-325.1303	69.82811	1.038109	0.1513752	0.03299259	1.109693
11244	-243.1014	-312.4687	69.36733	1.637343	0.2216492	0.02739341	0.7388502
11250	-242.3926	-311.8476	69.455	1.667176	0.2108077	0.02739341	0.4820304
11256	-243.5212	-312.982	69.4608	1.867354	0.1299796	0.04084577	0.4820304
11262	-253.7982	-322.1839	68.38562	2.000746	0.4399807	0.05760872	0.3300166
11268	-247.6663	-316.1781	68.51174	1.890144	0.4399807	0.05760872	0.3462185
11274	-253.505	-323.3534	69.84835	1.736809	0.07609707	0.02346102	0.6609974
11280	-243.373	-313.5886	70.21566	1.346781	0.07609707	0.02346102	0.7035544
11286	-243.4339	-312.8237	69.38984	1.874288	0.1657235	0.0264348	0.5311859
11292	-239.8756	-309.3413	69.46562	1.861316	0.1473985	0.0264348	0.5311859
11298	-240.4846	-309.6493	69.16467	2.00504	0.1918418	0.0264348	0.4235868
11304	-244.9569	-314.0651	69.10823	2.073694	0.1918418	0.0264348	0.5204361
11310	-260.2222	-328.6764	68.45417	1.37616	0.5201865	0.1417592	0.807446
11316	-253.604	-323.2189	69.61499	1.269514	0.1218111	0.05842182	1.078061
11322	-252.6386	-321.6825	69.04392	1.691875	0.2295552	0.05842182	0.870064
11328	-250.063	-319.0948	69.03173	1.886161	0.2295552	0.03917203	0.758135
11334	-242.6466	-312.2224	69.57574	1.928007	0.1055161	0.01772125	0.4686156
11340	-239.5268	-308.2573	68.73052	2.337818	0.1854542	0.009078201	0.3172742
11346	-246.7344	-315.5831	68.8487	2.364231	0.1854542	0.01475111	0.5162095
11352	-243.6618	-312.7102	69.04847	1.537819	0.3466143	0.05381644	0.7226009
11358	-239.0363	-308.3879	69.35165	1.846101	0.1891755	0.01722811	0.5722717
11364	-239.2082	-308.4792	69.27101	1.624866	0.1891755	0.06150819	0.7979183
11370	-241.2084	-308.9808	67.77246	1.83496	1.008865	0.06150819	0.7424288
11376	-242.6348	-311.5616	68.92678	1.62409	0.3701817	0.05605749	0.6795427
11382	-240.0752	-309.2091	69.13388	1.39645	0.243018	0.06453278	1.018102
11388	-245.5161	-314.8394	69.32329	1.648854	0.243018	0.04107045	0.5051048
11394	-239.8214	-309.6684	69.84692	1.333077	0.09767605	0.04090915	0.9709917
11400	-248.5302	-317.0534	68.52319	1.315096	0.3943555	0.181662	0.9033456
11406	-254.2863	-322.6879	68.40165	1.207286	0.5325309	0.181662	0.8892785
11412	-251.918	-320.3569	68.4389	1.004859	0.3553294	0.1006718	1.560878
11418	-254.5377	-323.1119	68.57427	0.9812196	0.5170364	0.07490365	1.337487
11424	-246.2841	-314.5939	68.3098	1.456156	0.71483	0.0429067	1.046422
11430	-245.9338	-315.4104	69.47659	1.467164	0.2284696	0.0429067	0.691595
11436	-243.9945	-313.4072	69.41274	1.54849	0.1777508	0.04184943	0.8827379
11442	-253.0584	-322.4968	69.43843	1.161824	0.2625726	0.03561972	1.039765
11448	-251.4197	-320.8874	69.46769	1.381574	0.1291081	0.0213441	1.230409
11454	-250.5993	-320.0824	69.48303	1.319903	0.08394222	0.0213441	1.418052
11460	-244.5804	-312.9883	68.40789	1.221558	0.4047358	0.0213441	1.616158
11466	-246.1936	-314.7965	68.60296	1.478646	0.4047358	0.0213441	1.269277
11472	-246.4828	-315.8272	69.34433	2.040085	0.1293777	0.0170834	0.6240406
11478	-251.5262	-320.6768	69.15056	1.528222	0.2667388	0.03695713	0.9435424
11484	-239.4907	-309.8492	70.35847	1.390489	0.02477274	0.01111737	0.7547549
11490	-240.112	-310.3819	70.26982	1.379098	0.03388325	0.01861263	0.8780303
11496	-231.4006	-301.6837	70.28304	1.452455	0.03127657	0.01381098	0.7696713
11502	-240.6729	-310.8513	70.17838	1.085149	0.1398793	0.02009167	0.7696713
11508	-240.0004	-309.9542	69.95379	1.292061	0.1398793	0.03457655	0.7214913
11514	-244.1166	-312.5267	68.41012	1.275377	0.8508099	0.03457655	1.004708
11520	-241.2477	-310.4706	69.22284	1.314786	0.2677699	0.05132673	1.012556
11526	-246.3404	-315.9503	69.6099	1.452209	0.1475435	0.07863229	0.5999038
11532	-241.2105	-310.2781	69.06759	1.567625	0.2634644	0.04984027	0.9308458
11538	-244.9858	-314.4371	69.4513	1.539588	0.1806218	0.02160286	0.9308458
11544	-246.7591	-316.1903	69.43122	1.36715	0.1752643	0.02160286	1.134654
11550	-254.0431	-323.3949	69.35176	1.284522	0.2185758	0.03102112	1.134654
11556	-255.1932	-324.2965	69.10332	1.300904	0.3155628	0.02962621	1.128725
11562	-249.2684	-317.9678	68.69934	1.059265	0.4157329	0.07798446	1.304218
11568	-251.1501	-320.9093	69.75926	0.9829844	0.1483426	0.05337728	1.141083
11574	-250.971	-319.7568	68.78583	1.05201	0.1483426	0.05337728	1.82925
11580	-257.6363	-326.0086	68.37228	0.9926302	0.3041479	0.06055206	1.827402
11586	-255.6016	-324.7682	69.16656	1.086436	0.2197868	0.04883834	1.379526
11592	-249.2504	-317.4803	68.22991	1.654943	0.5238129	0.1427968	0.7137018
11598	-249.5419	-316.7353	67.19341	1.594633	1.472558	0.1554518	0.7916379
11604	-242.9265	-312.0563	69.12979	1.594633	0.3056267	0.05189004	0.652937
11610	-246.5446	-315.8676	69.32299	1.528479	0.2445779	0.05189004	0.6982788
11616	-237.2395	-307.0227	69.78321	1.120745	0.1749257	0.08317056	0.6982788
11622	-238.3913	-308.6215	70.23014	1.289659	0.09856042	0.02299256	0.5698918
11628	-239.6458	-309.2879	69.6421	1.535371	0.1362708	0.06130996	0.6224634
11634	-242.1471	-311.4798	69.33271	1.656261	0.1899705	0.06824848	0.5051104
11640	-246.8808	-316.3519	69.4711	1.673197	0.1751618	0.03634595	0.6731353
11646	-257.9553	-325.7523	67.79697	1.409945	0.3945078	0.03634595	1.886816
11652	-249.2244	-318.7428	69.51833	1.199226	0.09072122	0.01977133	1.461918
11658	-250.0704	-320.2874	70.21703	1.484653	0.05201197	0.01979894	0.6764076
11664	-244.0638	-312.9062	68.84238	1.742307	0.372257	0.05722289	0.5678032
11670	-248.6554	-317.3708	68.71543	1.783278	0.372257	0.05722289	0.7498187
11676	-240.6375	-308.8454	68.20784	1.898904	0.6619426	0.05722289	0.5799645
11682	-246.0645	-314.3051	68.24058	1.993693	0.5436634	0.06171303	0.3814653
11688	-245.8771	-314.2369	68.35978	1.806222	0.5436634	0.08103642	0.4332842
11694	-248.0962	-316.1174	68.0212	2.130759	0.4675936	0.1027887	0.3540361
11700	-250.3327	-319.2237	68.89098	2.019052	0.1339303	0.1027887	0.2987605
11706	-248.4051	-317.0915	68.68646	2.090259	0.1638215	0.09862192	0.2688478
11712	-249.1995	-317.5424	68.34285	2.581111	0.1638215	0.03524318	0.201554
11718	-257.0144	-324.2216	67.20719	2.592846	0.3004355	0.1289597	0.1252481
11724	-251.1075	-318.6001	67.49259	2.596465	0.2233412	0.08796905	0.1133929
11730	-240.2698	-308.5867	68.31688	2.273187	0.1537852	0.03570842	0.1183726
11736	-240.5339	-309.036	68.50204	2.120065	0.4322285	0.0125353	0.5019493
11742	-250.9435	-318.5847	67.64121	2.144217	0.685072	0.09354818	0.2852459
11748	-243.432	-311.0588	67.62676	2.308718	0.4659827	0.09354818	0.2014151
11754	-245.1027	-313.5463	68.4436	2.111526	0.2082373	0.09354818	0.2191985
11760	-240.2516	-309.0027	68.75112	2.180378	0.2082373	0.04465421	0.2934609
11766	-236.2319	-305.7934	69.56149	1.860839	0.09200965	0.05193282	0.4495687
11772	-237.9168	-307.6405	69.7237	1.698504	0.09200965	0.05193282	0.4489969
11778	-240.5225	-309.9387	69.41625	1.95224	0.1305135	0.02258211	0.3819083
11784	-249.6738	-319.1328	69.45906	1.941559	0.1305135	0.02258211	0.4768024
11790	-243.0371	-312.2506	69.21348	1.941559	0.2035687	0.02335176	0.4700915
11796	-243.8974	-312.4565	68.55916	2.456531	0.07473287	0.02335176	0.1279264
11802	-232.1036	-300.4661	68.36248	2.447268	0.1774393	0.0482966	0.1996433
11808	-233.4347	-302.4411	69.0064	2.434558	0.08179575	0.02605034	0.2719826
11814	-242.8693	-310.178	67.3087	2.434558	0.7862142	0.04870108	0.2204921
11820	-243.1972	-311.2599	68.06268	2.286684	0.4852215	0.04500728	0.3111618
11826	-240.9327	-310.1418	69.20903	2.06813	0.1310728	0.04500728	0.3927869
11832	-247.9168	-317.5038	69.58697	1.796917	0.1309186	0.02131455	0.4089143
11838	-248.4061	-317.3562	68.95006	1.91822	0.2834268	0.04132832	0.4883974
11844	-248.7639	-317.6886	68.92475	1.654676	0.1566397	0.09698072	1.077106
11850	-245.8067	-314.9984	69.19175	1.325375	0.07229173	0.02136478	1.669641
11856	-242.0023	-311.5379	69.53558	1.326476	0.2066094	0.06304785	0.7614213
11862	-247.3773	-316.112	68.73475	0.9549038	0.2545007	0.146979	1.416632
11868	-243.5142	-312.4029	68.88867	1.54184	0.2545007	0.146979	0.3568676
11874	-248.0766	-315.5101	67.43356	1.833177	0.6768962	0.3021643	0.4280977
11880	-251.6035	-320.504	68.90051	1.95728	0.2890226	0.03710448	0.4114844
11886	-241.1747	-310.0035	68.82879	1.904569	0.2890226	0.05817489	0.3751394
11892	-243.4002	-312.1459	68.74576	1.943676	0.316868	0.05817489	0.4133425
11898	-234.4152	-303.0409	68.62565	2.057384	0.3249569	0.05817489	0.4499619
11904	-243.1801	-311.6251	68.445	2.19417	0.3249569	0.05817489	0.3590634
11910	-252.3843	-321.3063	68.92198	2.201605	0.1344864	0.03496279	0.2388157
11916	-256.3058	-324.76	68.45418	2.567694	0.1633703	0.03496279	0.2388157
11922	-251.1542	-320.1539	68.99973	2.039252	0.1633703	0.05805996	0.3208769
11928	-246.3472	-315.8584	69.51123	1.613025	0.1633703	0.05805996	0.4955611
11934	-237.96	-307.1257	69.16563	1.701875	0.2746529	0.04584028	0.4955611
11940	-241.1524	-309.6962	68.54376	1.773604	0.4823001	0.07206605	0.4955611
11946	-242.6697	-311.9898	69.32006	1.939889	0.169104	0.02005835	0.4304632
11952	-243.3901	-313.2066	69.81648	1.964217	0.03760945	0.03231754	0.4592199
11958	-247.477	-316.7556	69.27853	1.807059	0.2254597	0.02508671	0.4592199
11964	-246.4207	-315.7224	69.30165	1.63368	0.2254597	0.04970601	0.6583322
11970	-261.0116	-329.946	68.93444	1.726073	0.2935687	0.07666061	0.5756195
11976	-254.3338	-322.9651	68.63132	1.834178	0.3891271	0.07666061	0.5044692
11982	-264.4786	-333.191	68.71244	1.59721	0.4718376	0.07733681	0.4798814
11988	-262.9864	-332.1809	69.1945	1.656917	0.219451	0.07733681	0.5640895
11994	-252.0212	-321.0301	69.00891	1.598868	0.3272679	0.06781589	0.6285215
12000	-248.867	-317.5499	68.68286	1.909808	0.3790171	0.054568	0.4923274
12006	-254.0636	-323.0928	69.02919	1.627498	0.3315499	0.05934013	0.5795182
12012	-250.1819	-319.2272	69.04528	1.408342	0.2768895	0.08734231	0.8959413
12018	-240.7117	-309.6474	68.93579	1.301656	0.4780119	0.08734231	0.5973169
12024	-241.761	-311.3721	69.61111	1.412457	0.1587281	0.0632796	0.7440973
12030	-239.4413	-308.9596	69.5183	1.189353	0.24649	0.07453564	0.7440973
12036	-239.8991	-308.9163	69.01722	1.38462	0.2965886	0.09355979	0.8695113
12042	-247.0395	-316.4806	69.44115	1.48585	0.1685715	0.09128274	0.6174678
12048	-244.2671	-311.3256	67.05851	1.709654	2.554432	0.02300796	0.7056684
12054	-248.1999	-317.3454	69.14549	1.269923	0.1778944	0.09287641	1.177354
12060	-243.7795	-313.4212	69.6417	1.553909	0.09738092	0.09287641	0.5922265
12066	-240.214	-310.0488	69.83484	1.687843	0.09546596	0.02448105	0.4175519
12072	-245.8447	-315.221	69.37631	1.766999	0.1842138	0.03961259	0.4494199
12078	-253.6751	-323.0009	69.32572	1.955603	0.1635021	0.01584361	0.4460423
12084	-251.9731	-321.9522	69.97906	1.80519	0.04401228	0.01584361	0.4460423
12090	-246.5803	-315.7685	69.18822	1.959879	0.09612799	0.006918801	0.9718295
12096	-242.4325	-312.3979	69.9654	1.762246	0.05544417	0.01710128	0.5644358
12102	-245.1658	-315.2897	70.12384	1.327683	0.0698393	0.02149747	0.8981637
12108	-246.6952	-316.1396	69.44434	1.70974	0.1702157	0.04202184	0.6271619
12114	-244.1261	-313.4937	69.36766	1.589281	0.2422408	0.04202184	0.4246659
12120	-250.8513	-320.9052	70.05389	1.664535	0.041127	0.03641286	0.387328
12126	-241.2656	-311.6652	70.39959	1.274076	0.041127	0.0152017	0.7992563
12132	-239.6779	-309.6219	69.94399	1.582275	0.07093995	0.0152017	0.7992563
12138	-249.0827	-317.607	68.52423	1.834522	0.5293339	0.01535861	0.7755934
12144	-247.1011	-315.4466	68.34543	0.9902003	0.2180679	0.04939896	2.033163
12150	-242.2677	-312.6105	70.34278	1.031811	0.04494016	0.04939896	0.9839048
12156	-241.5889	-311.5511	69.96219	1.62771	0.05464718	0.01393138	0.8139483
12162	-250.3123	-320.22	69.9077	1.822058	0.05464718	0.01408787	0.473144
12168	-245.4477	-314.5861	69.13839	2.311546	0.05464718	0.006762642	0.2644579
12174	-245.9401	-314.2733	68.33321	2.537508	0.1346311	0.04775452	0.173262
12180	-242.7277	-312.3247	69.59707	1.568862	0.1346311	0.04775452	0.7741112
12186	-245.7358	-315.193	69.45719	1.524859	0.2039505	0.02433826	0.8519751
12192	-241.3374	-310.6869	69.34949	1.767354	0.2039505	0.02433826	0.6468695
12198	-244.7583	-314.08	69.32179	1.32762	0.2687651	0.03303534	0.9875269
12204	-241.2776	-310.4702	69.19262	1.693005	0.2687651	0.03303534	0.6905953
12210	-245.6033	-315.2099	69.60653	1.821231	0.1043855	0.009756935	0.6403681
12216	-245.2013	-313.8195	68.61826	2.089024	0.3516653	0.04126807	0.5660203
12222	-243.6585	-313.0722	69.41371	2.04736	0.09576127	0.01065335	0.6741427
12228	-241.7725	-311.1955	69.42304	2.04736	0.09576127	0.01065335	0.3714049
12234	-245.2712	-314.495	69.22383	1.928228	0.1635874	0.03163518	0.3079643
12240	-251.1151	-320.0002	68.88508	2.052648	0.2759265	0.02687371	0.5867708
12246	-239.2982	-308.0677	68.76944	2.271817	0.236392	0.02927372	0.4639012
12252	-243.2912	-312.7056	69.41438	1.663022	0.1768171	0.02927372	0.8154109
12258	-245.6349	-314.5493	68.9144	1.634252	0.3141312	0.06626922	0.7922238
12264	-246.0492	-315.2199	69.17074	1.469645	0.2059341	0.05278904	1.0678
12270	-239.5005	-308.7243	69.22374	1.403578	0.2059341	0.092851	0.8868446
12276	-235.8838	-305.2751	69.39132	1.835942	0.1394686	0.04067513	0.7064325
12282	-240.153	-309.6027	69.44964	1.844384	0.1394686	0.04067513	0.4846592
12288	-240.5751	-310.0558	69.4807	1.519124	0.2633805	0.01774208	0.5220201
12294	-235.1134	-303.9108	68.7974	2.040863	0.3062452	0.03574085	0.5425387
12300	-233.2027	-302.4531	69.25043	1.998364	0.1626685	0.0325256	0.462226
12306	-241.1943	-309.8834	68.68914	1.716917	0.4400103	0.06463191	0.4041034
12312	-244.9756	-314.1695	69.19392	1.909923	0.1942376	0.03990416	0.5836617
12318	-255.0459	-324.7792	69.73333	1.860147	0.06826863	0.03990416	0.458863
12324	-247.2399	-316.8864	69.64643	1.471544	0.1752247	0.02237389	0.7983415
12330	-240.5334	-309.912	69.37858	1.380516	0.1544658	0.01840017	1.231693
12336	-240.3585	-310.4548	70.09631	1.429341	0.08471196	0.02004334	0.7100754
12342	-242.7331	-312.4095	69.67633	0.9869656	0.08471196	0.03398918	1.487663
12348	-246.646	-314.9943	68.34833	1.041594	0.0503755	0.01550289	2.485817
12354	-246.9202	-315.8104	68.89018	1.124754	0.1325962	0.03528093	1.808082
12360	-249.2773	-317.5145	68.23719	1.324142	0.8355432	0.03359552	1.141528
12366	-243.1628	-312.2332	69.07049	1.473562	0.2579892	0.1163646	0.661792
12372	-245.7261	-315.2362	69.51011	1.538382	0.1270851	0.09703912	0.6181714
12378	-246.0022	-315.9331	69.93084	1.452712	0.1017478	0.03964237	0.7001591
12384	-241.518	-311.0955	69.57748	1.747052	0.1380898	0.02053712	0.6807983
12390	-248.4739	-317.8849	69.41105	1.272456	0.3431032	0.02217426	0.7971256
12396	-256.1839	-323.498	67.31417	1.291844	0.5777626	0.09665832	1.888674
12402	-244.19	-313.8602	69.67017	1.346587	0.1613808	0.04893234	0.8383716
12408	-248.7283	-318.1424	69.4141	1.728675	0.1685788	0.04893234	0.573694
12414	-242.5825	-312.155	69.57249	1.31408	0.1685788	0.03191868	1.040594
12420	-251.0705	-319.636	68.56552	0.9592748	0.138852	0.03458964	2.123643
12426	-251.9061	-320.669	68.76295	0.9652071	0.112923	0.03458964	2.055262
12432	-261.4225	-331.2512	69.82871	1.393706	0.08094625	0.02129038	1.078193
12438	-256.5165	-326.5947	70.07817	1.270398	0.08094625	0.03107146	0.9194329
12444	-247.4973	-317.0471	69.54979	1.575291	0.163987	0.03107146	0.7981448
12450	-240.2348	-309.0347	68.79986	1.376283	0.1349603	0.01944264	1.726693
12456	-243.9691	-313.6616	69.69259	1.184639	0.1349603	0.02326297	1.184258
12462	-245.0981	-315.2089	70.1108	1.237936	0.1349603	0.02326297	0.6436293
12468	-245.9333	-314.3933	68.45993	1.705131	0.6462093	0.05180221	0.4701442
12474	-239.8969	-309.4172	69.52033	1.678984	0.1278007	0.06863538	0.5021326
12480	-249.7629	-318.8994	69.13648	2.084239	0.1700817	0.02664807	0.3870513
12486	-256.2512	-325.3328	69.08152	1.713774	0.2218937	0.06897136	0.7527898
12492	-259.4333	-329.3795	69.94616	1.146167	0.0740942	0.04417622	1.140033
12498	-250.8506	-320.7903	69.93969	1.495323	0.0740942	0.05319866	0.7076295
12504	-269.3345	-337.4744	68.13999	0.8720233	0.7679631	0.1652122	1.202813
12510	-258.7781	-325.5092	66.73103	1.395921	1.377703	0.2685013	1.202813
12516	-244.6386	-312.4285	67.78992	1.75862	0.8015317	0.1504571	0.5273436
12522	-248.2752	-316.0699	67.7947	1.863622	0.8015317	0.1137764	0.3889988
12528	-251.3963	-319.6	68.20375	1.762719	0.8015317	0.0491615	0.594914
12534	-250.2453	-317.5029	67.2576	2.155707	1.334918	0.0522811	0.3728814
12540	-253.5087	-320.9117	67.40305	2.13925	1.01201	0.07531285	0.7355574
12546	-247.1208	-316.6947	69.57393	1.608009	0.1750967	0.03858012	0.5207599
12552	-252.1006	-321.1966	69.09606	1.721716	0.3115743	0.03533007	0.5872021
12558	-246.375	-316.1541	69.7791	1.721716	0.09736179	0.02328255	0.6381319
12564	-256.0683	-325.4937	69.42543	1.513933	0.09651306	0.02717512	1.251217
12570	-249.8004	-319.3838	69.5834	1.485683	0.1722983	0.03931442	0.7853768
12576	-238.6477	-307.5052	68.85745	1.762025	0.2682096	0.05501627	0.9065448
12582	-251.9519	-320.9179	68.96593	1.502905	0.2682096	0.05501627	1.06011
12588	-246.3545	-315.441	69.08645	1.515278	0.2682096	0.02685747	1.06011
12594	-252.2257	-321.1	68.8743	1.156181	0.2369775	0.04171617	1.539748
12600	-245.0622	-314.9009	69.83873	1.374182	0.06807742	0.02228028	1.140212
12606	-240.836	-310.1109	69.27493	1.683078	0.1885817	0.02228028	0.937919
12612	-250.1238	-319.5107	69.38685	1.55382	0.1885817	0.07795547	0.5600926
12618	-249.8544	-317.8789	68.02452	1.899923	0.8543599	0.04153323	0.3786376
12624	-242.5199	-311.495	68.97515	1.911999	0.2952326	0.02886473	0.574734
12630	-237.9495	-306.9212	68.97162	1.806413	0.2952326	0.0536711	0.5184372
12636	-248.2627	-317.3991	69.13639	1.744908	0.2952326	0.02873314	0.5965435
12642	-242.5364	-311.6532	69.11676	1.690487	0.2989843	0.03472797	0.6864428
12648	-240.0826	-309.3384	69.25579	1.82783	0.212804	0.03472797	0.5364167
12654	-239.4357	-309.2685	69.83278	1.511499	0.1150938	0.02657085	0.7659324
12660	-242.1495	-312.2357	70.08612	1.638986	0.0342448	0.007354356	0.5782774
12666	-245.2581	-315.5357	70.2776	1.531247	0.01625244	0.0115871	0.6797908
12672	-244.2274	-313.7241	69.49671	1.408849	0.1696585	0.09432875	0.6290026
12678	-254.5451	-323.672	69.12688	1.518469	0.2541473	0.09432875	0.6620535
12684	-255.6607	-325.2031	69.54239	1.572114	0.1977946	0.02829152	0.6620535
12690	-251.8968	-321.0727	69.17594	1.210083	0.21915	0.03180309	1.340741
12696	-242.2875	-310.7934	68.50589	1.445039	0.4910522	0.1406912	0.7054924
12702	-246.4998	-316.4364	69.93661	1.4701	0.1171268	0.01964173	0.6781773
12708	-241.6503	-311.1966	69.54627	1.875531	0.1260971	0.01964173	0.4726573
12714	-240.9451	-311.1469	70.20177	1.573856	0.04696186	0.02013539	0.4717023
12720	-240.0404	-309.8017	69.76127	2.001647	0.04453636	0.01991723	0.3930939
12726	-246.7331	-316.6752	69.94206	1.82996	0.02150514	0.01124166	0.3218549
12732	-246.8092	-316.3028	69.49363	2.108242	0.07829801	0.0164586	0.4020677
12738	-243.1213	-312.2324	69.11112	2.167283	0.1479821	0.02077722	0.3426693
12744	-238.5089	-308.1088	69.59992	1.816117	0.122249	0.02077722	0.4049088
12750	-254.3496	-323.7002	69.35055	2.052762	0.1029138	0.02077722	0.2995003
12756	-255.2062	-324.4778	69.27162	2.332819	0.07920145	0.02077722	0.4188071
12762	-241.3517	-311.3238	69.97213	1.737319	0.05942644	0.02077722	0.5497259
12768	-234.474	-304.2788	69.80471	1.537571	0.1324723	0.01595393	0.6850341
12774	-242.7819	-312.5299	69.74799	1.067671	0.1324723	0.02729822	1.233753
12780	-255.2085	-324.5115	69.30297	0.8342947	0.1361491	0.04703626	1.672673
12786	-253.9795	-322.2464	68.26691	1.089016	0.3717526	0.1026422	1.594386
12792	-247.3291	-315.6258	68.29665	0.96975	0.3577926	0.06425334	1.801819
12798	-248.0059	-316.7355	68.72959	0.7974536	0.3577926	0.0626074	1.623382
12804	-250.4429	-318.5825	68.13964	1.030553	0.3577926	0.06662266	1.860065
12810	-244.81	-313.0015	68.19155	0.6783376	0.1665418	0.06662266	2.381294
12816	-235.6881	-305.1843	69.49613	1.425725	0.1331573	0.02898555	1.134014
12822	-235.5504	-305.7602	70.20974	1.234166	0.08230164	0.03488567	0.7742236
12828	-233.4598	-303.0661	69.60625	1.35965	0.2214285	0.03488567	0.7506546
12834	-232.7554	-302.5487	69.79336	1.526337	0.1217683	0.02889604	0.7506546
12840	-243.2144	-312.9676	69.75318	1.439714	0.1217683	0.06383975	0.6807031
12846	-241.7744	-311.7199	69.94546	1.287118	0.08560609	0.06383975	0.8441274
12852	-244.4647	-314.7016	70.23696	1.287118	0.06970893	0.01829153	0.8155593
12858	-245.6289	-315.3714	69.74255	1.72209	0.06970893	0.00853542	0.7978932
12864	-246.7273	-316.8553	70.12791	1.267649	0.06361944	0.01716201	0.9924589
12870	-237.9888	-307.9842	69.99545	1.643492	0.06361944	0.01716201	0.686434
12876	-240.8474	-310.4894	69.64197	1.902455	0.06361944	0.009695156	0.7587342
12882	-248.689	-318.406	69.71699	1.590124	0.08714414	0.02668966	0.9522502
12888	-240.5149	-309.9963	69.48142	1.683861	0.1236309	0.02354433	0.9522502
12894	-247.0422	-316.9774	69.93523	1.571082	0.09192678	0.02473689	0.6680001
12900	-246.9072	-316.8516	69.94435	1.352797	0.07305252	0.05480183	0.8892306
12906	-239.0769	-309.0426	69.9657	1.117642	0.07305252	0.04927294	1.129647
12912	-244.576	-314.0341	69.45804	0.7981797	0.1552689	0.04434857	1.546756
12918	-244.1561	-314.5258	70.36972	1.086566	0.04403516	0.02172066	1.02594
12924	-238.0149	-307.8534	69.83847	1.402851	0.1102331	0.02116428	0.9334545
12930	-235.2198	-304.4483	69.2285	1.522577	0.2311112	0.05771412	0.8509198
12936	-232.2251	-301.5042	69.27919	1.926993	0.1819615	0.02709457	0.4520712
12942	-233.2417	-302.4058	69.16411	1.926993	0.213288	0.03306263	0.5251072
12948	-238.4207	-307.283	68.86223	2.037723	0.213288	0.05827971	0.337025
12954	-245.599	-313.8401	68.24109	2.433431	0.213288	0.05269848	0.1981773
12960	-243.0656	-309.8262	66.76057	3.019051	0.7172633	0.02868588	0.1741566
12966	-235.1454	-303.0742	67.92883	2.796847	0.2092864	0.02868588	0.1758534
12972	-242.9679	-310.8768	67.90898	2.564179	0.2092864	0.04276012	0.1340504
12978	-247.131	-314.4484	67.31738	2.312175	0.6595671	0.1063911	0.2175494
12984	-246.1769	-314.8723	68.69538	1.764005	0.2535359	0.1485836	0.6037167
12990	-246.7941	-316.3225	69.52835	1.541393	0.1490212	0.06937159	0.6722515
12996	-237.3539	-306.5364	69.18254	1.424015	0.1890129	0.06863771	1.074079
